AaumSal;CodPais;char;0;3
AaumSal;Dealer;int;0;4
AaumSal;Empleado;int;0;4
AaumSal;TipoAumento;char;0;2
AaumSal;Autorizacion;bit;0;1
AaumSal;SalarioAnterior;float;0;8
AaumSal;NuevoSalario;float;0;8
AaumSal;Fecha;datetime;0;8
AaumSal;Aplicado;bit;0;1
AbonoCuenta;CodPais;char;0;3
AbonoCuenta;Dealer;int;0;4
AbonoCuenta;Tda;char;0;7
AbonoCuenta;SerieDoc;char;0;10
AbonoCuenta;TipoDoc;char;0;2
AbonoCuenta;DocNo;int;0;4
AbonoCuenta;Fecha;datetime;0;8
AbonoCuenta;Valor;decimal;0;9
AbonoCuenta;ReciboCaja;char;0;15
AbonoCuenta;FormaPago;char;0;2
AbonoCuenta;ClienteNo;char;0;12
AbonoCuenta;Concepto;varchar;0;-1
AbonoCuenta;Vendedor;char;0;7
AbonoCuenta;Liquidacion;int;0;4
AbonoCuenta;Usuario;char;0;10
AbonoCuenta;Cajero;char;0;7
AbonoCuenta;Banco;char;0;30
AbonoCuenta;NoCuentaBanco;char;0;25
AbonoCuenta;NoCheque;char;0;10
AbonoCuenta;TipoCheque;smallint;0;2
AbonoCuenta;Origen;char;0;30
AbonoCuenta;FechaCobroPostfechado;datetime;0;8
AbonoCuenta;ReciboIngreso;int;0;4
AbonoCuenta;Cobrador;char;0;7
AbonoCuenta;CorrID;int;0;4
AbonoCuenta;Sucursal;char;0;7
AbonoCuenta;TdaDoc;char;1;7
AbonoCuenta;FechaCheque;datetime;1;8
AbonoCuenta;PaisTransferencia;nchar;1;30
AbonoCuenta;Impresa;bit;1;1
AbonoCuenta;NombreRecpChq;char;1;30
AbonoCuenta;SerieCheque;char;1;15
AbonoCuenta;Referencia;char;1;20
AbonoCuenta;ChqRec;int;0;4
AbonoCuenta;idAbono;int;0;4
AbonoImportacion;CodPais;char;0;3
AbonoImportacion;Dealer;int;0;4
AbonoImportacion;Tda;char;0;7
AbonoImportacion;ImportacionNo;int;0;4
AbonoImportacion;id;int;0;4
AbonoImportacion;Proveedor;char;0;10
AbonoImportacion;FacturaNo;char;0;10
AbonoImportacion;Documento;char;0;1
AbonoImportacion;Fecha;datetime;0;8
AbonoImportacion;Valor;decimal;0;9
AbonoImportacion;Concepto;char;0;60
AbonoImportacion;Cheque;char;0;10
AbonoImportacion;Partida;char;1;7
AbonoImportacion;Cta;char;0;15
AbonoImportacion;Serie;char;0;10
AbonoImportacion;ChequeNo;int;0;4
AbonoProveedor;CodPais;char;0;3
AbonoProveedor;Dealer;int;0;4
AbonoProveedor;Tda;char;0;7
AbonoProveedor;Proveedor;char;0;14
AbonoProveedor;SerieDoc;varchar;0;50
AbonoProveedor;TipoDoc;char;0;1
AbonoProveedor;DocNo;varchar;0;50
AbonoProveedor;Fecha;datetime;0;8
AbonoProveedor;Valor;float;0;8
AbonoProveedor;Partida;char;0;7
AbonoProveedor;Cheque;char;0;15
AbonoProveedor;Concepto;char;0;60
AbonoProveedor;Cta;char;0;15
AbonoProveedor;SerieChq;char;0;5
AbonoProveedor;ChequeNo;int;0;4
AbonoProveedor;FormaPago;char;0;2
AbonoProveedor;Usuario;char;0;20
AccionPersonal;CodPais;char;0;3
AccionPersonal;Dealer;smallint;0;2
AccionPersonal;Empleado;int;0;4
AccionPersonal;Fecha;datetime;0;8
AccionPersonal;Tipo;smallint;0;2
AccionPersonal;FechaInicio;datetime;0;8
AccionPersonal;FechaFin;datetime;0;8
AccionPersonal;FechaApl;datetime;0;8
AccionPersonal;HoraApl;char;0;6
AccionPersonal;Usuario;char;0;20
AccionPersonal;Valor;float;0;8
AccionPersonal;SolicitadoPor;char;0;50
AccionPersonal;ValidadoPor;char;0;50
AccionPersonal;Aplicado;bit;0;1
AccionPersonal;PlanillaNo;int;0;4
AccionPersonal;Descripcion;varchar;0;100
ActividadEconomica;CodPais;char;0;3
ActividadEconomica;Codigo;int;0;4
ActividadEconomica;Descripcion;char;0;150
ActivoFijo;CodPais;char;0;3
ActivoFijo;Dealer;int;0;4
ActivoFijo;Codigo;char;0;15
ActivoFijo;Descripcion;char;0;100
ActivoFijo;TipoActivo;char;0;30
ActivoFijo;Ubicacion;smallint;0;2
ActivoFijo;Porcentaje;real;0;4
ActivoFijo;Fecha;datetime;0;8
ActivoFijo;ValorOriginal;float;0;8
ActivoFijo;DepAcumulada;float;0;8
ActivoFijo;Revaluo;float;0;8
ActivoFijo;Saldo;float;0;8
ActivoFijo;Residual;float;0;8
ActivoFijo;Estado;char;0;1
ActivoFijo;Cantidad;float;0;8
ActivoFijo;CuentaDepreciacion;char;0;15
ActivoFijo;CuentaGasto;char;0;15
ActivoFijo;Clase;char;0;1
ActivoFijo;Proveedor;char;0;10
ActivoFijo;Documento;char;0;15
ActivoFijo;InicioDepreciacion;datetime;0;8
ActivSoc;CodPais;char;0;3
ActivSoc;Dealer;int;0;4
ActivSoc;Codigo;int;0;4
ActivSoc;Fecha;datetime;0;8
ActivSoc;Descripcion;char;0;35
ActPrecioAv;CodPais;char;0;3
ActPrecioAv;Dealer;int;0;4
ActPrecioAv;TipoCliente;smallint;0;2
ActPrecioAv;Sublinea;char;0;3
ActPrecioAv;Factor;int;0;4
ActPrecioAv;TipoUnidad;char;0;2
ActPrecioAv;Cantidad;int;0;4
ActPrecioAv;Vigente;date;0;3
ActPrecioAv;Reclasifica;smallint;0;2
ActPrecioAv;Actualizar;bit;0;1
ActPrecioAv;Activo;bit;0;1
AdicionalDespacho;Codpais;char;0;3
AdicionalDespacho;Dealer;smallint;0;2
AdicionalDespacho;DespachoNo;int;0;4
AdicionalDespacho;CodigoItem;char;0;20
AdicionalDespacho;Cantidad;decimal;0;9
AdicionalDespacho;PesoBruto;decimal;0;9
AExcel;Usuario;char;0;10
AExcel;Identidad;int;0;4
AExcel;A;char;0;50
AExcel;B;char;1;50
AExcel;C;char;1;50
AExcel;D;char;1;50
AExcel;E;char;1;50
AExcel;F;char;1;50
AExcel;G;char;1;50
AExcel;H;char;1;50
AExcel;I;char;1;50
AExcel;J;char;1;50
AExcel;K;char;1;50
AExcel;L;char;1;50
AExcel;M;char;1;50
AExcel;N;char;1;50
AExcel;O;char;1;50
AExcel;P;char;1;50
AExcel;Q;char;1;50
AExcel;R;char;1;50
AExcel;S;char;1;50
AExcel;T;char;1;50
AExcel;U;char;1;50
AExcel;V;char;1;50
AExcel;W;char;1;50
AExcel;X;char;1;50
AExcel;Y;char;1;50
AExcel;Z;char;1;50
AExcel;AA;char;1;50
AExcel;AB;char;1;50
AExcel;AC;char;1;50
AExcel;AD;char;1;50
AExcel;AE;char;1;50
AExcel;AF;char;1;50
AExcel;AG;char;1;50
AExcel;AH;char;1;50
AExcel;AI;char;1;50
AExcel;AJ;char;1;50
AExcel;AK;char;1;50
AExcel;AL;char;1;50
AExcel;AM;char;1;50
AExcel;AN;char;1;50
AExcel;AO;char;1;50
AExcel;AP;char;1;50
AExcel;AQ;char;1;50
AExcel;AR;char;1;50
AExcel;AS1;char;1;50
AExcel;AT;char;1;50
AExcel;AU;char;1;50
AExcel;AV;char;1;50
AExcel;AW;char;1;50
AExcel;AX;char;1;50
AExcel;AY;char;1;50
AExcel;AZ;char;1;50
AExcel;BA;char;1;50
AExcel;BB;char;1;50
AExcel;BC;char;1;50
AExcel;BD;char;1;50
AExcel;BE;char;1;50
AExcel;BF;char;1;50
AExcel;BG;char;1;50
AExcel;BH;char;1;50
AExcel;BI;char;1;50
AExcel;BJ;char;1;50
AExcel;BK;char;1;50
AExcel;BL;char;1;50
AExcel;BM;char;1;50
AExcel;BN;char;1;50
AExcelLibros;Usuario;char;0;10
AExcelLibros;Identidad;int;0;4
AExcelLibros;A;char;0;50
AExcelLibros;B;char;1;50
AExcelLibros;C;char;1;50
AExcelLibros;D;char;1;50
AExcelLibros;E;char;1;50
AExcelLibros;F;char;1;50
AExcelLibros;G;char;1;50
AExcelLibros;H;char;1;50
AExcelLibros;I;char;1;50
AExcelLibros;J;char;1;50
AExcelLibros;K;char;1;50
AExcelLibros;L;char;1;50
AExcelLibros;M;char;1;50
AExcelLibros;N;char;1;50
AExcelLibros;O;char;1;50
AExcelLibros;P;char;1;50
AExcelLibros;Q;char;1;50
AExcelLibros;R;char;1;50
AExcelLibros;S;char;1;50
AExcelLibros;T;char;1;50
AExcelLibros;U;char;1;50
AExcelLibros;V;char;1;50
AExcelLibros;W;char;1;50
AExcelLibros;X;char;1;50
AExcelLibros;Y;char;1;50
AExcelLibros;Z;char;1;50
AExcelLibros;AA;char;1;50
AExcelLibros;AB;char;1;50
AExcelLibros;AC;char;1;50
AExcelLibros;AD;char;1;50
AExcelLibros;AE;char;1;50
AExcelLibros;AF;char;1;50
AExcelLibros;AG;char;1;50
AExcelLibros;AH;char;1;50
AExcelLibros;AI;char;1;50
AExcelLibros;AJ;char;1;50
AExcelLibros;AK;char;1;50
AExcelLibros;AL;char;1;50
AExcelLibros;AM;char;1;50
AExcelLibros;AN;char;1;50
AExcelLibros;AO;char;1;50
AExcelLibros;AP;char;1;50
AExcelLibros;AQ;char;1;50
AExcelLibros;AR;char;1;50
AExcelLibros;AS1;char;1;50
AExcelLibros;AT;char;1;50
AExcelLibros;AU;char;1;50
AExcelLibros;AV;char;1;50
AExcelLibros;AW;char;1;50
AExcelLibros;AX;char;1;50
AExcelLibros;AY;char;1;50
AExcelLibros;AZ;char;1;50
AExcelLibros;BA;char;1;50
AExcelLibros;BB;char;1;50
AExcelLibros;BC;char;1;50
AExcelLibros;BD;char;1;50
AExcelLibros;BE;char;1;50
AExcelLibros;BF;char;1;50
AExcelLibros;BG;char;1;50
AExcelLibros;BH;char;1;50
AExcelLibros;BI;char;1;50
AExcelLibros;BJ;char;1;50
AExcelLibros;BK;char;1;50
AExcelLibros;BL;char;1;50
AExcelLibros;BM;char;1;50
AExcelLibros;BN;char;1;50
AfiliacionIVA;CodPais;char;0;3
AfiliacionIVA;Codigo;char;0;10
AfiliacionIVA;Descripcion;char;0;60
Afiliado;CodPais;char;0;3
Afiliado;Dealer;int;0;4
Afiliado;Empleado;char;0;16
Afiliado;Afiliado;char;0;12
Afiliado;Ap1Afiliado;char;0;20
Afiliado;Ap2Afiliado;char;0;20
Afiliado;ApcAfiliado;char;0;20
Afiliado;No1Afiliado;char;0;20
Afiliado;No2Afiliado;char;0;20
Afiliado;EstadoAfiliado;char;0;1
Afiliado;CodigoDocumentoIde;char;0;3
Afiliado;NdiAfiliado;char;0;20
Afiliado;TipoAfiliado;char;0;1
Afiliado;CodigoAdministrador;char;0;10
Afiliado;EntAfiliado;datetime;0;8
Afiliado;SalAfiliado;datetime;0;8
Afiliado;MotAfiliado;char;0;1
Afiliado;TvaAfiliado;char;0;1
Afiliado;TveAfiliado;char;0;1
Afiliado;CvaAfiliado;float;0;8
Afiliado;CveAfiliado;float;0;8
Afiliado;PvaAfiliado;smallint;0;2
Afiliado;PveAfiliado;smallint;0;2
Afiliado;SueAfiliado;float;0;8
Afiliado;DiaAfiliado;smallint;0;2
Afiliado;HoraAfiliado;smallint;0;2
Afiliado;CoeAfiliado;char;0;1
Afiliado;Codigo;char;0;4
AFP;CodPais;char;0;3
AFP;Dealer;int;0;4
AFP;Codigo;smallint;0;2
AFP;Nombre;char;1;30
AFP;PorcentajeLaboral;real;1;4
AFP;PorcentajePatronal;real;1;4
AFP;CuentaContable;char;1;15
AFP;CodigoSuperior;char;1;4
AFP;TopeMaximo;decimal;1;9
AFP;CodigoProveedor;char;1;10
AfpEdicion;CodPais;char;0;3
AfpEdicion;Dealer;int;0;4
AfpEdicion;NumPatronal;char;0;9
AfpEdicion;Periodo;char;0;6
AfpEdicion;CentroTrabajo;char;0;3
AfpEdicion;Empleado;int;0;4
AfpEdicion;NoAfiliacion;char;0;25
AfpEdicion;Nombre;char;0;75
AfpEdicion;Salario;float;0;8
AfpEdicion;PagoAdicional;float;0;8
AfpEdicion;MontoVacacion;float;0;8
AfpEdicion;Dias;smallint;0;2
AfpEdicion;Horas;smallint;0;2
AfpEdicion;DiasVacacion;smallint;0;2
AfpEdicion;CodAfp;char;0;10
AfpEdicion;Pag;int;0;4
AfpEdicion;Identidad;int;0;4
AfpEdicion;FechaRetiro;datetime;0;8
Agenda;CodPais;char;0;3
Agenda;Dealer;smallint;0;2
Agenda;Fecha;datetime;0;8
Agenda;Vendedor;char;0;7
Agenda;Hora_Inicial;char;0;6
Agenda;Hora_Final;char;0;6
Agenda;Dia;smallint;0;2
Agenda;SDA;smallint;0;2
Agenda;Año;smallint;0;2
Agenda;Objetivo;char;0;200
Agenda;Realizado;bit;0;1
Agenda;Objetivo_Cumplido;char;0;2
Agenda;Cliente;char;0;10
Agenda;ProspectoNo;char;0;10
Agenda;Comentario;char;0;200
Agenda;Reprogramado;bit;0;1
Agenda;Reprogramado_para_Fecha;datetime;0;8
Agenda;Reprogramado_para_Hora_Inicial;char;0;6
Agenda;Visita;bit;0;1
Agenda;Llamada;bit;0;1
Agenda;Diagnostico;bit;0;1
Agenda;Oferta;bit;0;1
Agenda;Contraoferta;bit;0;1
Agenda;Seguimiento;bit;0;1
Agenda;Interes;char;0;10
Agenda;Sistema;bit;0;1
Agenda;TiempoUso;smallint;0;2
Agenda;Valuacion;char;0;10
Agenda;Creador;char;0;20
Agenda;Creado;date;0;3
Agenda;Modificador;char;0;20
Agenda;Modificado;date;0;3
Agenda;TdaCotizacion;char;0;7
Agenda;TipoDoc;char;0;2
Agenda;CotizacionNo;int;0;4
AgrupacionCuenta;CodPais;char;0;3
AgrupacionCuenta;Dealer;smallint;0;2
AgrupacionCuenta;Grupo;smallint;0;2
AgrupacionCuenta;Descripcion;char;0;40
AgrupacionCuenta;CuentaContable;char;0;15
AgrupacionPlaca;CodPais;char;0;3
AgrupacionPlaca;Dealer;smallint;0;2
AgrupacionPlaca;Grupo;smallint;0;2
AgrupacionPlaca;CCosto;smallint;0;2
AgrupacionPlaca;Descripcion;char;0;40
Aguinaldo;CodPais;char;0;3
Aguinaldo;Dealer;int;0;4
Aguinaldo;DesdeAnyo;real;0;4
Aguinaldo;HastaAnyo;real;0;4
Aguinaldo;Porcentaje;real;0;4
Aguinaldo;Dias;smallint;0;2
AjusteLote;Codpais;char;0;3
AjusteLote;Dealer;smallint;0;2
AjusteLote;Lote;char;0;18
AjusteLote;Codigo;char;0;15
AjusteLote;Bodega;char;0;4
AjusteLote;Vapor;char;0;25
AjusteLote;IngresoEgreso;char;0;1
AjusteLote;Fecha;datetime;0;8
AjusteLote;Justificante;char;0;60
AjusteLote;Cantidad;float;0;8
ALUMNOS;CodPais;char;0;3
ALUMNOS;Dealer;int;0;4
ALUMNOS;Nombre;char;0;100
ALUMNOS;Codigo;char;0;13
ALUMNOS;Fecha_Nacimiento;datetime;0;8
ALUMNOS;Direccion;char;0;250
ALUMNOS;Estatus;bit;0;1
ALUMNOS;Sexo;smallint;0;2
ALUMNOS;Foto;char;0;250
ALUMNOS;CodUltimoNivel;smallint;0;2
ALUMNOS;CodUltimoGrado;smallint;0;2
ALUMNOS;Telefono;char;0;11
ALUMNOS;UltimaInstitucion;char;0;150
ALUMNOS;Fecha_Creacion;datetime;0;8
ALUMNOS;Usuario_Creador;char;0;15
AnexoCompra;Fecha;char;1;10
AnexoCompra;Clase;int;1;4
AnexoCompra;TipoDoc;char;1;2
AnexoCompra;FacturaNo;varchar;1;50
AnexoCompra;NIT;varchar;1;20
AnexoCompra;Nombre;varchar;1;150
AnexoCompra;Exentas;decimal;1;9
AnexoCompra;IntExentas;decimal;1;9
AnexoCompra;ImpExentas;decimal;1;9
AnexoCompra;Gravadas;decimal;1;9
AnexoCompra;IntGravadas;decimal;1;9
AnexoCompra;ImpGravBienes;decimal;1;9
AnexoCompra;ImpGravServicio;decimal;1;9
AnexoCompra;CreditoFiscal;decimal;1;9
AnexoCompra;Total;decimal;1;9
AnexoCompra;DUI;varchar;1;9
AnexoCompra;TipoOperacion;smallint;1;2
AnexoCompra;Clasificacion;smallint;1;2
AnexoCompra;Sector;smallint;1;2
AnexoCompra;TipoCosto;smallint;1;2
AnexoCompra;Anexo;int;0;4
AnexoCompra;Usuario;char;1;20
AnexoCompra;ID;bigint;0;8
AnexoConsumidorFinal;Fecha;char;1;10
AnexoConsumidorFinal;ClaseDocumento;int;1;4
AnexoConsumidorFinal;TipoDocumento;char;1;2
AnexoConsumidorFinal;ResolucionNo;varchar;1;50
AnexoConsumidorFinal;Serie;varchar;1;50
AnexoConsumidorFinal;DesdeDocNo;varchar;1;38
AnexoConsumidorFinal;HastaDocNo;varchar;1;38
AnexoConsumidorFinal;DesdeDocInterno;varchar;1;38
AnexoConsumidorFinal;HastaDocInterno;varchar;1;38
AnexoConsumidorFinal;CajaRegistradora;varchar;1;14
AnexoConsumidorFinal;Exentas;decimal;1;9
AnexoConsumidorFinal;VtaIntExentas;decimal;1;9
AnexoConsumidorFinal;NoSujeta;decimal;1;9
AnexoConsumidorFinal;Gravadas;decimal;1;9
AnexoConsumidorFinal;ExpDentroCA;decimal;1;9
AnexoConsumidorFinal;ExpFueraCA;decimal;1;9
AnexoConsumidorFinal;ExpServicio;decimal;1;9
AnexoConsumidorFinal;VtaZonaFranca;decimal;1;9
AnexoConsumidorFinal;VtaTercero;decimal;1;9
AnexoConsumidorFinal;Total;decimal;1;9
AnexoConsumidorFinal;TipoOperacion;char;1;2
AnexoConsumidorFinal;TipoIngreso;char;1;2
AnexoConsumidorFinal;Anexo;int;0;4
AnexoConsumidorFinal;Usuario;char;1;20
AnexoConsumidorFinal;ID;bigint;0;8
AnexoContribuyente;Fecha;char;1;10
AnexoContribuyente;ClaseDocumento;int;1;4
AnexoContribuyente;TipoDocumento;char;1;2
AnexoContribuyente;ResolucionNo;varchar;1;50
AnexoContribuyente;Serie;varchar;1;50
AnexoContribuyente;DocNo;varchar;1;38
AnexoContribuyente;DocInterno;varchar;1;38
AnexoContribuyente;NIT;varchar;1;20
AnexoContribuyente;Nombre;varchar;1;150
AnexoContribuyente;Exentas;decimal;1;9
AnexoContribuyente;NoSujeta;decimal;1;9
AnexoContribuyente;Gravadas;decimal;1;9
AnexoContribuyente;IVA;decimal;1;9
AnexoContribuyente;VtaTercero;decimal;1;9
AnexoContribuyente;IVATercero;decimal;1;9
AnexoContribuyente;Total;decimal;1;9
AnexoContribuyente;DUI;varchar;1;9
AnexoContribuyente;TipoOperacion;char;1;2
AnexoContribuyente;TipoIngreso;char;1;2
AnexoContribuyente;Anexo;int;0;4
AnexoContribuyente;Usuario;char;1;20
AnexoContribuyente;ID;bigint;0;8
AnexoLista;CodPais;char;0;3
AnexoLista;TipoAnexo;smallint;0;2
AnexoLista;Campo;char;0;2
AnexoLista;Titulo;char;1;20
AnexoLista;No;smallint;0;2
AnexoLista;Descripcion;varchar;1;75
AniosElectivos;CodPais;char;0;3
AniosElectivos;Dealer;int;0;4
AniosElectivos;Codigo;smallint;0;2
AniosElectivos;Anio;smallint;0;2
AniosElectivos;FechaI;datetime;0;8
AniosElectivos;FechaF;datetime;0;8
AniosElectivos;Cerrado;bit;0;1
AniosElectivos;DiaLimitePago;smallint;1;2
Anticipo;CodPais;char;0;3
Anticipo;Dealer;int;0;4
Anticipo;Codigo;int;0;4
Anticipo;Fecha;datetime;0;8
Anticipo;Valor;float;0;8
Anticipo;CargoAbono;char;0;1
Anticipo;Transaccion;char;0;5
AnticipoCafe;CodPais;char;0;3
AnticipoCafe;Dealer;smallint;0;2
AnticipoCafe;idCosecha;int;0;4
AnticipoCafe;idAnticipoCafe;int;0;4
AnticipoCafe;Fecha;date;0;3
AnticipoCafe;Valor;float;0;8
AnticipoCafe;TipoAnticipo;int;0;4
AnticipoCafe;Cajero;char;0;7
AnticipoCafe;CuentaBanco;char;0;15
AnticipoCafe;ChqNo;int;0;4
AnticipoCafe;Proveedor;char;0;14
AnticipoCafe;Nombre;char;0;75
AnticipoCafe;Interes;decimal;0;5
AnticipoCafe;Observacion;varchar;0;255
AnticipoCafe;IdContratoCafe;int;0;4
AnticipoCafe;Pagado;bit;0;1
AnticipoCafe;Liquidado;bit;0;1
AnticipoCafe;FechaInteres;datetime;0;8
AnticipoImp;CodPais;char;0;3
AnticipoImp;Dealer;int;0;4
AnticipoImp;Tipo;smallint;0;2
AnticipoImp;Cuenta;char;0;15
AnticipoImp;Fecha;datetime;0;8
AnticipoImp;Serie;char;0;10
AnticipoImp;Cheque;int;0;4
AnticipoImp;Proveedor;char;0;14
AnticipoImp;Documento;char;0;20
AnticipoImp;ValorTotal;float;0;8
AnticipoImp;TipoCambio;float;0;8
AnticipoVenta;CodPais;char;0;3
AnticipoVenta;Dealer;int;0;4
AnticipoVenta;Tda;char;0;7
AnticipoVenta;IdAnticipo;int;0;4
AnticipoVenta;ClienteNo;char;0;10
AnticipoVenta;Fecha;datetime;0;8
AnticipoVenta;TipoPedido;char;0;2
AnticipoVenta;PedidoNo;int;0;4
AnticipoVenta;SerieDoc;char;0;10
AnticipoVenta;TipoDoc;char;0;2
AnticipoVenta;DocNo;int;0;4
AnticipoVenta;Valor;float;0;8
AnticipoVenta;Comentario;varchar;0;-1
AnticipoVenta;Estatus;char;0;2
AnticipoVenta;Recargo;decimal;0;9
AnticipoVenta;Cajero;char;0;7
AnulacionChqs;CodPais;char;0;3
AnulacionChqs;Dealer;int;0;4
AnulacionChqs;Tda;char;0;7
AnulacionChqs;Cuenta;char;0;15
AnulacionChqs;Serie;char;0;10
AnulacionChqs;ChequeNo;int;0;4
AnulacionChqs;Fecha;datetime;0;8
AnulacionChqs;Partida;char;0;7
AnulacionChqs;Nombre;char;0;200
AnulacionChqs;Valor;float;0;8
AnulacionChqs;Concepto;char;0;300
AnulacionChqs;CargoCuenta;char;0;15
AnulacionChqs;Estatus;smallint;0;2
AnulacionChqs;AnuladoPor;char;0;20
AnulacionChqs;Rubro;smallint;0;2
AnulacionChqs;Proveedor;char;0;14
AnulacionChqs;OrdenCompra;int;1;4
AnulacionChqs;MarcaAnticipo;bit;1;1
AnulacionFactura;CodPais;char;0;3
AnulacionFactura;Dealer;int;0;4
AnulacionFactura;Tda;char;0;7
AnulacionFactura;Serie;char;0;10
AnulacionFactura;TipoDoc;char;0;2
AnulacionFactura;DocNo;int;0;4
AnulacionFactura;Concepto;varchar;0;-1
AnulacionFactura;Fecha;datetime;0;8
AnulacionFactura;Hora;char;0;6
AnulacionFactura;Usuario;char;0;10
AnulacionFactura;Declarada;bit;0;1
AnulacionFactura;FechaDocOriginal;datetime;0;8
AnulacionFactura;Gravadas;float;0;8
AnulacionFactura;IVA;float;0;8
AnulacionFactura;Exentas;float;0;8
AnulacionFactura;Exportaciones;float;0;8
AnulacionFactura;Total;float;0;8
AnulacionFactura;Bodega;char;0;7
AnulacionFactura;CodigoGeneracion;char;0;50
AnulacionFactura;TipoAnulacion;int;0;4
AnulacionFactura;RTipoDoc;char;0;2
AnulacionFactura;RSerie;char;0;20
AnulacionFactura;RDocNo;int;0;4
AnulacionFactura;TipoDocRes;char;0;2
AnulacionFactura;NombreRes;varchar;0;150
AnulacionFactura;NumDocRes;varchar;0;20
AnulacionFactura;TipoDocSol;char;0;2
AnulacionFactura;NombreSol;varchar;0;150
AnulacionFactura;NumDocSol;varchar;0;20
AnulaReciboCafe;CodPais;char;0;3
AnulaReciboCafe;Dealer;smallint;0;2
AnulaReciboCafe;idCosecha;int;0;4
AnulaReciboCafe;idReciboCafe;int;0;4
AnulaReciboCafe;Usuario;char;0;10
AnulaReciboCafe;Justificacion;char;0;250
AnulaReciboCafe;Fecha;datetime;0;8
AnulaReciboCafe;Hora;char;0;6
Aprobacion;CodPais;char;0;3
Aprobacion;Dealer;int;0;4
Aprobacion;Tda;char;0;7
Aprobacion;Tipo;char;0;2
Aprobacion;Correlativo;int;0;4
Aprobacion;LineaNo;smallint;0;2
Aprobacion;Motivo;char;0;100
Aprobacion;Usuario;char;0;30
Aprobacion;ProveedorAsignado;smallint;0;2
Aprobacion;Cantidad;float;0;8
Aprobacion;Precio;float;0;8
AprobadorPrecio;CodPais;char;0;3
AprobadorPrecio;Dealer;smallint;0;2
AprobadorPrecio;Usuario;char;0;8
AprobadorPrecio;Nombre;char;0;40
AprobadorPrecio;Correo;varchar;0;60
AprobadorPrecio;Activo;bit;1;1
Arancel;CodPais;char;0;3
Arancel;Dealer;int;0;4
Arancel;Codigo;char;0;15
Arancel;Descripcion;char;0;50
Arancel;Porcentaje;decimal;0;9
archivoFelDetalle;LineaNo;int;0;4
archivoFelDetalle;LineaSAT;int;0;4
archivoFelDetalle;Tipo;varchar;0;1
archivoFelDetalle;Cantidad;decimal;0;9
archivoFelDetalle;Presentacion;varchar;1;3
archivoFelDetalle;Descripcion;varchar;1;372
archivoFelDetalle;PrecioUnitario;decimal;0;9
archivoFelDetalle;Importe;decimal;0;9
archivoFelDetalle;Descuento;decimal;1;9
archivoFelEncabezado;Moneda;char;1;25
archivoFelEncabezado;Emision;char;1;50
archivoFelEncabezado;Tipo;char;1;4
archivoFelEncabezado;AfiliacionIVA;char;1;10
archivoFelEncabezado;EstablecimientoNo;char;1;5
archivoFelEncabezado;CorreoEmisor;char;1;75
archivoFelEncabezado;NITEmisor;char;1;20
archivoFelEncabezado;NombreComercial;char;1;150
archivoFelEncabezado;NombreEmisor;char;1;150
archivoFelEncabezado;DireccionEmisor;char;1;75
archivoFelEncabezado;CodigoPostalEmisor;char;1;10
archivoFelEncabezado;DepartamentoEmisor;char;1;25
archivoFelEncabezado;MunicipioEmisor;char;1;75
archivoFelEncabezado;PaisEmisor;char;1;2
archivoFelEncabezado;ClienteNo;char;1;10
archivoFelEncabezado;NombreReceptor;char;1;100
archivoFelEncabezado;DireccionReceptor;char;1;100
archivoFelEncabezado;NITReceptor;char;1;20
archivoFelEncabezado;DUIReceptor;char;1;14
archivoFelEncabezado;NRCReceptor;char;1;25
archivoFelEncabezado;CodigoPostalReceptor;char;1;10
archivoFelEncabezado;DepartamentoReceptor;char;1;25
archivoFelEncabezado;MunicipioReceptor;char;1;75
archivoFelEncabezado;PaisReceptor;char;1;2
archivoFelEncabezado;CorreoReceptor;char;1;100
archivoFelEncabezado;TelReceptor;char;1;8
archivoFelEncabezado;ClienteNo2;char;1;10
archivoFelEncabezado;FactNombre;char;1;100
archivoFelEncabezado;Total;decimal;1;9
archivoFelEncabezado;Vencimiento;date;1;3
archivoFelEncabezado;Contingencia;int;1;4
archivoFelEncabezado;PedidoNo;int;1;4
archivoFelEncabezado;Vendedor;char;1;75
archivoFelEncabezado;Cajero;char;1;30
archivoFelEncabezado;OrdenCompra;int;1;4
archivoFelEncabezado;FormaPago;char;1;1
archivoFelEncabezado;Descuento;decimal;1;5
archivoFelEncabezado;TasaCambio;decimal;1;9
archivoFelEncabezado;Observacion;char;1;500
archivoFelEncabezado;Gravadas;decimal;1;9
archivoFelEncabezado;Exentas;decimal;1;9
archivoFelEncabezado;NoSujetas;decimal;1;9
archivoFelEncabezado;Recibido;decimal;1;9
archivoFelEncabezado;Cambio;decimal;1;9
archivoFelEncabezado;Dias;int;1;4
archivoFelEncabezado;TotalEnLetras;varchar;1;180
AreaMedicaLCD;CodPais;char;0;3
AreaMedicaLCD;Dealer;int;0;4
AreaMedicaLCD;Codigo;char;0;3
AreaMedicaLCD;Descripcion;varchar;1;75
AsignacionAlumnos;CodPais;char;0;3
AsignacionAlumnos;Dealer;int;0;4
AsignacionAlumnos;Codigo;char;0;13
AsignacionAlumnos;CodNivel;smallint;0;2
AsignacionAlumnos;CodGrado;smallint;0;2
AsignacionAlumnos;CodSeccion;smallint;0;2
AsignacionAlumnos;CodAnio;smallint;0;2
AsignacionProd;CodPais;char;0;3
AsignacionProd;Dealer;int;0;4
AsignacionProd;Tda;char;0;7
AsignacionProd;OrdenNo;int;1;4
AsignacionProd;LineaOrden;int;0;4
AsignacionProd;LineaNo;int;0;4
AsignacionProd;FechaAsignado;date;1;3
AsignacionProd;Producido;bit;1;1
AsignacionProd;MOD;decimal;0;9
ASIGNADOS;Codigo_asignado;smallint;0;2
ASIGNADOS;Nombre_asignado;char;0;20
ASIGNADOS;Correo_principal;char;0;40
ASIGNADOS;Con_copia_a;char;0;40
ASIGNADOS;Incluido;bit;0;1
ASIGNADOS;Usuario;char;0;10
AsisteLibros;Usuario;char;0;20
AsisteLibros;Establecimiento;varchar;0;9
AsisteLibros;CompraVenta;char;0;1
AsisteLibros;TipoDocumento;varchar;0;5
AsisteLibros;Serie;char;0;20
AsisteLibros;DocNo;char;0;20
AsisteLibros;Fecha;varchar;0;20
AsisteLibros;NIT;varchar;0;14
AsisteLibros;Nombre;varchar;0;100
AsisteLibros;TipoTransaccion;char;0;1
AsisteLibros;TipoOperacion;char;0;1
AsisteLibros;Estatus;char;0;1
AsisteLibros;TipoDocEmisor;char;0;2
AsisteLibros;TipoDocOperacionImp;char;0;1
AsisteLibros;NumeroDocOperacion;char;0;1
AsisteLibros;NumeroDocumentoOpImp;char;0;1
AsisteLibros;TotalValorGravadoLocal;varchar;0;12
AsisteLibros;TotalValorGravadoExterior;varchar;0;12
AsisteLibros;TotalGravadoServiciosLocal;varchar;0;12
AsisteLibros;TotalGravadoServiciosExterior;varchar;0;12
AsisteLibros;TotalBienesExentosLocal;varchar;0;12
AsisteLibros;TotalBienesExentosExterior;varchar;0;12
AsisteLibros;TotalServiciosExentosLocal;varchar;0;12
AsisteLibros;TotalServiciosExentosExterior;varchar;0;12
AsisteLibros;TipoConstancia;char;0;1
AsisteLibros;NumeroConstancia;varchar;0;10
AsisteLibros;ValorConstancia;varchar;0;12
AsisteLibros;TotalBienesPeqLocal;varchar;0;12
AsisteLibros;TotalServicioPeqLocal;varchar;0;12
AsisteLibros;TotalBienesPeqExterior;varchar;0;12
AsisteLibros;TotalServicioPeqExterior;varchar;0;12
AsisteLibros;IVA;decimal;0;9
AsisteLibros;Total;decimal;0;9
AsisteLibros;Ref;varchar;0;6
Asistente;CodPais;char;0;3
Asistente;Dealer;int;0;4
Asistente;Tda;char;0;7
Asistente;Fecha;datetime;0;8
Asistente;Hora;char;0;6
Asistente;Usuario;char;0;30
aud_log;CodPais;char;0;3
aud_log;Dealer;int;0;4
aud_log;Tda;char;0;7
aud_log;Fecha;datetime;0;8
aud_log;Hora;time;0;5
aud_log;Usuario;nchar;0;20
aud_log;Modulo;nchar;1;20
aud_log;Tipo;nchar;1;30
aud_log;Referencia;nchar;1;150
aud_log;Analisis;nchar;1;250
Audit;Type;char;1;1
Audit;TableName;varchar;1;128
Audit;PK;varchar;1;1000
Audit;FieldName;varchar;1;128
Audit;OldValue;varchar;1;1000
Audit;NewValue;varchar;1;1000
Audit;UpdateDate;datetime;1;8
Audit;UserName;varchar;1;128
Audit;UserNetData;varchar;1;128
Audit;Program;varchar;1;255
Auditores;CodPais;char;0;3
Auditores;Dealer;int;0;4
Auditores;Codigo;char;0;7
Auditores;Nombre;char;0;30
AudLog;CodPais;char;0;3
AudLog;Dealer;int;0;4
AudLog;Tda;char;0;7
AudLog;Fecha;datetime;0;8
AudLog;Hora;time;0;5
AudLog;Usuario;nchar;0;40
AudLog;Modulo;nchar;0;40
AudLog;Tipo;nchar;0;60
AudLog;Referencia;nchar;0;300
AudLog;Analisis;nchar;0;1000
AudLog;HechoPor;char;0;75
AudLog;ID;int;0;4
Aumsal;CodPais;char;0;3
Aumsal;Dealer;int;0;4
Aumsal;Empleado;int;0;4
Aumsal;TipoAumento;char;0;2
Aumsal;Autorizacion;bit;0;1
Aumsal;SalarioAnterior;float;0;8
Aumsal;NuevoSalario;float;0;8
Aumsal;Fecha;datetime;0;8
Aumsal;Aplicado;bit;0;1
AutChq;CodPais;char;0;3
AutChq;Dealer;int;0;4
AutChq;Tda;char;0;7
AutChq;IdAutorizacion;int;0;4
AutChq;Cuenta;char;0;15
AutChq;ChqNo;int;0;4
AutChq;Valor;float;0;8
AutChq;Usuario1;char;0;10
AutChq;Usuario2;char;0;10
AutChq;Usuario3;char;0;10
AutoChq;CodPais;char;0;3
AutoChq;Dealer;int;0;4
AutoChq;Tda;char;0;7
AutoChq;IdAutorizacion;int;0;4
AutoChq;Cuenta;char;0;15
AutoChq;ChqNo;int;0;4
AutoChq;Valor;float;0;8
AutoChq;Usuario1;char;0;10
AutoChq;Usuario2;char;0;10
AutoChq;Usuario3;char;0;10
Autorizador;CodPais;char;0;3
Autorizador;Dealer;int;0;4
Autorizador;Nombre;char;0;50
Autorizador;CdCosto;char;0;6
Autorizador;Falta;bit;0;1
Autorizador;HoraExtra;bit;0;1
Autorizador;CodigoEmpleado;int;0;4
Autorizador;Nivel;int;0;4
Autorizadores;CodPais;char;0;3
Autorizadores;Dealer;int;0;4
Autorizadores;Usuario;char;0;20
Autorizadores;Password;char;1;50
Autorizadores;Nivel;smallint;0;2
AutorizaOC;CodPais;char;0;3
AutorizaOC;Dealer;int;0;4
AutorizaOC;Codigo;char;0;4
AutorizaOC;Descripcion;varchar;1;75
AutorizaOC;Activo;bit;1;1
AuxiliarRenta;CodPais;char;0;3
AuxiliarRenta;Dealer;int;0;4
AuxiliarRenta;Empleado;int;0;4
AuxiliarRenta;Departamento;char;0;6
AuxiliarRenta;Cargo;char;0;6
AuxiliarRenta;Devengado;float;0;8
AuxiliarRenta;GravadoRenta;float;0;8
AuxiliarRenta;GravadoIsss;float;0;8
AuxiliarRenta;GravadoAfp;float;0;8
AuxiliarRenta;RetenidoRenta;float;0;8
AuxiliarRenta;DescuentoIsss;float;0;8
AuxiliarRenta;DescuentoAfp;float;0;8
AuxiliarRenta;Desde;datetime;0;8
AuxiliarRenta;Hasta;datetime;0;8
BajarBodegaRO;CodPais;char;0;3
BajarBodegaRO;Dealer;int;0;4
BajarBodegaRO;Tda;char;0;7
BajarBodegaRO;PedidoNo;int;0;4
BajarBodegaRO;Codigo;char;0;20
BajarBodegaRO;Color;varchar;0;50
BajarBodegaRO;Pendiente;int;1;4
BajarBodegaRO;Cantidad;int;1;4
BajarBodegaRO;Bajado;int;1;4
BajarBodegaRO;Liquidado;bit;1;1
Banco;CodPais;char;0;3
Banco;Dealer;int;0;4
Banco;Abreviatura;char;0;5
Banco;Banco;char;0;40
Banco;CtaContable;char;0;15
Base;CodPais;char;0;3
Base;Dealer;int;0;4
Base;Tda;char;0;7
Base;Usuario;char;0;20
Base;GrupoCliente;int;1;4
Beca;CodPais;char;0;3
Beca;Dealer;int;0;4
Beca;Empleado;int;0;4
Beca;Institucion;char;0;35
Beca;Descripcion;char;0;40
Beca;Duracion;char;0;15
Beca;NotaPromedio;real;0;4
Billete;CodPais;nchar;0;20
Billete;Dealer;int;0;4
Billete;Denominacion;real;0;4
Billete;Descripcion;char;0;15
Billete;Utilizar;bit;0;1
Billete;Cantidad;smallint;0;2
Billete;Valor;float;0;8
BitacoraCD;CodPais;char;0;3
BitacoraCD;Dealer;int;0;4
BitacoraCD;BitacoraNo;int;0;4
BitacoraCD;Usuario;char;0;15
BitacoraCD;Fecha;datetime;0;8
BitacoraCD;Lote;char;0;10
BitacoraCD;FechaVencimiento;datetime;0;8
BitacoraCD;Producto;char;0;12
BitacoraCD;Descripcion;char;0;60
BitacoraCD;Unidades;char;0;10
BitacoraCD;Clientes;char;0;12
BitacoraCD;MunicipioCliente;int;0;4
BitacoraCD;Entrada_Salida;char;0;10
BitacoraCD;MotivoNoConforme;int;0;4
BitacoraCD;SubMotivo;int;0;4
BitacoraCD;Procedimiento;int;0;4
BitacoraCD;Costo;char;0;12
BitacoraCD;SerieDoc;char;1;10
BitacoraCD;TipoDoc;char;1;2
BitacoraCD;DocNo;int;1;4
BitacoraCD;Numero Incidencia;float;1;8
BitacoraCD;Total QQ;float;1;8
BitacoraCD;Presentacion;float;1;8
BitacoraCD;TdaDoc;char;1;10
BitConta;CodPais;char;0;3
BitConta;Dealer;int;0;4
BitConta;Fecha;datetime;0;8
BitConta;Usuario;char;0;40
BitConta;Mes;char;0;5
BitConta;Partida;char;0;10
BitConta;Operacion;char;0;30
Bloqueo;Usuario;char;0;20
Bloqueo;Fecha;datetime;0;8
Bloqueo;Hora;char;0;6
Bloqueo;IP;char;0;15
Bloqueo;Activo;char;0;1
Bloqueo;ID;int;0;4
Bodega;CodPais;char;0;3
Bodega;Dealer;int;0;4
Bodega;Bodega;char;0;7
Bodega;Descripcion;char;1;30
Bodega;Vendedor;char;1;7
Bodega;Activa;bit;1;1
Bodega;Liquidador;char;1;10
Bodega;ManejaVapor;bit;1;1
Bodega;FechaSinLiq;datetime;1;8
Bodega;UAct;char;1;10
Bodega;Tipo;char;1;10
Bodega;Tamanyo;char;1;10
Bodega;Municipio;smallint;1;2
Bodega;WMS;bit;1;1
Bodega;Orden;int;0;4
Bodega;Direccion;varchar;0;100
Bodega;Telefono;varchar;0;10
Bodega;Email;varchar;0;75
BodegaLote;CodPais;char;0;3
BodegaLote;Dealer;int;0;4
BodegaLote;Codigo;char;0;20
BodegaLote;Bodega;char;0;7
BodegaLote;Lote;char;0;15
BodegaLote;Inicial;float;0;8
BodegaLote;Activo;bit;0;1
BodegaOperario;CodPais;char;0;3
BodegaOperario;Dealer;int;0;4
BodegaOperario;Usuario;char;0;20
BodegaOperario;Bodega;char;0;7
BodegaOperario;PorDefault;bit;0;1
BodegaPrepara;CodPais;char;0;3
BodegaPrepara;Dealer;int;0;4
BodegaPrepara;Tda;char;0;7
BodegaPrepara;Bodega;char;0;7
BodegaRedirecPedVta;CodPais;char;0;3
BodegaRedirecPedVta;Clase;char;0;4
BodegaRedirecPedVta;TipoCliente;smallint;0;2
BodegaRedirecPedVta;Cajero;char;0;8
BodegaRedirecPedVta;Bodega;nchar;0;14
BodegaRedirecPedVta;DealerTo;int;1;4
BODEGAS;CodPais;char;0;3
BODEGAS;Dealer;int;0;4
BODEGAS;Bodega;char;0;7
BODEGAS;Descripcion;char;0;30
BODEGAS;Vendedor;char;0;7
BODEGAS;Tipo;char;0;10
BODEGAS;Tamanyo;char;0;10
BODEGAS;Municipio;smallint;0;2
BODEGAS;Activa;bit;0;1
BodOpExp;CodPais;char;0;3
BodOpExp;Dealer;int;0;4
BodOpExp;Usuario;char;0;20
BodOpExp;Bodega;char;0;7
BodOpExp;PorDefault;bit;0;1
BoletaFormatoUnico;CODIGO;nvarchar;1;510
BoletaFormatoUnico;AREA;nvarchar;1;510
BoletaFormatoUnico;PRUEBA;nvarchar;1;510
BoletaFormatoUnico;CHEQUEO;nvarchar;1;510
BoletaFormatoUnico;FORMATO;nvarchar;1;510
BoletaFormatoUnico;PAG_UNICA;nvarchar;1;510
BoletaFormatoUnico;ENVIO_LAB;nvarchar;1;510
BoletaFormatoUnico;DESCRIPCION;nvarchar;1;510
BoletaFormatoUnico;DESC_INGLES;nvarchar;1;510
BoletaFormatoUnico;DESCUENTO;nvarchar;1;510
BoletaMedicaLCD;CodPais;char;0;3
BoletaMedicaLCD;Dealer;int;0;4
BoletaMedicaLCD;Codigo;char;0;20
BoletaMedicaLCD;Area;char;1;3
BoletaMedicaLCD;Prueba;bit;1;1
BoletaMedicaLCD;Chequeo;bit;1;1
BoletaMedicaLCD;Formato;bit;1;1
BoletaMedicaLCD;PagUnica;bit;1;1
BoletaMedicaLCD;EnvioLab;varchar;1;75
BoletaMedicaLCD;Descripcion;varchar;1;100
BoletaMedicaLCD;Descripcion2;varchar;1;100
BoletaMedicaLCD;Descuento;bit;1;1
BonficacionKCProd;CodPais;char;0;3
BonficacionKCProd;Codigo;char;0;20
BonficacionKCProd;CodigoBonificado;char;0;20
BonficacionKCProd;Cantidad;numeric;0;9
BonficacionKCProd;CantidadBonficada;numeric;0;9
BonficacionKCProd;Activo;bit;0;1
BonficacionKCProd;TipoCliente;smallint;0;2
BonficacionKCTipoCliente;CodPais;char;0;3
BonficacionKCTipoCliente;Dealer;smallint;0;2
BonficacionKCTipoCliente;TipoCliente;smallint;0;2
Bonificacion;CodPais;char;0;3
Bonificacion;Dealer;int;0;4
Bonificacion;Codigo;char;0;10
Bonificacion;Cantidad;float;0;8
Bonificacion;Bonificados;float;0;8
BotonesPV;CodPais;char;0;3
BotonesPV;Dealer;int;0;4
BotonesPV;Tda;char;0;7
BotonesPV;No;smallint;0;2
BotonesPV;Texto;char;0;10
BotonesPV;Codigo;char;0;20
CabonoDispo;CodPais;char;0;3
CabonoDispo;Dealer;int;0;4
CabonoDispo;Cuenta;char;0;15
CabonoDispo;Fecha;datetime;0;8
CabonoDispo;CargoAbono;char;0;2
CabonoDispo;Referencia;char;0;15
CabonoDispo;Descripcion;char;0;75
CabonoDispo;Valor;float;0;8
CadenaProduccion;CodPais;char;0;3
CadenaProduccion;Dealer;smallint;0;2
CadenaProduccion;CodigoInsumo;char;0;13
CadenaProduccion;Orden;int;0;4
CadenaProduccion;CodigoProducto;char;0;13
Cajero;CodPais;char;0;3
Cajero;Dealer;int;0;4
Cajero;Codigo;char;0;7
Cajero;Nombre;char;0;30
Cajero;CuentaCaja;char;0;15
Cajero;CuentaSobrantes;char;0;15
Cajero;CuentaBancoDefecto;char;0;15
Cajero;FondoCambio;char;0;7
Cajero;UAct;char;1;14
Cajero;TipoDoc;char;0;10
Cajero;DocID;varchar;0;20
Cajero;TipoDocRes;char;0;2
CalcPedProv;CodPais;char;0;3
CalcPedProv;Dealer;int;0;4
CalcPedProv;Codigo;char;0;20
CalcPedProv;InvSeguridad;float;0;8
CalcPedProv;DiaPedir;smallint;0;2
CalcPedProv;FactorVenta;float;0;8
CalcPedProv;ExistenciaBodega;float;0;8
CalcPedProv;MercaderiaTransito;float;0;8
CalcPedProv;PedidoCliente;float;0;8
CalcPedProv;PeriodoTransito;smallint;0;2
CalcPedProv;CantidadPedir;float;0;8
CalcPedProv;Linea;char;0;4
CalcPedProv;Sublinea;char;0;4
CallejasSalas;IdClienteExteno;nvarchar;0;60
CallejasSalas;ClienteNo;char;0;10
CallejasSalas;IdSala;nvarchar;0;40
CallejasSalas;NombreSala;nvarchar;0;100
CallejasSalas;Activo;bit;0;1
CallejasSalas;Supervisor;smallint;1;2
CallejasSalas;DealerAtiende;int;1;4
CallejasSalas;TdaAtiende;char;1;3
CallejasSalas;Bodega;char;1;7
CambioEstado;CodPais;char;0;3
CambioEstado;Dealer;smallint;0;2
CambioEstado;Prospecto;float;0;8
CambioEstado;Fecha;datetime;0;8
CambioEstado;Hora;char;0;6
CambioEstado;EstatusPrevio;smallint;0;2
CambioEstado;NuevoEstatus;smallint;0;2
CambioEstado;Usuario;smallint;0;2
Campaña;CodPais;char;0;3
Campaña;Dealer;int;0;4
Campaña;Tda;char;0;7
Campaña;Codigo;char;0;10
Campaña;Descripcion;char;0;75
Campaña;FechaConvencion1;datetime;0;8
Campaña;FechaConvencion2;datetime;0;8
Campaña;FechaFacturacion1;datetime;0;8
Campaña;FechaFacturacion2;datetime;0;8
Campaña;FechaReparto1;datetime;0;8
Campaña;FechaReparto2;datetime;0;8
Campaña;FechaCambio;datetime;0;8
Campaña;FechaCierre;datetime;0;8
Campaña;Factor;float;0;8
Capitalizacion;CodPais;char;0;3
Capitalizacion;Dealer;int;0;4
Capitalizacion;PrestamoNo;int;0;4
Capitalizacion;CapitalizacionNo;int;0;4
Capitalizacion;Fecha;datetime;0;8
Capitalizacion;Capital;float;0;8
Capitalizacion;Interes;float;0;8
Capitalizacion;Valor;float;0;8
Capitalizacion;Concepto;char;0;200
Capitalizacion;Creador;char;0;10
Capitalizacion;FechaCreado;datetime;0;8
Capitalizacion;FechaModificado;datetime;0;8
Capitalizacion;HoraModificado;char;0;6
Cargo;CodPais;char;0;3
Cargo;Dealer;int;0;4
Cargo;Cargo;char;0;6
Cargo;Descripcion;char;1;50
Cargo;Nivel;char;1;3
Cargo;CodigoContable;char;1;15
Cargo;PromediarSueldo;bit;1;1
Cargo;Bonificacion;decimal;0;9
CargoAbono;CodPais;char;0;3
CargoAbono;Dealer;int;0;4
CargoAbono;Correlativo;int;0;4
CargoAbono;Cuenta;char;0;15
CargoAbono;CargoAbono;char;0;2
CargoAbono;Referencia;char;0;25
CargoAbono;Fecha;datetime;0;8
CargoAbono;Descripcion;char;0;100
CargoAbono;Valor;float;0;8
CargoAbono;Disponibilidad;bit;0;1
CargoAbono;CuentaContable;char;0;15
CargoAbono;Rubro;smallint;0;2
CargoAbono;Partida;char;0;5
CargoAbono;Cargo;float;0;8
CargoAbono;Abono;float;0;8
CargoAbono;Balance;float;0;8
CargoAbono;Linea;int;0;4
CargoAbono;ChqRechazado;bit;0;1
CargoAbono;Banco;char;0;30
CargoAbono;ChequeNo;char;0;10
CargoAbono;ClienteNo;char;0;10
CastigoCxC;CodPais;char;0;3
CastigoCxC;Dealer;int;0;4
CastigoCxC;Tda;char;0;7
CastigoCxC;IdAbono;int;0;4
CastigoCxC;Castigo;int;0;4
CastigoCxC;FormaPago;char;1;2
CastigoCxC;Valor;decimal;1;9
CastigoCxC;Concepto;char;0;100
CastigoCxC;ClienteNo;char;1;12
CastigoCxC;TipoDoc;char;1;2
CastigoCxC;Serie;char;1;20
CastigoCxC;DocNo;int;1;4
CastigoCxC;DiasCredito;int;1;4
CastigoCxC;Banco;char;0;30
CastigoCxC;CtaNo;char;0;20
CastigoCxC;SerieRef;char;0;20
CastigoCxC;Referencia;char;0;20
CastigoCxC;FechaCobro;date;0;3
CastigoCxC;Aplicado;bit;0;1
Catalogo;CodPais;char;0;3
Catalogo;Dealer;int;0;4
Catalogo;Mes;char;0;5
Catalogo;Codigo;char;0;15
Catalogo;Descripcion;char;0;100
Catalogo;Naturaleza;char;0;1
Catalogo;Clase;char;0;1
Catalogo;Nivel;smallint;0;2
Catalogo;Estatus;char;0;1
Catalogo;SaldoInicial;decimal;0;9
Catalogo;Cargo;decimal;0;9
Catalogo;Abono;decimal;0;9
Catalogo;SaldoActual;decimal;0;9
Catalogo;CodigoAlternativo;char;0;15
Catalogo;ManejaPresupuesto;bit;0;1
Catalogo;InicialP;decimal;0;9
Catalogo;CargoP;decimal;0;9
Catalogo;AbonoP;decimal;0;9
Catalogo;ActualP;decimal;0;9
Catalogo;ManejaCC;bit;0;1
CatalogoBonificacionMensual;MesAcumulado;char;0;10
CatalogoBonificacionMensual;MesAplicar;char;0;10
CatalogoBonificacionMensual;ClienteNo;char;0;10
CatalogoBonificacionMensual;TotalAcumulado;decimal;0;9
CatalogoBonificacionMensual;BonificacionSugerida;decimal;0;9
CatalogoBonificacionMensual;BonificacionAprobada;decimal;0;9
CatalogoBonificacionMensual;Aplicada;bit;0;1
CatalogoBonificacionMensual;PedidoNo;int;0;4
CatalogoBonificacionMensual;DocVta;char;0;40
CatalogoBonificacionMensual;Usuario;char;0;15
CatalogoBonificacionMensual;FechaAplicada;datetime;0;8
CatalogoBonificacionMensual;HoraAplicada;time;1;5
CatalogoBonificacionMensual;DealerAplicada;int;0;4
CatalogoBonificacionMensual;Activo;bit;0;1
CatalogoBonificacionMensual;CodigoBonificado;char;1;20
CatalogoBonificacionMensual;BonificacionAcumulada;decimal;1;9
CatalogoBonificacionMensual;SeIncluyoEnMes;char;1;10
CatalogoCodigoBonificado;CodPais;char;0;3
CatalogoCodigoBonificado;CodigoBonificado;char;0;20
CatalogoCodigoBonificado;Bodega;char;0;7
CatalogoDiaMunicipio;CodMunicipio;int;0;4
CatalogoDiaMunicipio;Dia;char;0;2
CatalogoDiaMunicipio;NumDia;int;1;4
CatalogoPosteo;CodPais;char;0;3
CatalogoPosteo;Dealer;int;0;4
CatalogoPosteo;Mes;char;0;5
CatalogoPosteo;Codigo;char;0;15
CatalogoPosteo;Descripcion;char;0;100
CatalogoPosteo;Naturaleza;char;0;1
CatalogoPosteo;Clase;char;0;1
CatalogoPosteo;Nivel;smallint;0;2
CatalogoPosteo;Estatus;char;0;1
CatalogoPosteo;SaldoInicial;float;0;8
CatalogoPosteo;Cargo;float;0;8
CatalogoPosteo;Abono;float;0;8
CatalogoPosteo;SaldoActual;float;0;8
CatalogoPosteo;CodigoAlternativo;char;0;15
CatalogoPosteo;Manejapresupuesto;bit;0;1
CatalogoPosteo;InicialP;float;0;8
CatalogoPosteo;CargoP;float;0;8
CatalogoPosteo;AbonoP;float;0;8
CatalogoPosteo;ActualP;float;0;8
CatalogoPosteo;ManejaCC;bit;0;1
CatalogoProdExcluBonif;CodPais;char;0;3
CatalogoProdExcluBonif;Codigo;char;0;20
Categoria;CodPais;char;0;3
Categoria;Dealer;smallint;0;2
Categoria;Categoria;smallint;0;2
Categoria;Nombre;char;0;100
CatProd;CodPais;char;0;3
CatProd;Dealer;int;0;4
CatProd;Tda;char;0;7
CatProd;Campaña;char;0;10
CatProd;Codigo;char;0;13
CatProd;PrecioLista;float;0;8
CatProd;PrecioVta;float;0;8
CCosto;CodPais;char;0;3
CCosto;Dealer;int;0;4
CCosto;Codigo;smallint;0;2
CCosto;Descripcion;char;0;30
CentroCosto;CodPais;char;0;3
CentroCosto;Dealer;int;0;4
CentroCosto;CentroCosto;char;0;6
CentroCosto;Servicio;char;1;50
CentroCosto;Ubicacion;char;1;50
CentroCosto;Sueldo;char;1;15
CentroCosto;SueldoCC;smallint;1;2
CentroCosto;Renta;char;1;15
CentroCosto;ISSS;char;1;15
CentroCosto;Extra;char;1;15
CentroCosto;ExtraCC;smallint;1;2
CentroCosto;Banco;char;1;15
CentroCosto;Unidad;char;1;4
CentroCosto;Indemnizacion;char;1;15
CentroCosto;IndemnizacionCC;smallint;1;2
CentroCosto;Vacacion;char;1;15
CentroCosto;VacacionCC;smallint;1;2
CentroCosto;Aguinaldo;char;1;15
CentroCosto;AguinaldoCC;smallint;1;2
CentroCosto;Seguro;char;1;15
CentroCosto;SeguroCC;smallint;1;2
CentroCosto;AFP;char;1;15
CentroCosto;AFPCC;smallint;1;2
CentroCosto;Insaforp;char;1;15
CentroCosto;InsaforpCC;smallint;1;2
CentroCosto;CentroTrabajo;char;0;7
CentroTrabajo;CodPais;char;0;3
CentroTrabajo;Dealer;int;0;4
CentroTrabajo;CentroTrabajo;char;0;7
CentroTrabajo;Descripcion;char;0;60
CertificadoFitosanitario;CodPais;char;0;3
CertificadoFitosanitario;Dealer;int;0;4
CertificadoFitosanitario;Correlativo;int;0;4
CertificadoFitosanitario;NoContrato;char;0;20
CertificadoFitosanitario;NoCertificado;char;0;25
CertificadoFitosanitario;Tratamiento;char;0;20
CertificadoFitosanitario;Quimico;char;0;20
CertificadoFitosanitario;DuracionTemp;char;0;20
CertificadoFitosanitario;Concentracion;char;0;20
CertificadoFitosanitario;Proveedor;char;0;12
CertificadoFitosanitario;Consignatario;int;0;4
CertificadoFitosanitario;CantidadProducto;decimal;0;9
CertificadoFitosanitario;PaisOrigen;char;0;20
CertificadoFitosanitario;FechaDesde;date;0;3
CertificadoFitosanitario;FechaHasta;date;0;3
Certificadores;CodPais;char;0;3
Certificadores;Codigo;smallint;0;2
Certificadores;Nombre;char;1;50
Certificadores;NIT;char;1;20
Certificadores;Plantilla;char;0;150
ChequesTrad;Cuenta;char;0;15
ChequesTrad;Cheque_No;int;0;4
ChequesTrad;Fecha;datetime;0;8
ChequesTrad;Partida;char;0;7
ChequesTrad;A_nombre_de;char;0;60
ChequesTrad;Valor;float;0;8
ChequesTrad;Concepto;char;0;300
ChequesTrad;Cargo_a_Cuenta;char;0;10
ChequesTrad;Estatus;smallint;0;2
ChequesTrad;Hecho_por;char;0;10
ChequesTrad;Anular;bit;0;1
ChequesTrad;Rubro;smallint;0;2
ChequesTrad;Marca_anticipo;bit;0;1
ChequesTrad;Cod_Proveedor;char;0;8
ChequesTrad;Campo_Reservado_2;float;0;8
ChequesTrad;Saldo_x_Anticipo;float;0;8
ChequesTrad;Solicitado_por;char;0;50
ChequesTrad;Lineas;int;0;4
ChequesTrad;Fecha_Cobro;datetime;0;8
ChqRechazado;CodPais;char;0;3
ChqRechazado;Dealer;int;0;4
ChqRechazado;Tda;char;0;7
ChqRechazado;Cuenta;char;0;15
ChqRechazado;Serie;char;0;10
ChqRechazado;ChequeNo;char;0;10
ChqRechazado;Fecha;datetime;0;8
ChqRechazado;Cajero;char;0;7
ChqRechazado;Banco;char;0;50
ChqRechazado;FechaCobro;datetime;0;8
ChqRechazado;Valor;decimal;0;9
ChqRechazado;Tipo;smallint;0;2
ChqRechazado;Cliente;char;0;10
ChqRechazado;FechaVenc;datetime;0;8
ChqRechazado;CtaNo;char;0;20
ChqRechazado;Cancelado;bit;0;1
ChqRechazado;Saldo;decimal;0;9
ChqRechazado;EntregaNo;int;0;4
ChqRechazado;Cobrador;char;0;7
ChqRechazado;NotaCargo;int;0;4
ChqRechazado;Motivo;char;0;250
ChqRechazado;FechaNatural;date;0;3
ChqRechazado;HechoPor;char;0;20
ChqRechazado;No;int;0;4
ChqRechazado;Referencia;char;0;15
Chqs;CodPais;char;0;3
Chqs;Dealer;int;0;4
Chqs;Tda;char;0;7
Chqs;Cuenta;char;0;15
Chqs;Serie;char;0;10
Chqs;ChequeNo;int;0;4
Chqs;Fecha;datetime;0;8
Chqs;Partida;char;0;7
Chqs;Nombre;char;0;100
Chqs;Valor;float;0;8
Chqs;Concepto;char;0;300
Chqs;CargoCuenta;char;0;10
Chqs;Estatus;smallint;0;2
Chqs;Hecho;char;0;10
Chqs;Anular;bit;0;1
Chqs;Rubro;smallint;0;2
Chqs;Linea;int;0;4
Chqs;Proveedor;char;0;10
Chqs;OrdenCompra;int;1;4
Chqs;MarcaAnticipo;bit;1;1
Chqs;SaldoAnticipo;decimal;1;9
Chqs;SolicitadoPor;char;1;50
Chqs;FechaCobro;date;1;3
Cierre;CodPais;char;0;3
Cierre;Dealer;int;0;4
Cierre;Planilla;smallint;0;2
Cierre;Estatus;bit;0;1
Clase;CodPais;char;0;3
Clase;Dealer;int;0;4
Clase;Clase;char;0;4
Clase;Descripcion;char;0;50
Clase;Premio;bit;0;1
Clase;MetaMes;float;1;8
ClaseCafe;CodPais;char;0;3
ClaseCafe;Dealer;smallint;0;2
ClaseCafe;idClaseCafe;char;0;10
ClaseCafe;Descripcion;char;0;75
ClasificacionMaterial;CodPais;char;0;3
ClasificacionMaterial;Dealer;int;0;4
ClasificacionMaterial;Codigo;char;0;7
ClasificacionMaterial;Descripcion;char;0;75
ClasificacionMaterial;Nivel;char;0;3
ClasProducto;CodPais;char;0;3
ClasProducto;Dealer;int;0;4
ClasProducto;Codigo;char;0;20
ClasProducto;Descripcion;char;0;100
ClasProducto;PromedioDiario;float;0;8
ClasProducto;PrecioPromedio;float;0;8
ClasProducto;VtaDiariaPromedio;float;0;8
ClasProducto;DiaInventario;float;0;8
ClasProducto;FrecuenciaAcumulada;float;0;8
ClasProducto;Porcentaje;float;0;8
Cliente;CodPais;char;0;3
Cliente;Dealer;int;0;4
Cliente;ClienteNo;char;0;10
Cliente;Nombre;char;1;150
Cliente;Direccion;varchar;1;-1
Cliente;NIT;char;1;20
Cliente;Giro;char;1;100
Cliente;Municipio;char;1;20
Cliente;Departamento;char;1;20
Cliente;FormaPago;char;1;1
Cliente;DiasCredito;smallint;1;2
Cliente;MaximoCredito;decimal;1;9
Cliente;Descuento;decimal;1;9
Cliente;Apertura;datetime;1;8
Cliente;Cierre;datetime;1;8
Cliente;AplicarIntereses;char;1;10
Cliente;Inicial;decimal;1;9
Cliente;Cargo;decimal;1;9
Cliente;Abono;decimal;1;9
Cliente;Actual;decimal;1;9
Cliente;Vendedor;char;1;7
Cliente;Dia;smallint;1;2
Cliente;Ruta;smallint;1;2
Cliente;TipoCliente;smallint;1;2
Cliente;TipoCredito;char;1;16
Cliente;DiaCobro;char;1;10
Cliente;NRC;char;1;25
Cliente;RazonSocial;char;1;150
Cliente;CodigoContable;char;1;15
Cliente;EstatusCuenta;char;1;1
Cliente;Fiador;char;1;30
Cliente;DireccionFiador;char;1;60
Cliente;TelefonoFiador;char;1;7
Cliente;DUIFiador;char;1;15
Cliente;TipoGarantia;smallint;1;2
Cliente;MotivoCierre;char;1;4
Cliente;DocAsignar;char;1;2
Cliente;RecintoFiscal;bit;1;1
Cliente;Propietario;char;1;45
Cliente;ClaseCobro;char;1;5
Cliente;Exencion;datetime;1;8
Cliente;AtencionA;char;1;50
Cliente;Exento;bit;1;1
Cliente;Correlativo;smallint;1;2
Cliente;Proveedor;char;1;10
Cliente;Aprobado;datetime;1;8
Cliente;CodDepartamento;smallint;1;2
Cliente;CodMunicipio;smallint;1;2
Cliente;CodColonia;int;1;4
Cliente;Dui;char;1;20
Cliente;GranContrib;bit;1;1
Cliente;Asistente;char;1;7
Cliente;Tarjeta;char;1;6
Cliente;TarjetaNo;char;1;25
Cliente;NombreHabiente;char;1;50
Cliente;PaisCliente;char;1;3
Cliente;Percibir;bit;1;1
Cliente;Clasificacion;char;1;3
Cliente;PersonaNatural;bit;1;1
Cliente;UAct;char;1;14
Cliente;Usuario;char;1;20
Cliente;ConocidoPor;char;1;50
Cliente;Sexo;char;1;1
Cliente;EstadoCivil;char;1;1
Cliente;FechaNacimiento;datetime;1;8
Cliente;DUITitular;char;1;10
Cliente;NITTitular;char;1;14
Cliente;Segmento;int;1;4
Cliente;ActividadEconomica;int;1;4
Cliente;MedioPago;char;1;1
Cliente;IngresosNegocio;float;1;8
Cliente;CompraMensual;float;1;8
Cliente;AbonoMensual;float;1;8
Cliente;AbonoElectronico;float;1;8
Cliente;Profesion;char;1;50
Cliente;Documentación;char;1;1
Cliente;Pagaré;decimal;1;5
Cliente;VisitaCxC;char;1;10
Cliente;Extranjero;bit;0;1
Cliente;TipoDocID;int;0;4
Cliente;Clase;int;0;4
Cliente;Recibo;bit;0;1
Cliente;Responsable;bit;0;1
Cliente;Retiene;bit;0;1
Cliente;Aseguradora;bit;0;1
ClienteP;Codigo;char;0;20
ClienteP;NIT;char;0;20
ClienteP;DPI;char;0;20
ClienteP;Nombre;char;0;250
ClienteP;Direccion1;char;0;250
ClienteP;Direccion2;char;0;250
ClienteP;Direccion3;char;0;250
ClienteP;Telefono1;char;0;20
ClienteP;Telefono2;char;0;20
ClienteP;DireccionTrabajo;char;0;250
ClienteP;NombreTrabajo;char;0;150
ClienteP;Foto;char;0;250
ClienteP;LimiteCredito;float;0;8
ClienteP;TipoCliente;char;0;2
ClienteP;Activo;bit;0;1
ClienteReferido;CodPais;char;0;3
ClienteReferido;Dealer;smallint;0;2
ClienteReferido;ClienteNo;char;0;10
ClienteReferido;ReferidoPor;char;0;10
ClienteRelacionado;CodPais;char;0;3
ClienteRelacionado;Dealer;int;0;4
ClienteRelacionado;ClienteNo;char;0;10
ClienteRespaldoMunicipio;codpais;char;0;3
ClienteRespaldoMunicipio;Dealer;int;0;4
ClienteRespaldoMunicipio;ClienteNo;char;0;10
ClienteRespaldoMunicipio;Nombre;char;1;150
ClienteRespaldoMunicipio;Departamento;smallint;1;2
ClienteRespaldoMunicipio;Municipio;smallint;1;2
ClienteRespaldoMunicipio;NombreMunicipio;char;0;75
ClienteRespaldoMunicipio;Distrito;decimal;0;9
Cobradores;Codigo;smallint;0;2
Cobradores;Nombre;char;0;100
Cobradores;Direccion;char;0;250
Cobradores;Tel1;char;0;20
Cobradores;Tel2;char;0;20
Cobradores;Comision;float;0;8
Cobradores;Activo;bit;0;1
CodCaRem;CodPais;char;0;3
CodCaRem;Dealer;int;0;4
CodCaRem;Tipo;char;0;2
CodCaRem;Numero;int;0;4
CodCaRem;Correlativo;int;0;4
CodCaRem;CuentaContable;char;1;15
CodCaRem;CdCosto;smallint;1;2
CodCaRem;Concepto;char;1;60
CodCaRem;Cargo;float;1;8
CodCaRem;Abono;float;1;8
CodChgqs;CodPais;char;0;3
CodChgqs;Dealer;int;0;4
CodChgqs;Tda;char;0;7
CodChgqs;Cuenta;char;0;15
CodChgqs;ChequeNo;int;0;4
CodChgqs;Fecha;datetime;0;8
CodChgqs;Partida;char;0;7
CodChgqs;Nombre;char;0;60
CodChgqs;Valor;float;0;8
CodChgqs;Concepto;char;0;300
CodChgqs;CargoCuenta;char;0;10
CodChgqs;Estatus;smallint;0;2
CodChgqs;Hecho;char;0;10
CodChgqs;Anular;bit;0;1
CodChgqs;Rubro;smallint;0;2
CodChgqs;Linea;int;0;4
CodChgqs;Proveedor;char;0;10
CodChgqs;OrdenCompra;int;1;4
CodChgqs;MarcaAnticipo;bit;1;1
CodChgqs;SaldoAnticipo;decimal;1;9
CodChgqs;SolicitadoPor;char;1;50
CodChgqs;FechaCobro;date;1;3
CodComp;CodPais;char;0;3
CodComp;Dealer;int;0;4
CodComp;CodKit;char;0;20
CodComp;CodComp;char;0;20
CodComp;Factor;int;0;4
CodComp;CostoProm;float;0;8
CodComp;PrecioVta;float;0;8
CodificacionChica;CodPais;char;0;3
CodificacionChica;Dealer;int;0;4
CodificacionChica;Tda;char;0;7
CodificacionChica;CompraNo;int;0;4
CodificacionChica;Correlativo;int;0;4
CodificacionChica;SerieDoc;char;0;20
CodificacionChica;TipoDoc;char;0;1
CodificacionChica;DocNumero;char;0;20
CodificacionChica;Codigo;char;0;15
CodificacionChica;Valor;decimal;0;9
CodificacionChica;Proveedor;char;0;14
CodificacionChica;Concepto;char;0;125
CodificacionChica;Exento;bit;0;1
CodificacionChica;NoPlaca;char;0;15
CodificacionChica;Retaceo;int;0;4
CodificacionChica;CentroCosto;real;0;4
CodificacionChica;Rubro;smallint;0;2
CodificacionChica;Centro;smallint;0;2
CodificacionChica;IdPresuProy;char;1;10
CodificacionChica;Proyecto;char;1;3
CodificacionCompra;CodPais;char;0;3
CodificacionCompra;Dealer;int;0;4
CodificacionCompra;Tda;char;0;7
CodificacionCompra;CompraNo;int;0;4
CodificacionCompra;Correlativo;int;0;4
CodificacionCompra;Codigo;char;0;15
CodificacionCompra;Valor;decimal;0;9
CodificacionCompra;Concepto;char;0;60
CodificacionCompra;Exento;bit;0;1
CodificacionCompra;Retaceo;int;0;4
CodificacionCompra;CdCosto;int;0;4
CodificacionCompra;Placa;char;0;15
CodificacionCompra;Sucursal;char;1;7
CodificacionCompra;IdPresuProy;char;1;10
CodificacionCompra;Proyecto;char;1;3
CodificacionCompra;Contenedor;char;0;25
CodificacionCompra;TipoGasto;int;0;4
CodificacionCompraTemp;CodPais;char;0;3
CodificacionCompraTemp;Dealer;int;0;4
CodificacionCompraTemp;Tda;char;0;7
CodificacionCompraTemp;Documento;char;0;2
CodificacionCompraTemp;No_Factura;char;0;20
CodificacionCompraTemp;Codigo;char;0;15
CodificacionCompraTemp;Valor;float;0;8
CodificacionCompraTemp;Proveedor;char;0;14
CodificacionCompraTemp;No_Compra;int;0;4
CodificacionCompraTemp;Concepto;char;0;60
CodificacionCompraTemp;Exentos;bit;0;1
CodificacionCompraTemp;Retaceo;int;0;4
CodificacionCompraTemp;CentroCosto;int;0;4
CodificacionCompraTemp;Correlativo;int;0;4
CodificacionDepartamento;CodPais;char;0;3
CodificacionDepartamento;Dealer;int;0;4
CodificacionDepartamento;CodigoDevDesc;smallint;0;2
CodificacionDepartamento;Departamento;char;0;4
CodificacionDepartamento;CuentaContable;char;0;15
CodificacionDepartamento;Cc;smallint;0;2
CodificacionEnlace;CodPais;char;0;3
CodificacionEnlace;Dealer;int;0;4
CodificacionEnlace;DebitoFiscal;char;0;15
CodificacionEnlace;CreditoFiscal;char;0;15
CodificacionEnlace;CajaGeneral;char;0;15
CodificacionEnlace;VtaCredito;char;0;15
CodificacionEnlace;VtaTarjeta;char;0;15
CodificacionEnlace;Retencion;char;0;15
CodificacionEnlace;Retencion3;char;0;15
CodificacionEnlace;Rebaja;char;0;15
CodificacionEnlace;CtaCredito;char;0;15
CodificacionEnlace;Email;char;0;255
CodificacionEnlace;Percepcion;char;0;15
CodificacionEnlace;CtaGastosTransporte;char;0;15
CodificacionEnlace;CtaCreditoExterior;char;0;15
CodificacionEnlace;RetRentaLocal;char;0;15
CodificacionEnlace;RetRentaExterior;char;0;15
CodificacionEnlace;CuentaProvision;char;0;15
CodificacionEnlace;IVARetenidoVta;char;0;15
CodificacionEnlace;RetencionCompra;char;0;15
CodificacionEnlace;Retencion5pc;char;0;15
CodificacionEnlace;DebitoFiscal_Cont;char;0;15
CodificacionEnlace;CreditoFiscal_Cont;char;0;15
CodificacionIndividual;CodPais;char;0;3
CodificacionIndividual;Dealer;int;0;4
CodificacionIndividual;CodigoDevDesc;smallint;0;2
CodificacionIndividual;Empleado;int;0;4
CodificacionIndividual;CuentaContable;char;0;15
CodificacionIndividual;Cc;smallint;0;2
CodificacionIndivudual;CodPais;char;0;3
CodificacionIndivudual;Dealer;int;0;4
CodificacionIndivudual;CodigoDevDesc;smallint;0;2
CodificacionIndivudual;Empleado;int;0;4
CodificacionIndivudual;CuentaContable;char;0;15
CodificacionIndivudual;Cc;smallint;0;2
CodificacionProd;CodPais;char;0;3
CodificacionProd;Dealer;smallint;0;2
CodificacionProd;Linea;char;0;3
CodificacionProd;Descripcion;char;0;30
CodificacionProd;Cuenta_Inventario_PT;char;0;15
CodificacionProd;Cuenta_Inventario_MP;char;0;15
CodificacionProduccion;CodPais;char;0;3
CodificacionProduccion;Dealer;int;0;4
CodificacionProduccion;Linea;char;0;7
CodificacionProduccion;Descripcion;char;0;30
CodificacionProduccion;CuentaInventarioPT;char;0;15
CodificacionProduccion;CuentaInventarioMP;char;0;15
CodigoAguinaldo;CodPais;char;0;3
CodigoAguinaldo;Dealer;smallint;0;2
CodigoAguinaldo;Departamento;char;0;6
CodigoAguinaldo;Codigo;int;0;4
CodigoAguinaldo;Comision;int;0;4
CodigoAguinaldo;Indemnizacion;int;0;4
CodigoAguinaldo;Vacacion;int;0;4
CodigoAguinaldo;Seguro;int;0;4
CodigoAguinaldo;AFP;int;0;4
CodigoAguinaldo;Renta;int;0;4
CodigoAguinaldo;Insaforp;int;0;4
CodigoAguinaldo;FSV;int;0;4
CodigoBarra;CodPais;char;0;3
CodigoBarra;Dealer;int;0;4
CodigoBarra;Codigo;char;0;20
CodigoBarra;CodBarra;char;0;20
CodigoCompra;CodPais;char;0;3
CodigoCompra;Dealer;int;0;4
CodigoCompra;Codigo;char;0;10
CodigoCompra;Descripcion;char;0;80
CodigoCompra;UnidadMedida;char;0;7
CodigoCompra;Motivo;char;0;40
CodigoCompra;Tipo;char;0;1
CodigoCompra;UltCantComprada;decimal;0;9
CodigoCompra;UltimoCosto;decimal;0;9
CodigoCompra;UltimoProveedor;char;0;14
CodigoCompra;FechaUltOCompra;datetime;0;8
CodigoCompra;UltOrdenCompra;decimal;0;9
CodigoContenido;CodPais;char;0;3
CodigoContenido;Dealer;int;0;4
CodigoContenido;Codigo;char;0;20
CodigoContenido;Componente;char;0;20
CodigoProveedor;CodPais;char;0;3
CodigoProveedor;Dealer;int;0;4
CodigoProveedor;Codigo;char;0;20
CodigoProveedor;Proveedor;char;0;14
CodigoProveedor;CodProv;char;0;20
CodigoProveedor;DescProveedor;varchar;0;100
CodigoProveedor;UltCosto;decimal;0;9
CodigosObservacion;CodPais;char;0;3
CodigosObservacion;Dealer;int;0;4
CodigosObservacion;Nota;char;0;1
CodigosObservacion;CodigoIsss;smallint;0;2
CodigosObservacion;CodigoAfp;smallint;0;2
CodigosObservacion;Descripcion;char;0;30
CodigosReporte;CodPais;char;0;3
CodigosReporte;Dealer;int;0;4
CodigosReporte;Tipo;char;0;2
CodigosReporte;Columna;smallint;0;2
CodigosReporte;TipoColumna;char;0;1
CodigosReporte;CodigoDevDesc;smallint;0;2
CodigosReporte;NombreColumna;char;0;9
CodImportacion;CodPais;char;0;3
CodImportacion;Dealer;int;0;4
CodImportacion;Tda;char;0;7
CodImportacion;ImportacionNo;int;0;4
CodImportacion;Codigo;char;0;15
CodImportacion;CC;int;0;4
CodImportacion;Valor;decimal;0;9
CodImportacion;Proveedor;char;0;10
CodImportacion;Concepto;char;0;60
CodIngreso;CodPais;char;0;3
CodIngreso;Dealer;int;0;4
CodIngreso;Origen;char;0;30
CodIngreso;CuentaContable;char;0;15
CodNcProveedores;CodPais;char;0;3
CodNcProveedores;Dealer;int;0;4
CodNcProveedores;Tda;char;0;7
CodNcProveedores;Proveedor;char;0;14
CodNcProveedores;No_NotaProveedor;int;0;4
CodNcProveedores;ImportacionNo;int;0;4
CodNcProveedores;Codigo_Con;char;0;15
CodNcProveedores;Descripcion;char;0;60
CodNcProveedores;Valor;decimal;0;9
CodNcProveedores;CentroCosto;int;0;4
CodNcProveedores;Serie;char;0;20
CodNcProveedores;IdPresuProy;char;1;10
CodPlantaTda;CodPais;char;0;3
CodPlantaTda;CodigoPlanta;char;0;20
CodPlantaTda;CodigoTienda;char;0;20
CodPlantaTda;Factor;float;0;8
CodPresupuestal;CodPais;char;0;3
CodPresupuestal;Dealer;int;0;4
CodPresupuestal;Codigo;char;0;4
CodPresupuestal;Descripcion;char;0;30
CodxDepto;CodPais;char;0;3
CodxDepto;Dealer;int;0;4
CodxDepto;CodigoDevDesc;smallint;0;2
CodxDepto;Departamento;char;0;4
CodxDepto;CuentaContable;char;0;15
CodxDepto;CC;smallint;0;2
COFIDI;CodPais;char;0;3
COFIDI;Dealer;int;0;4
COFIDI;WebService;char;0;250
COFIDI;RequestUser;char;0;150
COFIDI;PortalURL;char;0;250
COFIDI;Nit;char;0;20
COFIDI;Usuario;char;0;50
COFIDI;Password;char;0;100
Colonia;CodPais;char;0;3
Colonia;Subzona;smallint;0;2
Colonia;Municipio;smallint;0;2
Colonia;ColoniaNo;int;0;4
Colonia;Nombre;char;0;100
Colonia;Kilometros;smallint;0;2
Colonia;Gestor;char;1;4
Colonia;Promotor;char;1;4
Colonia;RutaCobro;int;1;4
Colonia;Dia;int;1;4
Colonia;GestorB;char;1;4
Colonia;RutaB;int;1;4
Color;CodPais;char;0;3
Color;Dealer;smallint;0;2
Color;Color;smallint;0;2
Color;Nombre;char;0;75
Color;Inactivo;bit;0;1
ColorTempHerraje;CodPais;char;0;3
ColorTempHerraje;Dealer;int;0;4
ColorTempHerraje;Color;varchar;0;25
ColorTempHerraje;Seleccionar;bit;1;1
ColorTempHerraje;Usuario;char;0;20
Comentario;CodPais;char;0;3
Comentario;Dealer;int;0;4
Comentario;ComentarioId;int;0;4
Comentario;Referencia;char;0;20
Comentario;ReferenciaId;char;0;50
Comentario;Usuario;char;0;10
Comentario;Fecha;datetime;0;8
Comentario;Hora;char;0;6
Comentario;Comentario;char;0;500
ComidaAv;CodPais;char;0;3
ComidaAv;Dealer;int;0;4
ComidaAv;Serie;char;0;20
ComidaAv;OrdenNo;int;0;4
ComidaAv;Fecha;date;0;3
ComidaAv;Comida;char;0;20
ComidaAv;Cantidad;float;0;8
ComidaAv;Galera;int;0;4
ComidaAv;Tratamiento;bit;0;1
ComidaAvTemp;CodPais;char;0;3
ComidaAvTemp;Dealer;int;0;4
ComidaAvTemp;Serie;char;0;20
ComidaAvTemp;OrdenNo;int;0;4
ComidaAvTemp;Fecha;date;0;3
ComidaAvTemp;Comida;char;0;20
ComidaAvTemp;Cantidad;float;0;8
ComidaAvTemp;Granja;int;0;4
ComidaAvTemp;Galera;int;0;4
ComidaAvTemp;Tratamiento;bit;0;1
ComidaAvTemp;Usuario;char;0;20
Comision;CodPais;char;0;3
Comision;Dealer;int;0;4
Comision;Desde;decimal;0;9
Comision;Hasta;decimal;0;9
Comision;Formula;decimal;1;5
Comision;Porcentaje;decimal;1;5
Comision;ValorFijo;decimal;1;5
ComisionCxC;Usuario;char;0;10
ComisionCxC;TipoCliente;smallint;0;2
ComisionCxC;Dealer;int;0;4
ComisionCxC;Tda;char;0;7
ComisionCxC;NoVenc;real;0;4
ComisionCxC;P1a30;real;0;4
ComisionCxC;P31a60;real;0;4
ComisionCxC;P61a90;real;0;4
ComisionCxC;P91a180;real;0;4
ComisionCxC;P181aMas;real;0;4
Comisiones;CodPais;char;0;3
Comisiones;Dealer;int;0;4
Comisiones;Cargos;char;0;25
Comisiones;Razon;char;0;25
Comisiones;Porcentaje;real;0;4
Comisiones;CodDevengo;smallint;0;2
Comisiones;DividirEntreTodos;bit;0;1
ComisionMarca;CodPais;char;0;3
ComisionMarca;Dealer;int;0;4
ComisionMarca;Marca;char;0;25
ComisionMarca;Desde;decimal;0;9
ComisionMarca;Hasta;decimal;0;9
ComisionMarca;Formula;decimal;1;5
ComisionMarca;Porcentaje;decimal;1;5
ComisionMarca;ValorFijo;decimal;1;5
Comite;CodPais;char;0;3
Comite;Dealer;int;0;4
Comite;Tda;char;0;7
Comite;Fecha;datetime;0;8
Comite;Hora;char;0;6
Comite;HoraFinal;char;0;6
Comite;Sometinmiento;smallint;0;2
Comite;Aprobacion;smallint;0;2
Comite;ValorSometido;float;0;8
Comite;ValorAprobado;float;0;8
Comite;MiembroAsistente;smallint;0;2
Comite;Sometimiento;float;0;8
ComplementoContrato;CodPais;char;0;3
ComplementoContrato;Dealer;int;0;4
ComplementoContrato;Departamento;char;0;6
ComplementoContrato;FormaPago;char;0;256
ComplementoContrato;Horario;char;0;256
CompletaKit;CodPais;char;0;3
CompletaKit;Dealer;int;0;4
CompletaKit;No;smallint;0;2
CompletaKit;Codigo;char;0;20
CompletaKit;Cantidad;decimal;0;9
Compra;CodPais;char;0;3
Compra;Dealer;int;0;4
Compra;Tda;char;0;7
Compra;CompraNo;int;0;4
Compra;TipoDoc;char;0;1
Compra;SerieDoc;varchar;0;50
Compra;FacturaNo;varchar;0;50
Compra;Proveedor;char;0;14
Compra;Fecha;datetime;0;8
Compra;IVA;decimal;0;9
Compra;Gravadas;decimal;0;9
Compra;Exentas;decimal;0;9
Compra;Retencion;decimal;0;9
Compra;Total;decimal;0;9
Compra;Saldo;decimal;0;9
Compra;Condicion;char;0;15
Compra;Dias;smallint;0;2
Compra;Vencimiento;datetime;0;8
Compra;Estatus;char;0;1
Compra;Estatus2;char;1;9
Compra;UltimaLinea;smallint;1;2
Compra;Cuentabanco;char;1;15
Compra;CuentaCargar;char;1;15
Compra;ChequeNo;char;1;8
Compra;ValorPagado;decimal;1;9
Compra;FechaPagado;datetime;1;8
Compra;FechaQuedan;datetime;1;8
Compra;IngresoBodega;int;1;4
Compra;NRC;char;0;14
Compra;FechaReclamo;datetime;0;8
Compra;Nombre;char;0;100
Compra;Razon;char;1;15
Compra;TipoCompra;char;0;1
Compra;CargoGravado;decimal;0;9
Compra;QuedanNo;int;1;4
Compra;Bonificacion;decimal;1;9
Compra;Declarada;bit;1;1
Compra;RecibidaBodega;bit;1;1
Compra;RecibidoX;char;1;10
Compra;FechaRecibido;datetime;1;8
Compra;HoraRecibido;char;1;6
Compra;CargoExento;decimal;1;9
Compra;RetencionIVA;decimal;0;9
Compra;RetencionNo;decimal;1;9
Compra;UserCreador;char;1;10
Compra;UserModify;char;1;10
Compra;FechaNatural;datetime;1;8
Compra;HoraNatural;char;1;6
Compra;OrdenCompra;int;1;4
Compra;UItLinCod;smallint;1;2
Compra;NoLinAf;smallint;1;2
Compra;Percepcion;decimal;1;9
Compra;RetencionRenta;decimal;1;9
Compra;Fovial;decimal;1;9
Compra;ClienteNo;char;1;10
Compra;Averia;bit;1;1
Compra;NIT;char;1;14
Compra;Interna;char;1;2
Compra;ERPKey;nvarchar;1;100
Compra;Retencion_5pc;decimal;1;9
Compra;PlanillaInf;bit;1;1
Compra;Token;nvarchar;1;60
Compra;Partida;char;1;10
Compra;TasaIVA;float;0;8
Compra;ResolucionNo;char;1;50
Compra;Tiraje;char;1;30
Compra;Bodega;char;0;7
CompraAnexo;CodPais;char;0;3
CompraAnexo;Dealer;int;0;4
CompraAnexo;Tda;char;0;7
CompraAnexo;TipoDoc;char;0;2
CompraAnexo;Serie;varchar;0;20
CompraAnexo;DocNo;int;0;4
CompraAnexo;TipoOperacion;smallint;0;2
CompraAnexo;Clasificacion;smallint;0;2
CompraAnexo;Sector;smallint;0;2
CompraAnexo;TipoCosto;smallint;0;2
CompraAnterior;CodPais;char;0;3
CompraAnterior;Dealer;int;0;4
CompraAnterior;Tda;char;0;7
CompraAnterior;CompraNo;int;0;4
CompraAnterior;TipoDoc;char;0;1
CompraAnterior;SerieDoc;varchar;0;50
CompraAnterior;FacturaNo;varchar;0;50
CompraAnterior;Proveedor;char;0;14
CompraAnterior;Fecha;datetime;0;8
CompraAnterior;IVA;decimal;0;9
CompraAnterior;Gravadas;decimal;0;9
CompraAnterior;Exentas;decimal;0;9
CompraAnterior;Retencion;decimal;0;9
CompraAnterior;Total;decimal;0;9
CompraAnterior;Saldo;decimal;0;9
CompraAnterior;Condicion;char;0;15
CompraAnterior;Dias;smallint;0;2
CompraAnterior;Vencimiento;datetime;0;8
CompraAnterior;Estatus;char;0;1
CompraAnterior;Estatus2;char;1;9
CompraAnterior;UltimaLinea;smallint;1;2
CompraAnterior;Cuentabanco;char;1;15
CompraAnterior;CuentaCargar;char;1;15
CompraAnterior;ChequeNo;char;1;8
CompraAnterior;ValorPagado;decimal;1;9
CompraAnterior;FechaPagado;datetime;1;8
CompraAnterior;FechaQuedan;datetime;1;8
CompraAnterior;IngresoBodega;int;1;4
CompraAnterior;NRC;char;0;14
CompraAnterior;FechaReclamo;datetime;0;8
CompraAnterior;Nombre;char;0;100
CompraAnterior;Razon;char;1;15
CompraAnterior;TipoCompra;char;0;1
CompraAnterior;CargoGravado;decimal;0;9
CompraAnterior;QuedanNo;int;1;4
CompraAnterior;Bonificacion;decimal;1;9
CompraAnterior;Declarada;bit;1;1
CompraAnterior;RecibidaBodega;bit;1;1
CompraAnterior;RecibidoX;char;1;10
CompraAnterior;FechaRecibido;datetime;1;8
CompraAnterior;HoraRecibido;char;1;6
CompraAnterior;CargoExento;decimal;1;9
CompraAnterior;RetencionIVA;decimal;0;9
CompraAnterior;RetencionNo;decimal;1;9
CompraAnterior;UserCreador;char;1;10
CompraAnterior;UserModify;char;1;10
CompraAnterior;FechaNatural;datetime;1;8
CompraAnterior;HoraNatural;char;1;6
CompraAnterior;OrdenCompra;int;1;4
CompraAnterior;UItLinCod;smallint;1;2
CompraAnterior;NoLinAf;smallint;1;2
CompraAnterior;Percepcion;decimal;1;9
CompraAnterior;RetencionRenta;decimal;1;9
CompraAnterior;Fovial;decimal;1;9
CompraAnterior;ClienteNo;char;1;10
CompraAnterior;Averia;bit;1;1
CompraAnterior;NIT;char;1;14
CompraAnterior;Interna;char;1;2
CompraAnterior;ERPKey;nvarchar;1;100
CompraAnterior;Retencion_5pc;decimal;1;9
CompraAnterior;PlanillaInf;bit;1;1
CompraAnterior;Token;nvarchar;1;60
CompraAnterior;Partida;char;1;10
CompraAnterior;TasaIVA;float;0;8
CompraAnterior;ResolucionNo;char;1;50
CompraAnterior;Tiraje;char;1;30
CompraAnterior;Bodega;char;0;7
ComprasChica;CodPais;char;0;3
ComprasChica;Dealer;int;0;4
ComprasChica;Tda;char;0;7
ComprasChica;CompraNo;int;0;4
ComprasChica;Serie;char;0;50
ComprasChica;TipoDoc;char;0;1
ComprasChica;DocNo;char;0;50
ComprasChica;Proveedor;char;0;14
ComprasChica;Fecha;datetime;0;8
ComprasChica;IVA;decimal;0;9
ComprasChica;Gravadas;decimal;0;9
ComprasChica;Exentas;decimal;0;9
ComprasChica;Retencion;decimal;0;9
ComprasChica;Total;decimal;0;9
ComprasChica;Saldo;decimal;0;9
ComprasChica;Condiciones;char;0;15
ComprasChica;DiasCredito;smallint;0;2
ComprasChica;Vencimiento;datetime;0;8
ComprasChica;Estatus;char;0;1
ComprasChica;Estatus2;char;0;9
ComprasChica;UltimaLinea;int;0;4
ComprasChica;CuentaBanco;char;0;15
ComprasChica;CuentaCargar;char;0;15
ComprasChica;LiquidadorNo;char;0;4
ComprasChica;Pagado;decimal;0;9
ComprasChica;FechaPago;datetime;0;8
ComprasChica;FechaQuedan;datetime;0;8
ComprasChica;IngresoBodegaNo;int;0;4
ComprasChica;NRC;char;0;20
ComprasChica;Reclamo;datetime;0;8
ComprasChica;Nombre;char;0;40
ComprasChica;Razon;char;0;15
ComprasChica;TipodeCompra;char;0;1
ComprasChica;CargosGravados;decimal;0;9
ComprasChica;QuedanNo;int;0;4
ComprasChica;Bonificacion;decimal;0;9
ComprasChica;Declarada;bit;0;1
ComprasChica;RecibidoenBodega;bit;0;1
ComprasChica;Recibidox;char;0;10
ComprasChica;FechaRecibido;datetime;0;8
ComprasChica;HoraRecibido;char;0;6
ComprasChica;CargosExentos;decimal;0;9
ComprasChica;AnticipoPagoIVA;decimal;0;9
ComprasChica;NoRetencion;decimal;0;9
ComprasChica;Cliente;char;0;10
ComprasChica;TipoDocVta;char;0;2
ComprasChica;DocNoVta;int;0;4
ComprasChica;SerieDocVta;char;0;3
ComprasChica;Averia;bit;0;1
ComprasChica;Devolucion;bit;0;1
ComprasChica;UserCreator;char;0;10
ComprasChica;UserModify;char;0;10
ComprasChica;NoPlaca;char;0;15
ComprasChica;Percepcion;decimal;1;9
ComprasChica;Partida;char;1;10
ComprasChica;RetencionRenta;decimal;0;9
ComprasChica;TasaIVA;decimal;0;9
ComprasImp;Tipo_Doc;char;0;4
ComprasImp;cardcode;char;0;10
ComprasImp;nit;char;0;20
ComprasImp;cardname;varchar;0;100
ComprasImp;U_Contribuyente;char;0;1
ComprasImp;Tipo;char;0;1
ComprasImp;CodigoUsuarioModifica;char;0;10
ComprasImp;NombreUsuarioModifica;varchar;0;100
ComprasImp;FechaModificacionSAP;datetime;0;8
ComprasImp;FechaIngSistema;datetime;0;8
ComprasImp;FechaFactura;datetime;0;8
ComprasImp;docentry;int;0;4
ComprasImp;NumeroSAP;int;0;4
ComprasImp;u_doctoserie;varchar;0;50
ComprasImp;u_doctono;bigint;0;8
ComprasImp;Total;decimal;0;9
ComprasImp;MontoPagado;decimal;0;9
ComprasImp;recibo;varchar;0;50
ComprasImp;CtaContable;char;0;15
ComprasImp;TotalXCta;decimal;0;9
CompRegalia;CodPais;char;0;3
CompRegalia;Dealer;smallint;0;2
CompRegalia;No;smallint;0;2
CompRegalia;Codigo;char;0;20
ConcesionPrecio;CodPais;char;0;3
ConcesionPrecio;Dealer;smallint;0;2
ConcesionPrecio;Fecha;datetime;0;8
ConcesionPrecio;Hora;char;0;6
ConcesionPrecio;Usuario;char;0;10
ConcesionPrecio;Aprueba;char;0;10
ConcesionPrecio;Codigo;char;0;20
ConcesionPrecio;ClienteNo;char;0;10
ConcesionPrecio;Precio;float;0;8
ConcesionPrecio;Utilizado;bit;0;1
ConcesionPrecio;Autorizado;bit;0;1
ConcesionPrecio;FechaAuto;datetime;0;8
ConcesionPrecio;HoraAuto;char;0;6
ConcesionPrecio;Cantidad;float;0;8
ConcesionPrecio;ComentarioUsuario;varchar;0;130
ConcesionPrecio;ComentarioAprueba;varchar;0;130
ConcesionPrecio;FechaNatural;datetime;0;8
ConcesionPrecio;TipoUnidad;char;0;2
ConcesionPrecio;UnidadAprobada;decimal;0;9
ConcesionPrecios;CodPais;char;0;3
ConcesionPrecios;Dealer;smallint;0;2
ConcesionPrecios;Fecha;datetime;0;8
ConcesionPrecios;Usuario;char;0;10
ConcesionPrecios;AprobadoPor;char;0;10
ConcesionPrecios;Codigo;char;0;20
ConcesionPrecios;Cliente;char;0;10
ConcesionPrecios;Precio;float;0;8
ConcesionPrecios;Utilizado;bit;0;1
Conciliacion;CodPais;char;0;3
Conciliacion;Dealer;int;0;4
Conciliacion;Mes;char;0;5
Conciliacion;Banco;char;0;15
Conciliacion;Tipo;char;0;2
Conciliacion;Documento;char;0;10
Conciliacion;Contabilidad;float;0;8
Conciliacion;EdocCta;float;0;8
Conciliacion;Contabilizado;bit;0;1
Conciliacion;AplicadoBanco;bit;0;1
Conciliacion;RUBRO;int;0;4
Conexion;CodPais;char;0;3
Conexion;Dealer;int;0;4
Conexion;ID;smallint;0;2
Conexion;DSN;char;0;30
Conexion;Cliente;char;0;30
Conexion;EncTransacc;char;0;30
Conexion;DetTransacc;char;0;30
Conexion;BodegaOrigen;char;0;7
Conexion;BodegaRuteo;char;0;7
Conexion;SoloSIMs;bit;0;1
ConfEstResul;CodPais;char;0;3
ConfEstResul;Dealer;int;0;4
ConfEstResul;OrdenAparicion;smallint;0;2
ConfEstResul;CuentaDesde;char;0;15
ConfEstResul;CuentaHasta;char;0;15
ConfEstResul;ConceptoTotalP;char;0;40
ConfEstResul;ConceptoTotalN;char;0;40
ConfEstResul;ImprimirTotal;bit;0;1
ConfEstResul;SumaTotal;bit;0;1
ConfEstResul;ImprimirDetalle1;bit;0;1
ConfEstResul;ImprimirDetalle2;bit;0;1
ConfEstResul;Valor;float;0;8
ConfEstResul;ImprimirCuentaNo;bit;0;1
ConfEstResul;OperacionSubtotal;char;0;1
ConfEstResul;ConceptoSubtotal;char;0;40
ConfEstResul;ImprimirSubtotal;char;0;1
ConfEstResul;ConceptoValorManual;char;0;40
ConfEstResul;CalcularSubtotal;bit;0;1
ConfEstResul;ImprimirLinea;char;0;1
Config;CodPais;char;0;3
Config;Dealer;int;0;4
Config;IDFiscal;char;0;20
Config;NombreEmpresa;char;0;105
Config;DiasGraciaCxc;int;0;4
Config;NRC;char;0;8
Config;TasaIVA;real;0;4
Config;Impuesto2;real;0;4
Config;Impuesto3;real;0;4
Config;Impuesto4;real;0;4
Config;Temporada;smallint;0;2
Config;DiasMinimo;smallint;0;2
Config;DiasMaximo;smallint;0;2
Config;PorcMora;real;0;4
Config;MotivoIngIf;char;0;2
Config;MotivoSalIf;char;0;2
Config;LOGO;image;1;16
Config;InvNeg;bit;0;1
Config;UltUpgrade;datetime;0;8
Config;BodegaRemision;char;0;7
Config;PasswordPedido;char;0;15
Config;TipoCosto;char;0;10
Config;Campaña;bit;0;1
Config;FechaPuntos;datetime;1;8
Config;PresupCompras;bit;0;1
Config;Bascula;smallint;1;2
Config;ExigirDatos;float;1;8
Config;Retencion;float;1;8
Config;Percepcion;float;1;8
Config;RetencionC;float;1;8
Config;DiaSeptimo;smallint;1;2
Config;DiasFact;int;0;4
Config;RelojMarcador;bit;0;1
Config;Wallpaper;char;0;250
Config;Tema;char;0;25
CONFIG_PROD;Empresa;smallint;0;2
CONFIG_PROD;NIT_DE_EMPRESA;char;0;20
CONFIG_PROD;Ultima_Importacion;int;0;4
CONFIG_PROD;Ultimo_Nota_Credito;int;0;4
CONFIG_PROD;Mensaje;char;0;105
CONFIG_PROD;Valor_formulario_autoliquidaci;float;0;8
CONFIG_PROD;Dias_de_Gracia_CXC;int;0;4
CONFIG_PROD;Ultima_Compra;int;0;4
CONFIG_PROD;Ultima_orden_trabajo;int;0;4
CONFIG_PROD;Ultima_Nota_Abono;int;0;4
CONFIG_PROD;Ultimo_I_Caja_Custodia;int;0;4
CONFIG_PROD;No_Lineas_I_Caja_Custodia;smallint;0;2
CONFIG_PROD;Ultima_Retencion;int;0;4
CONFIG_PROD;Mayor_Caja_y_Bancos;char;0;6
CONFIG_PROD;Cargo_Mano_de_Obra;char;0;15
CONFIG_PROD;Abono_Mano_de_Obra;char;0;15
CONFIG_PROD;Mes;smallint;0;2
CONFIG_PROD;Año;smallint;0;2
CONFIG_PROD;NO_DE_REGISTRO;char;0;8
CONFIG_PROD;Tasa_IVA;real;0;4
CONFIG_PROD;Cargo_Gastos_Indirectos;char;0;15
CONFIG_PROD;Abono_Gastos_Indirectos;char;0;15
CONFIG_PROD;Cargo_Gastos_Directos;char;0;15
CONFIG_PROD;Resultado_Acreedoras;char;0;1
CONFIG_PROD;Resultado_Deudoras;char;0;1
CONFIG_PROD;Abono_Gastos_Directos;char;0;15
CONFIG_PROD;Cuenta_Materia_Prima_Proceso;char;0;15
CONFIG_PROD;Anticipo_Cliente;char;0;15
CONFIG_PROD;NO_USADO;char;0;15
CONFIG_PROD;NO_USADO2;char;0;15
CONFIG_PROD;No_Lineas_I__Caja_General;smallint;0;2
CONFIG_PROD;Porc_Descuento_Rechazos;real;0;4
CONFIG_PROD;NO_USADO3;real;0;4
CONFIG_PROD;Cantidad_de_Nos_de_Serie;real;0;4
CONFIG_PROD;Impuesto_2;real;0;4
CONFIG_PROD;Impuesto_3;real;0;4
CONFIG_PROD;Impuesto_4;real;0;4
CONFIG_PROD;Dias_Vacaciones;smallint;0;2
CONFIG_PROD;Ultima_Planilla;smallint;0;2
CONFIG_PROD;Hora_Corte;char;0;6
CONFIG_PROD;Temporada;smallint;0;2
CONFIG_PROD;Ultimo_I_Caja_Impreso;int;0;4
CONFIG_PROD;Ultimo_Cliente;int;0;4
CONFIG_PROD;Bodega_Materia_Prima;char;0;4
CONFIG_PROD;PASSWORD;char;0;10
CONFIG_PROD;Dias_Stock_Minimo;smallint;0;2
CONFIG_PROD;Dias_Stock_Maximo;smallint;0;2
CONFIG_PROD;Desde;datetime;0;8
CONFIG_PROD;Hasta;datetime;0;8
CONFIG_PROD;Ultimo_Gasto;int;0;4
CONFIG_PROD;Porcentaje_Mora;real;0;4
CONFIG_PROD;Correlativo_Import;int;0;4
CONFIG_PROD;Remanente;float;0;8
CONFIG_PROD;LOGO;image;1;16
ConfigComprasInternas;CodPais;char;0;3
ConfigComprasInternas;Dealer;int;0;4
ConfigComprasInternas;ClienteNo;char;0;10
ConfigComprasInternas;DealerPertenece;int;0;4
ConfigComprasInternas;CodigoProveedor;char;0;14
ConfigComprasInternas;Activo;bit;0;1
ConfigDespacho;CodPais;char;0;3
ConfigDespacho;Dealer;int;0;4
ConfigDespacho;MaxNoDespachos;int;0;4
ConfigDespacho;DiasMaxDespachos;int;0;4
ConfigDespacho;UltimoICajaCustodia;int;0;4
ConfigDespacho;NoLineasICajaCustodia;int;0;4
ConfigDespacho;NoLineasICajaGeneral;smallint;0;2
ConfigDespacho;UltimoICajaImpreso;int;0;4
ConfigDespacho;Password;char;0;10
ConfigDespacho;ClienteInteres;char;0;13
ConfigDespacho;BodegaInteres;char;0;7
ConfigDespacho;VendedorInteres;char;0;7
ConfigDespacho;CodigoInteres;char;0;13
ConfigDespacho;LineaInteres;char;0;7
ConfigDespacho;CuentaMuestra;char;0;15
ConfigDocsImpresion;CodPais;char;0;3
ConfigDocsImpresion;Dealer;int;0;4
ConfigDocsImpresion;Tda;char;0;7
ConfigDocsImpresion;TipoDoc;char;0;2
ConfigDocsImpresion;Salida;char;0;3
ConfigGeneracionDocs;Proceso;varchar;0;50
ConfigGeneracionDocs;Piso;decimal;0;9
ConfigGeneracionDocs;Techo;decimal;0;9
ConfigGeneracionDocs;Descripcion;varchar;1;100
ConfigGeneracionDocs;Tda;char;0;7
ConfigMarca;CodPais;char;0;3
ConfigMarca;Empresa;int;0;4
ConfigMarca;UsadoNo;char;0;105
ConfigMarca;PeriodoPlanilla;smallint;0;2
ConfigMarca;HoraCorte;char;0;6
ConfigMarca;UsadoNo1;smallint;0;2
ConfigMarca;UsadoNo2;char;0;15
ConfigMarca;UsadoNo3;datetime;0;8
ConfigMarca;UsadoNo4;datetime;0;8
ConfigMarca;MinAcumuladoMax;char;0;6
ConfigMarca;MarEntradaTemp;char;0;6
ConfigMarca;TolIngresoTarde;char;0;6
ConfigMarca;RetMaxEntrada;char;0;6
ConfigMarca;METComida;char;0;6
ConfigMarca;TITComida;char;0;6
ConfigMarca;RMEComida;char;0;6
ConfigMarca;MinPenalNoMar;char;0;6
ConfigMarca;UsadoNo5;char;0;6
ConfigMarca;UsadoNo6;char;0;6
ConfigMarca;UsadoNo7;char;0;6
ConfigMarca;UsadoNo8;char;0;6
ConfigMarca;UsadoNo9;char;0;6
ConfigMarca;AMSComida;char;0;6
ConfigMarca;RMSComida;char;0;6
ConfigMarca;UsadoNo10;char;0;6
ConfigMarca;AntMaxSalida;char;0;6
ConfigMarca;RetMaxSalida;char;0;6
ConfigMarca;PenalNoMarValor;float;0;8
ConfigMarca;PenalporMinTarde;float;0;8
ConfigMarca;PenalsalidaAnt;float;0;8
ConfigMarca;PenalOtros;float;0;8
ConfigMarca;TPenalizacion;char;0;2
ConfigMarca;In1;char;0;6
ConfigMarca;Fn1;char;0;6
ConfigMarca;DiaSeptimo;smallint;0;2
ConfigMarca;ProgrAuto;bit;0;1
ConfigMarca;ProgrLibre;bit;0;1
ConfigNData;CodPais;char;0;3
ConfigNData;Dealer;int;0;4
ConfigNData;IDFiscal;char;0;20
ConfigNData;NombreEmpresa;char;0;105
ConfigNData;DiaGraciaCXC;int;0;4
ConfigNData;NRC;char;0;8
ConfigNData;TasaIVA;real;0;4
ConfigNData;Impuesto2;real;0;4
ConfigNData;Impuesto3;real;0;4
ConfigNData;Impuesto4;real;0;4
ConfigNData;Temporada;smallint;0;2
ConfigNData;DiasMinimo;smallint;0;2
ConfigNData;DiasMaximo;smallint;0;2
ConfigNData;PorcMora;real;0;4
ConfigNData;MotivoIngIf;char;0;2
ConfigNData;MotivoSalIf;char;0;2
ConfigNData;InvNeg;bit;0;1
ConfigNData;UltUpgrade;datetime;0;8
ConfigNData;BodegaRemision;char;0;7
ConfigNData;PasswordPedido;char;0;15
ConfigNData;TipoCosto;char;0;10
ConfigNData;Logo;image;1;16
ConfigPBS;CodPais;char;0;3
ConfigPBS;Dealer;int;0;4
ConfigPBS;Tda;char;0;7
ConfigPBS;Impresora;char;0;20
ConfigPBS;Marca;char;0;20
ConfigPBS;Modelo;char;0;20
ConfigPBS;Serie;varchar;0;30
ConfigPBS;Ubicacion;varchar;0;50
ConfigPBS;Activo;bit;0;1
ConfigPBS;RutaLogica;varchar;0;300
ConfigPBS;RutaSalida;varchar;1;300
ConfigPBS;RutaReempresion;varchar;1;300
ConfigPBS;RutaPDFs;varchar;1;300
ConfigPorcentMermas;CodPais;char;0;3
ConfigPorcentMermas;Dealer;int;0;4
ConfigPorcentMermas;Codigo;char;0;12
ConfigPorcentMermas;Porcentaje;real;0;4
ConfigProd;CodPais;char;0;3
ConfigProd;Dealer;smallint;0;2
ConfigProd;CargoManoObra;char;0;15
ConfigProd;AbonoManoObra;char;0;15
ConfigProd;CargoGastoIndirecto;char;0;15
ConfigProd;AbonoGastoIndirecto;char;0;15
ConfigProd;CargoGastoDirecto;char;0;15
ConfigProd;AbonoGastoDirecto;char;0;15
ConfigProd;CuentaMateriaPrimaProceso;char;0;15
ConfigProd;AnticipoCliente;char;0;15
ConfigProd;BodegaMateriaPrima;char;0;4
ConfigProd;Password;char;0;10
ConfigProd;PrecioReferencia;decimal;0;9
ConfigProd;Interes;decimal;0;9
ConfigProduct;CodPais;char;0;3
ConfigProduct;Dealer;smallint;0;2
ConfigProduct;CargoManoObra;char;0;15
ConfigProduct;AbonoManoObra;char;0;15
ConfigProduct;CargoGastoIndirecto;char;0;15
ConfigProduct;AbonoGastoIndirecto;char;0;15
ConfigProduct;CargoGastoDirecto;char;0;15
ConfigProduct;AbonoGastoDirecto;char;0;15
ConfigProduct;CuentaMateriaPrimaProceso;char;0;15
ConfigProduct;AnticipoCliente;char;0;15
ConfigProduct;BodegaMateriaPrima;char;0;4
ConfigProduct;Password;char;0;10
ConfigSFA;ID;int;0;4
ConfigSFA;CodPais;char;0;3
ConfigSFA;Dealer;int;0;4
Configuracion;CodPais;char;0;3
Configuracion;Empresa;int;0;4
Configuracion;Directorio;char;0;20
Configuracion;CodHorasExt;int;0;4
Configuracion;CorSol;int;0;4
Configuracion;Mensaje;char;0;105
Configuracion;AcInicial;float;0;8
Configuracion;UEgreso;int;0;4
Configuracion;UCompra;int;0;4
Configuracion;UOTrabajo;int;0;4
Configuracion;UNotaA;int;0;4
Configuracion;URemision;int;0;4
Configuracion;URequisicion;int;0;4
Configuracion;CodFSV;int;0;4
Configuracion;MCajaB;char;0;6
Configuracion;CodEmpFSV;char;0;15
Configuracion;CodEmpISSS;char;0;15
Configuracion;Mes;smallint;0;2
Configuracion;Año;smallint;0;2
Configuracion;MContable;char;0;8
Configuracion;TasaIVA1;real;0;4
Configuracion;CCrFiscal;char;0;15
Configuracion;CRetIVA;char;0;15
Configuracion;CDbFiscal;char;0;15
Configuracion;ResAcreedor;char;0;1
Configuracion;ResDeudor;char;0;1
Configuracion;BonFactura;char;0;15
Configuracion;CuotaAve;char;0;15
Configuracion;AntCliente;char;0;15
Configuracion;CISSSCxPNA;char;0;15
Configuracion;CRentaCxPNA;char;0;15
Configuracion;Na1;smallint;0;2
Configuracion;Na2;real;0;4
Configuracion;Na3;real;0;4
Configuracion;VVialidad;real;0;4
Configuracion;FNoct;real;0;4
Configuracion;FExtNocDom;real;0;4
Configuracion;PorcVac;real;0;4
Configuracion;DiaVac;smallint;0;2
Configuracion;UltPlanilla;smallint;0;2
Configuracion;HoraCorte;char;0;6
Configuracion;Temporada;smallint;0;2
Configuracion;UReservacion;int;0;4
Configuracion;UCliente;int;0;4
Configuracion;HabTipo;char;0;4
Configuracion;Password;char;0;10
Configuracion;DStockMin;smallint;0;2
Configuracion;DStockMax;smallint;0;2
Configuracion;Desde;datetime;0;8
Configuracion;Hasta;datetime;0;8
Configuracion;UltGasto;int;0;4
Configuracion;C1;real;0;4
Configuracion;C2;int;0;4
Configuracion;C3;float;0;8
Configuracion;Na4;smallint;0;2
Configuracion;NomEmp;char;0;50
Configuracion;MCajaB2;char;0;6
Configuracion;CCajaGral;char;0;10
Configuracion;CComision;char;0;10
Configuracion;Mes2;smallint;0;2
Configuracion;Año2;smallint;0;2
Configuracion;MContable2;char;0;8
Configuracion;TasaIva;real;0;4
Configuracion;RAcreedor;char;0;1
Configuracion;RDeudor;char;0;1
Configuracion;CIsssCxp;char;0;15
Configuracion;CRentaCxp;char;0;15
Configuracion;Periodoplan;smallint;0;2
Configuracion;TIsssEnf;real;0;4
Configuracion;SMaxEnf;float;0;8
Configuracion;TIsssInv;real;0;4
Configuracion;SMaxInv;float;0;8
Configuracion;TFSV;float;0;8
Configuracion;SueMin;real;0;4
Configuracion;FExtDiurno;real;0;4
Configuracion;FExtNoc;real;0;4
Configuracion;FExtDom;real;0;4
Configuracion;Na5;real;0;4
Configuracion;DAntCorte;smallint;0;2
Configuracion;UPlanilla;smallint;0;2
Configuracion;TIngreso;char;0;6
Configuracion;Temporada2;smallint;0;2
Configuracion;PatronalEnf;real;0;4
Configuracion;PatronalInv;real;0;4
Configuracion;PatronalInsaforp;real;0;4
Configuracion;Na6;float;0;8
Configuracion;U_Egreso;int;0;4
Configuracion;MEntTemp;char;0;6
Configuracion;ToleranciaIngresoTarde;char;0;6
Configuracion;RMaximoEntrada;char;0;6
Configuracion;MPenalizacionNoMarcar;char;0;6
Configuracion;MarSalTardeB1;char;0;6
Configuracion;MarEntTemprB1;char;0;6
Configuracion;ToleranciaIngTardeB1;char;0;6
Configuracion;MarSalTardeComida;char;0;6
Configuracion;MarEntTempranoComida;char;0;6
Configuracion;ToleranciaIngTardeComida;char;0;6
Configuracion;ToleranciaSalidaTarde;char;0;6
Configuracion;InicioNocturnidad;char;0;6
Configuracion;FinNocturnidad;char;0;6
Configuracion;ResetSubSidios;smallint;0;2
Configuracion;Indemnizacion;char;0;15
Configuracion;Vacacion;char;0;15
Configuracion;Aguinaldo;char;0;15
Configuracion;SeguroPatronal;char;0;15
Configuracion;AFPPatronal;char;0;15
Configuracion;CtaINSAFORP;char;0;15
ConfigWebService;CodPais;char;0;3
ConfigWebService;Dealer;smallint;0;2
ConfigWebService;Tda;char;0;7
ConfigWebService;ClienteNo;char;0;20
ConfigWebService;DeBodega;char;0;7
ConfigWebService;ABodega;char;0;7
ConfigWebService;Precio;char;0;20
ConfigWebService;para;varchar;0;1000
ConfigWebService;cc;varchar;0;1000
ConfigWebService;cco;varchar;0;1000
ConfNivel;CodPais;char;0;3
ConfNivel;Dealer;int;0;4
ConfNivel;Nivel;smallint;0;2
ConfNivel;Concepto;char;0;20
ConfNivel;Posteo;smallint;0;2
ConfNivel;Suma;smallint;0;2
ConfNivel;CaracterNo;smallint;0;2
ConfNivel;Tamaño;smallint;0;2
ConfPresupuesto;CodPais;char;0;3
ConfPresupuesto;Dealer;int;0;4
ConfPresupuesto;OrdenAparicion;smallint;0;2
ConfPresupuesto;Subnivel;smallint;0;2
ConfPresupuesto;ImprimirNivel;bit;0;1
ConfPresupuesto;CuentaDesde;char;0;15
ConfPresupuesto;CuentaHasta;char;0;15
ConfPresupuesto;ConceptoTotalPos;char;0;40
ConfPresupuesto;ConceptoTotalNeg;char;0;40
ConfPresupuesto;ImprimirTotal;bit;0;1
ConfPresupuesto;ImprimirFirma;bit;0;1
ConfPresupuesto;SumaTotal;bit;0;1
ConfPresupuesto;ImprimirDetalle1;bit;0;1
ConfPresupuesto;ImprimirDetalle2;bit;0;1
ConfPresupuesto;ImprimirDetale3;bit;0;1
ConfPresupuesto;FijarColumna;bit;0;1
ConfPresupuesto;Valor;float;0;8
ConfPresupuesto;ImprimirCuentaNo;bit;0;1
ConfPresupuesto;OperacionSubtotal;char;0;1
ConfPresupuesto;ConceptoSubtotal;char;0;40
ConfPresupuesto;ImprimirSubtotal;char;0;1
ConfPresupuesto;ConceptoValorManual;char;0;40
ConfPresupuesto;CalcularSubtotal;bit;0;1
ConfPresupuesto;UsarCargoAbono;char;0;1
ConfPresupuesto;Uno;float;0;8
ConfPresupuesto;Dos;float;0;8
ConfPresupuesto;NombreLinea;char;0;40
ConfProv;CodPais;char;0;3
ConfProv;Dealer;smallint;0;2
ConfProv;Password;char;0;15
ConfProv;DiaStockMinimo;int;0;4
ConfProv;DiaStockMaximo;int;0;4
ConfProv;ValAutSimple;float;0;8
Consignatario;CodPais;char;0;3
Consignatario;Dealer;int;0;4
Consignatario;Codigo;int;0;4
Consignatario;Nombre;char;0;50
ConsultaMultiple;CodPais;char;0;3
ConsultaMultiple;Dealer;int;0;4
ConsultaMultiple;Tda;char;0;7
ConsultaMultiple;IDCM;int;0;4
ConsultaMultiple;LineaNo;int;0;4
ConsultaMultiple;TipoDoc;char;0;2
ConsultaMultiple;Bodega;char;0;7
ConsultaMultiple;Codigo;char;0;20
ConsultaMultiple;Cantidad;decimal;0;9
ConsultaMultiple;PrecioUnitario;decimal;0;9
ConsultaMultiple;Importe;decimal;0;9
ConsultaMultiple;Fecha;datetime;0;8
ConsultaMultiple;CostoVendido;decimal;0;9
ConsultaMultiple;Descripcion;char;0;135
ConsultaMultiple;TipoUnidad;char;0;2
ConsultaMultiple;CantidadCotizada;decimal;0;9
ConsultaMultiple;Usuario;char;0;20
Consumo;CodPais;char;0;3
Consumo;Dealer;int;0;4
Consumo;Tda;char;0;7
Consumo;Serie;char;0;6
Consumo;TipoReq;smallint;0;2
Consumo;ReqNo;int;0;4
Consumo;Fecha;datetime;0;8
Consumo;Bodega;char;0;7
Consumo;Empleado;int;0;4
Consumo;Total;float;0;8
Consumo;UltimaLinea;smallint;0;2
Consumo;Justificacion;char;0;150
Consumo;Estatus;char;0;1
Consumo;Referencia;char;0;8
Consumo;Motivo;char;0;2
Consumo;UserCreador;char;0;10
Consumo;UserModify;char;0;10
Consumo;FechaC;datetime;0;8
Consumo;PrecioTotal;decimal;0;9
Consumo;Sucursal;char;0;7
Consumo;Hora;char;0;6
Consumo;NoInventariar;smallint;1;2
Consumo;Vehiculo;int;0;4
Consumo;Cantidad;decimal;0;5
Consumo;Motorista;varchar;0;100
Consumo;ClienteNo;char;1;20
Consumo;TipoDoc;char;1;2
Consumo;TasaIVA;float;1;8
Consumo;Cajero;char;1;10
Consumo;DocNo;int;1;4
Consumo;Dias;int;1;4
Consumo;SerieDoc;char;1;20
Consumo;FormaPago;char;1;1
Consumo;Facturado;bit;1;1
ConsumoMaterial;CodPais;char;0;3
ConsumoMaterial;Dealer;smallint;0;2
ConsumoMaterial;Tda;char;0;7
ConsumoMaterial;ConsumoNo;int;0;4
ConsumoMaterial;Documento;char;0;1
ConsumoMaterial;Empleado;char;0;75
ConsumoMaterial;Fecha;datetime;0;8
ConsumoMaterial;TotalCantidad;float;0;8
ConsumoMaterial;Impresa;bit;0;1
ConsumoMaterial;UltimaLinea;smallint;0;2
ConsumoMaterial;TotalCargo;float;0;8
ConsumoMaterial;Obsrvaciones;char;0;250
ConsumoPedido;CodPais;char;0;3
ConsumoPedido;Dealer;int;0;4
ConsumoPedido;Tda;char;0;7
ConsumoPedido;PedidoNo;int;0;4
ConsumoPedido;Bodega;char;0;7
ConsumoPedido;Codigo;char;0;20
ConsumoPedido;CantidadPedido;decimal;1;9
ConsumoPedido;Componente;char;0;20
ConsumoPedido;Cantidad;decimal;1;9
ConsumoPedido;Tipo;char;1;2
ConsumoPedido;Existencia;decimal;1;9
ConsumoPedido;Reserva;decimal;1;9
ConsumoPedido;Consumir;decimal;1;9
Contacto;CodPais;char;0;3
Contacto;Dealer;int;0;4
Contacto;ClienteNo;char;0;10
Contacto;ContactoNo;int;0;4
Contacto;Contacto;char;0;100
Contacto;Telefono1;char;0;11
Contacto;Telefono2;char;0;11
Contacto;Fax;char;0;11
Contacto;Email;char;0;255
Contacto;WhatsApp;char;0;11
Contacto;Twiter;char;0;75
Contacto;Facebook;char;0;75
Contacto;Otros;char;0;100
Contacto;Principal;bit;0;1
ContaProd;CodPais;char;0;3
ContaProd;Dealer;int;0;4
ContaProd;TipoGasto;smallint;0;2
ContaProd;CuentaContable;char;0;15
Contingencia;CodPais;char;0;3
Contingencia;Dealer;int;0;4
Contingencia;Tda;char;0;7
Contingencia;Id;int;0;4
Contingencia;CodigoGeneracion;char;0;36
Contingencia;Fecha;date;0;3
Contingencia;Hora;char;0;6
Contingencia;TipoDocRes;char;0;2
Contingencia;NombreResponsable;varchar;1;150
Contingencia;NumDocRes;varchar;1;20
Contingencia;FechaInicio;date;0;3
Contingencia;FechaFin;date;0;3
Contingencia;HoraInicio;char;0;6
Contingencia;HoraFin;char;0;6
Contingencia;Tipo;smallint;0;2
Contingencia;Motivo;varchar;1;250
Contingencia;SelloRecibido;varchar;0;50
Contingencia;Observaciones;varchar;0;500
Contingencia;Enviado;bit;0;1
Contrato;CodPais;char;0;3
Contrato;Dealer;int;0;4
Contrato;Tda;char;0;7
Contrato;ContratoNo;int;0;4
Contrato;ClienteNo;char;0;10
Contrato;TipoContrato;smallint;0;2
Contrato;VigenciaDesde;datetime;0;8
Contrato;VigenciaHasta;datetime;0;8
Contrato;DiaFacturacion;smallint;0;2
Contrato;ValorTotal;decimal;0;9
Contrato;DescGeneral;char;0;200
Contrato;MargenEsperado;decimal;0;9
Contrato;CostoTotal;decimal;0;9
Contrato;MargenReal;real;0;4
Contrato;NoLineas;int;0;4
Contrato;Activo;bit;0;1
Contrato;Periodo;smallint;0;2
Contrato;Estatus;char;0;10
Contrato;InicioCobro;datetime;0;8
Contrato;UltimaFactura;datetime;0;8
Contrato;Facturacion;char;0;10
Contrato;Usuario;char;0;20
Contrato;FacturarA;char;0;10
Contrato;Clase;char;0;10
ContratoCafe;CodPais;char;0;3
ContratoCafe;Dealer;smallint;0;2
ContratoCafe;idCosecha;int;0;4
ContratoCafe;idContratoCafe;int;0;4
ContratoCafe;Fecha;date;0;3
ContratoCafe;Vence;date;0;3
ContratoCafe;Proveedor;char;0;14
ContratoCafe;Ubicacion;int;0;4
ContratoCafe;Liquidado;bit;0;1
ContratoCafe;Observacion;varchar;0;250
ContratoEmbarque;CodPais;char;0;3
ContratoEmbarque;Dealer;int;0;4
ContratoEmbarque;Correlativo;int;0;4
ContratoEmbarque;NoContrato;char;0;20
ContratoEmbarque;Cliente;int;0;4
ContratoEmbarque;Proveedor;char;0;12
ContratoEmbarque;Producto;char;0;12
ContratoEmbarque;Origen;char;0;20
ContratoEmbarque;CantidadTM;decimal;0;9
ContratoEmbarque;CantidadQQ;decimal;0;9
ContratoEmbarque;Tolerancia;decimal;0;5
ContratoEmbarque;TotalTolerancia;decimal;0;9
ContratoEmbarque;EmbarqueDesde;datetime;0;8
ContratoEmbarque;EmbarqueHasta;datetime;0;8
ContratoEmbarque;Precio;decimal;0;9
ContratoEmbarque;PuertoDestino;char;0;50
ContratoEmbarque;Demoras;decimal;0;9
ContratoEmbarque;TipoEmpaque;char;0;30
ContratoEmbarque;Usuario;char;0;12
ContratoEmbarque;Fumigacion;bit;0;1
ContratoEmbarque;TotalDoc;decimal;0;9
ContratoEmbarque;FechaContrato;date;0;3
ContratoEmbarque;EspecificacionCalidad;char;0;200
ContratoEmbarque;CantidadTMDoc;decimal;0;9
ContratoEmbarque;CondicionEmbarque;char;0;100
ContratoEmbarque;ToleranciaTM;decimal;0;9
ContratoEmbarque;Liquidado;bit;0;1
CONTRATOS;CodPais;char;0;3
CONTRATOS;Dealer;int;0;4
CONTRATOS;Tda;char;0;7
CONTRATOS;Contrato;int;0;4
CONTRATOS;Cliente;char;0;12
CONTRATOS;TipoContrato;char;0;1
CONTRATOS;VigenciaDesde;datetime;0;8
CONTRATOS;VigenciaHasta;datetime;0;8
CONTRATOS;DiaFacturacion;smallint;0;2
CONTRATOS;ValorTotal;float;0;8
CONTRATOS;DescGeneral;char;0;200
CONTRATOS;MargenEsperado;real;0;4
CONTRATOS;CostoTotal;float;0;8
CONTRATOS;MargenReal;real;0;4
CONTRATOS;NoLineas;int;0;4
CONTRATOS;Activo;bit;0;1
CONTRATOS;Periodo;smallint;0;2
CONTRATOS;Estatus;char;0;10
CONTRATOS;InicioCobro;datetime;0;8
CONTRATOS;UltimaFactura;datetime;0;8
CONTRATOS;Facturacion;char;0;10
CONTRATOS;Usuario;char;0;10
CONTRATOS;FacturarA;char;0;12
CONTRATOS;Clase;char;0;10
ContratosCliente;CodPais;char;0;3
ContratosCliente;Dealer;int;0;4
ContratosCliente;ClienteNo;char;0;10
ContratosCliente;ContratoId;char;0;15
ContratosCliente;Vigencia;datetime;0;8
ContratoTrabajo;CodPais;char;0;3
ContratoTrabajo;Dealer;int;0;4
ContratoTrabajo;Correlativo;float;0;8
ContratoTrabajo;TrabCodigo;int;0;4
ContratoTrabajo;TrabOtroDato;char;0;50
ContratoTrabajo;PatronNombre;char;0;50
ContratoTrabajo;PatronEdad;smallint;0;2
ContratoTrabajo;PatronSexo;char;0;1
ContratoTrabajo;PatronEdoCivil;char;0;2
ContratoTrabajo;PatronProfesion;char;0;50
ContratoTrabajo;PatronDomicilio;char;0;50
ContratoTrabajo;PatronResidencia;char;0;50
ContratoTrabajo;PatronNacionalidad;char;0;50
ContratoTrabajo;PatronDUI;char;0;15
ContratoTrabajo;PatronDUILugar;char;0;50
ContratoTrabajo;PatronDUIFecha;datetime;0;8
ContratoTrabajo;PatronDUIOtro;char;0;50
ContratoTrabajo;Duracion;char;0;1
ContratoTrabajo;InicioContrato;datetime;0;8
ContratoTrabajo;InicioAntiguedad;datetime;0;8
ContratoTrabajo;LugarPrestacion;char;0;50
ContratoTrabajo;LugarHabitacion;char;0;50
ContratoTrabajo;HoraDeDia1;char;0;1
ContratoTrabajo;HoraAlDia1;char;0;1
ContratoTrabajo;DesdeHora1a;char;0;6
ContratoTrabajo;HastaHora1a;char;0;6
ContratoTrabajo;DesdeHora1b;char;0;6
ContratoTrabajo;HastaHora1b;char;0;6
ContratoTrabajo;DiaAdicional;char;0;1
ContratoTrabajo;DesdeHora2a;char;0;6
ContratoTrabajo;HastaHora2a;char;0;6
ContratoTrabajo;HoraLaboralSemana;smallint;0;2
ContratoTrabajo;FormaAutorizacionExtra;char;0;1
ContratoTrabajo;AutorizadorExtra;char;0;50
ContratoTrabajo;Salario;float;0;8
ContratoTrabajo;FormaRemuneracion;char;0;20
ContratoTrabajo;OtroRemuneracion;char;0;20
ContratoTrabajo;CiudadPago;char;0;50
ContratoTrabajo;DireccionPago;char;0;50
ContratoTrabajo;PeriodoPago;smallint;0;2
ContratoTrabajo;ClasePago;char;0;1
ContratoTrabajo;OtrasEstipulacion;char;0;150
ContratoTrabajo;CiudadFirma;char;0;50
ContratoTrabajo;FechaFirma;datetime;0;8
ContratoTrabajo;Firma;char;0;50
ContratoTrabajo;Testigo1;char;0;50
ContratoTrabajo;Testigo2;char;0;50
ContratoTrabajo;HuellaDigital;bit;0;1
ContratoVenta;CodPais;char;0;3
ContratoVenta;Dealer;smallint;0;2
ContratoVenta;idCosecha;int;0;4
ContratoVenta;idContratoCafe;int;0;4
ContratoVenta;Fecha;date;0;3
ContratoVenta;Vence;date;0;3
ContratoVenta;Cliente;char;0;14
ContratoVenta;Ubicacion;int;0;4
ContratoVenta;Liquidado;bit;0;1
ContratoVenta;Observacion;varchar;0;250
Contribuyente;CodPais;char;0;3
Contribuyente;NRC;char;0;8
Contribuyente;NIT;char;1;14
Contribuyente;Nombre;varchar;1;150
Contribuyente;Departamento;smallint;1;2
Contribuyente;Municipio;smallint;1;2
Contribuyente;Direccion;varchar;1;150
Contribuyente;Giro;int;1;4
Contribuyente;Email;varchar;1;75
Contribuyente;Telefono;char;1;8
Contribuyente;GranContribuyente;bit;1;1
ControlBodegaHerraje;CodPais;char;0;3
ControlBodegaHerraje;Dealer;int;0;4
ControlBodegaHerraje;Tda;char;0;7
ControlBodegaHerraje;PedidoNo;int;0;4
ControlBodegaHerraje;Codigo;char;1;20
ControlBodegaHerraje;Descripcion;varchar;1;75
ControlBodegaHerraje;Color;varchar;1;75
ControlBodegaHerraje;Pendiente;int;1;4
ControlBodegaHerraje;Existencia;int;1;4
ControlBodegaHerraje;Enracado;int;1;4
ControlBodegaHerraje;ID;int;0;4
ControlBodegaHerraje;Fecha;date;0;3
ControlBodegaHerraje;RO;bit;0;1
ControlHerraje;CodPais;char;0;3
ControlHerraje;Dealer;int;0;4
ControlHerraje;Tda;char;0;7
ControlHerraje;Fecha;date;1;3
ControlHerraje;ClienteNo;char;1;10
ControlHerraje;PedidoNo;int;0;4
ControlHerraje;Codigo;char;1;20
ControlHerraje;Descripcion;varchar;1;150
ControlHerraje;Color;varchar;1;75
ControlHerraje;Pedido;int;1;4
ControlHerraje;Producido;int;1;4
ControlHerraje;Encajado;int;1;4
ControlHerraje;ID;int;0;4
ControlMdco;CodPais;char;0;3
ControlMdco;Dealer;int;0;4
ControlMdco;Empleado;int;0;4
ControlMdco;Fecha;datetime;0;8
ControlMdco;Medico;smallint;0;2
ControlMdco;Lugar;char;0;60
ControlMdco;ObservacionMedica;char;0;150
ControlMdco;RecetaMedica;char;0;1
ControlMdco;Honorario;float;0;8
ControlMdco;ProximaConsulta;datetime;0;8
ControlMdco;Hora;char;0;6
ControlMdco;NecesitaIncapacidad;char;0;1
ControlMdco;DiaIncapacidad;smallint;0;2
ControlMdco;Desde;datetime;0;8
ControlMdco;Hasta;datetime;0;8
ControlMdco;Limitacion;char;0;150
ControlMdco;MotivoConsulta;char;0;150
ControlPosteo;CodPais;char;0;3
ControlPosteo;Dealer;int;0;4
ControlPosteo;MesProceso;char;0;5
ControlPosteo;RUF;char;0;75
ControlPosteo;ClaveBorrado;char;0;15
ControlPosteo;PlantillaPartida;smallint;0;2
ControlProduccion;CodPais;char;0;3
ControlProduccion;Dealer;int;0;4
ControlProduccion;Estilo;char;0;10
ControlProduccion;Corte;char;0;10
ControlProduccion;Bulto;char;0;4
ControlProduccion;Operacion;smallint;0;2
ControlProduccion;UnProducida;int;0;4
ControlProduccion;Fecha;datetime;0;8
ControlProduccion;Evaluacion;smallint;0;2
ControlProduccion;Empleado;int;0;4
ControlProduccion;Transaccion;numeric;0;9
ControlProduccion;Maquina;smallint;0;2
ControlProduccion;LineaProduccion;smallint;0;2
ControlSubsidio;CodPais;char;0;3
ControlSubsidio;Dealer;int;0;4
ControlSubsidio;Empleado;int;0;4
ControlSubsidio;Del;datetime;0;8
ControlSubsidio;Tipo;smallint;0;2
ControlSubsidio;Valor;decimal;0;9
Conversion;CodPais;char;0;3
Conversion;Dealer;int;0;4
Conversion;Tda;char;0;7
Conversion;ConversionNo;int;0;4
Conversion;Motivo;char;0;2
Conversion;Fecha;datetime;0;8
Conversion;Hora;char;0;10
Conversion;Bodega;char;0;7
Conversion;CodigoEntrada;char;0;20
Conversion;CodigoSalida;char;0;20
Conversion;Salen;decimal;0;5
Conversion;Entran;decimal;0;5
Conversion;Comentario;varchar;0;-1
Conversion;UsuarioCrea;char;0;20
Conversion;UsuarioModifica;char;0;20
Conversion;Aplicado;bit;0;1
ConversionSFA;CodPais;char;0;3
ConversionSFA;Codigo;char;0;20
ConversionSFA;Factor;decimal;0;9
ConversionTemp;CodPais;char;0;3
ConversionTemp;Dealer;int;0;4
ConversionTemp;Tda;char;0;7
ConversionTemp;ConversionNo;int;0;4
ConversionTemp;Motivo;char;0;2
ConversionTemp;Fecha;datetime;0;8
ConversionTemp;Aplicado;bit;0;1
ConversionTemporal;CodPais;char;0;3
ConversionTemporal;Dealer;int;0;4
ConversionTemporal;Tda;char;0;7
ConversionTemporal;ConversionNo;int;0;4
ConversionTemporal;Motivo;char;0;2
ConversionTemporal;Fecha;datetime;0;8
ConversionTemporal;Bodega;char;0;7
ConversionTemporal;CodigoEntrada;char;0;20
ConversionTemporal;CodigoSalida;char;0;20
ConversionTemporal;Salen;decimal;0;5
ConversionTemporal;Entran;decimal;0;5
ConversionTemporal;Comentario;varchar;0;-1
ConversionTemporal;Aplicado;bit;0;1
Cooperativa;CodPais;char;0;3
Cooperativa;Dealer;int;0;4
Cooperativa;Id;smallint;0;2
Cooperativa;Codigo1;smallint;0;2
Cooperativa;Nombre1;char;0;15
Cooperativa;Codigo2;smallint;0;2
Cooperativa;Nombre2;char;0;15
Cooperativa;Codigo3;smallint;0;2
Cooperativa;Nombre3;char;0;15
Cooperativa;Codigo4;smallint;0;2
Cooperativa;Nombre4;char;0;15
Cooperativa;Codigo5;smallint;0;2
Cooperativa;Nombre5;char;0;15
Cooperativa;Codigo6;smallint;0;2
Cooperativa;Nombre6;char;0;15
Cooperativa;CodigoOtros;smallint;0;2
Cooperativa;NombreOtros;char;0;15
Coordinador;CodPais;char;0;3
Coordinador;Coordinador;smallint;0;2
Coordinador;Nombre;char;0;60
CorrAF;CodPais;char;0;3
CorrAF;Dealer;int;0;4
CorrAF;Clase;char;0;2
CorrAF;Ultimo;float;0;8
CorrelativoMe;CodPais;char;0;3
CorrelativoMe;Dealer;int;0;4
CorrelativoMe;Tda;char;0;7
CorrelativoMe;Ultimo;varchar;1;8000
CorrelativoPBS;IdTrans;char;0;50
CorrelativoPBS;Tipo;char;0;20
CorrelativoPBS;Serie;char;0;10
CorrelativoPBS;Correlativo;int;0;4
CorrelativoPBS;Archivo;varchar;1;100
CorrelativoPBS;FechaHora;datetime;1;8
Correo;EncabezadoID;char;0;100
Correo;No;float;0;8
Correo;FechaHora;char;0;25
Correo;De;char;0;150
Correo;Para;char;0;150
Correo;Asunto;char;0;150
Correo;Attachments;char;0;150
Correo;Fecha;datetime;0;8
Correo;Sucursal;char;0;7
CorreoConfig;Codigo;int;0;4
CorreoConfig;Servidor;int;1;4
CorreoConfig;EType;char;1;5
CorreoConfig;EAdress;char;1;50
CorreoConfig;ESecurity;bit;1;1
CorreoConfig;EPort;int;1;4
CorreoConfig;SType;char;1;5
CorreoConfig;SAdress;char;1;50
CorreoConfig;SSecurity;bit;1;1
CorreoConfig;SPort;int;1;4
CorreoConfig;Activo;bit;0;1
CorreoConfig;Separate;char;0;1
CorreoPuerto;EType;char;0;5
CorreoPuerto;ESecurity;bit;0;1
CorreoPuerto;EPort;int;0;4
CorreoPuerto;Descripcion;char;1;50
CorreoServidor;Codigo;smallint;0;2
CorreoServidor;Nombre;char;0;50
CorreoServidor;SmtpAddress;char;0;50
CorreoServidor;Pop3Address;char;0;50
CorreoServidor;IMAPAddress;char;0;50
CorreoUsuario;CodPais;char;0;3
CorreoUsuario;Dealer;int;0;4
CorreoUsuario;Usuario;char;0;10
CorreoUsuario;Email;char;0;60
CorreoUsuario;Password;char;0;20
CorreoUsuario;Server;smallint;0;2
CorrTerminal;CodPais;char;0;3
CorrTerminal;Dealer;int;0;4
CorrTerminal;Tda;char;0;7
CorrTerminal;Terminal;smallint;0;2
CorrTerminal;FechaEntrega;datetime;0;8
CorrTerminal;TipoDoc;char;0;2
CorrTerminal;Serie;char;0;20
CorrTerminal;Desde;int;0;4
CorrTerminal;Hasta;int;0;4
CorrTerminal;Ultimo;int;0;4
CorrTerminal;Liquidado;bit;0;1
CorrTerminal;Formato;int;0;4
CorrTerminal;Linea;int;0;4
CorrUsuario;CodPais;char;0;3
CorrUsuario;Dealer;int;0;4
CorrUsuario;Tda;char;0;7
CorrUsuario;Usuario;char;0;10
CorrUsuario;FechaEntrega;datetime;0;8
CorrUsuario;TipoDoc;char;0;2
CorrUsuario;Serie;char;0;10
CorrUsuario;Desde;int;0;4
CorrUsuario;Hasta;int;0;4
CorrUsuario;Ultimo;int;0;4
CorrUsuario;Liquidado;bit;0;1
CorrUsuario;Formato;int;0;4
CorrUsuario;Lineas;int;0;4
CorteCafeteria;CodPais;char;0;3
CorteCafeteria;Dealer;int;0;4
CorteCafeteria;Tda;char;0;7
CorteCafeteria;Cajero;char;0;7
CorteCafeteria;Fecha;datetime;0;8
CorteCafeteria;Tiempo;char;0;15
CorteCafeteria;Monedas;float;0;8
CorteCafeteria;Billetes;float;0;8
CorteCafeteria;FondoCambio;float;0;8
CorteCafeteria;GastosEfectivo;float;0;8
CorteCafeteria;GastosCredito;float;0;8
CorteCafeteria;PagoEmpleados;float;0;8
CorteCafeteria;PagoOficina;float;0;8
CorteCafeteria;PagoGlobal;float;0;8
CorteCafeteria;SistemaVtaContado;float;0;8
CorteCafeteria;SistemaVtaCredito;float;0;8
CorteCafeteria;Notas;char;0;500
CorteCafeteria;Usuario;char;0;20
CorteCafeteria;Creado;datetime;0;8
CorteCafeteria;Hora;char;0;6
CorteCafeteria;Enviado;datetime;0;8
CorteCafeteria;HoraEnvio;char;0;6
CorteCaja;CodPais;char;0;3
CorteCaja;Dealer;int;0;4
CorteCaja;Tda;char;0;7
CorteCaja;Cajero;char;0;7
CorteCaja;Fecha;datetime;0;8
CorteCaja;Monedas;float;0;8
CorteCaja;Billetes;float;0;8
CorteCaja;Cheques;float;0;8
CorteCaja;Depositos;float;0;8
CorteCaja;Tarjeta;float;0;8
CorteCaja;Vales;float;0;8
CorteCaja;FondoCambio;float;0;8
CorteCaja;GastosEfectivo;float;0;8
CorteCaja;GastosCredito;float;0;8
CorteCaja;SistemaVtaContado;float;0;8
CorteCaja;SistemaVtaCredito;float;0;8
CorteCaja;Notas;char;0;500
CorteCaja;Usuario;char;0;20
CorteCaja;Creado;datetime;0;8
CorteCaja;Hora;char;0;6
CorteCaja;Enviado;datetime;0;8
CorteCaja;HoraEnvio;char;0;6
CorteCaja;AnulacionContado;float;0;8
CorteCaja;NcContado;float;0;8
CorteCaja;AnulacionCredito;float;0;8
CorteCaja;NcCredito;float;0;8
CorteCaja;AnTicketContado;float;0;8
CorteCaja;AnTicketCredito;float;0;8
CorteCaja;FacturasAnticipo;float;0;8
CorteCaja;FacturasMuestra;float;0;8
CorteCaja;Wallet;float;0;8
CorteCaja;GiftCard;float;0;8
CorteCaja;Puntos;float;0;8
CorteCaja;SaldoFavor;float;0;8
CorteMensualServ;CodPais;char;0;3
CorteMensualServ;Dealer;int;0;4
CorteMensualServ;Fecha;datetime;0;8
CorteMensualServ;OT;int;0;4
CorteMensualServ;FechaOT;datetime;0;8
CorteMensualServ;Hora;char;0;6
CorteMensualServ;ClienteNo;char;0;12
CorteMensualServ;Estatus;char;0;2
CorteMensualServ;TipoServicio;char;0;2
CorteMensualServ;Ejecutivo;char;0;7
CorteMensualServ;Tecnico;smallint;0;2
CorteMensualServ;Prestamos;float;0;8
CorteMensualServ;Materiales;float;0;8
CorteMensualServ;ManoObra;float;0;8
CorteMensualServ;Gastos;float;0;8
CorteMensualServ;CostoTotal;float;0;8
Cosecha;CodPais;char;0;3
Cosecha;Dealer;smallint;0;2
Cosecha;idCosecha;int;0;4
Cosecha;Descripcion;char;0;8
Cosecha;Activa;bit;0;1
Cosechas;CodPais;char;0;3
Cosechas;Dealer;smallint;0;2
Cosechas;idCosecha;int;0;4
Cosechas;Descripcion;char;0;8
Cosechas;Activa;bit;0;1
Coseguro;CodPais;char;0;3
Coseguro;Codigo;char;0;3
Coseguro;Descripcion;varchar;1;20
Coseguro;PorcPaciente;decimal;1;5
Coseguro;PorcEmpresa;decimal;1;5
Coseguro;Activo;bit;1;1
CostoMateriasPrimas;Codigo;nvarchar;1;40
CostoMateriasPrimas;Descripcion;nvarchar;1;510
CostoMateriasPrimas;CostoPantallaInv;float;1;8
CostoMateriasPrimas;CantUsadaProd;float;1;8
CostoMateriasPrimas;CostoOrdenes;float;1;8
CostoMateriasPrimas;ComprasVal;float;1;8
CostoMateriasPrimas;ComprasUni;float;1;8
CostoMateriasPrimas;CostoPromCompra;float;1;8
CostoMateriasPrimas;Diferencia;float;1;8
CostoMateriasPrimas;CostofacturaCIVA;float;1;8
CostoMateriasPrimas;CostofacturaSIVA;float;1;8
CostoMateriasPrimas;Observaciones;nvarchar;1;510
CostoProductos;Codigo;char;1;20
CostoProductos;Descripcion;char;1;100
CostoProductos;CostoProd;decimal;1;9
CostoProductosComprados;Codigo;nvarchar;1;40
CostoProductosComprados;Descripcion;nvarchar;1;510
CostoProductosComprados;CostoPantallaInv;float;1;8
CostoProductosComprados;ComprasVal;float;1;8
CostoProductosComprados;ComprasUni;float;1;8
CostoProductosComprados;CostoPromCompra;float;1;8
COSTOS_INICIALES;Codigo;char;0;10
COSTOS_INICIALES;Costo_Inicial_Asumido;float;0;8
CostosIniciales;CodPais;char;0;3
CostosIniciales;Dealer;int;0;4
CostosIniciales;Tda;char;0;7
CostosIniciales;Codigo;char;0;10
CostosIniciales;Costo_Inicial_Asumido;decimal;0;9
CostosInventario;Codigo;char;1;20
CostosInventario;Costo;float;1;8
Cotizacion;CodPais;char;0;3
Cotizacion;Dealer;int;0;4
Cotizacion;Tda;char;0;7
Cotizacion;CotizacionNo;int;0;4
Cotizacion;TipoDoc;char;0;2
Cotizacion;ClienteNo;char;0;10
Cotizacion;HechoPor;char;0;30
Cotizacion;ItemNo;int;0;4
Cotizacion;Fecha;datetime;0;8
Cotizacion;Gravada;decimal;0;9
Cotizacion;IVA;decimal;0;9
Cotizacion;Exenta;decimal;0;9
Cotizacion;Total;decimal;0;9
Cotizacion;FormaPago;char;0;1
Cotizacion;Dias;smallint;0;2
Cotizacion;TiempoEntrega;char;0;1
Cotizacion;Vencimiento;char;0;1
Cotizacion;Vendedor;char;0;7
Cotizacion;Estatus;smallint;0;2
Cotizacion;Plantilla;char;0;3
Cotizacion;Nombre;char;0;100
Cotizacion;Direccion;varchar;0;256
Cotizacion;Giro;char;0;100
Cotizacion;TipoPedido;char;0;2
Cotizacion;PedidoNo;int;0;4
Cotizacion;Usuario;char;0;20
Cotizacion;Subtotal;decimal;0;9
Cotizacion;Descuento;decimal;0;9
Cotizacion;Firma;char;0;75
Cotizacion;Cargo;char;0;75
Cotizacion;Referencia;varchar;0;-1
Cotizacion;Atencion;char;0;75
CotizacionRecib;CodPais;char;0;3
CotizacionRecib;Dealer;int;0;4
CotizacionRecib;Tda;char;0;7
CotizacionRecib;Tipo;char;0;2
CotizacionRecib;Correlativo;int;0;4
CotizacionRecib;Fecha;datetime;0;8
CotizacionRecib;Solicitud;smallint;0;2
CotizacionRecib;Departamento;char;0;4
CotizacionRecib;Estatus;char;0;2
CotizacionRecib;Uso;char;0;25
CotizacionRecib;Autorizacion;char;0;30
CotizacionRecib;UltimaLinea;smallint;0;2
CotizacionRecib;TotalGravada1;decimal;0;9
CotizacionRecib;TotalIVA1;decimal;0;9
CotizacionRecib;TotalExenta1;decimal;0;9
CotizacionRecib;TotalSolicitud1;decimal;0;9
CotizacionRecib;TotalGravada2;decimal;0;9
CotizacionRecib;TotalIVA2;decimal;0;9
CotizacionRecib;TotalExenta2;decimal;0;9
CotizacionRecib;TotalSolicitud2;decimal;0;9
CotizacionRecib;TotalGravada3;decimal;0;9
CotizacionRecib;TotalIVA3;decimal;0;9
CotizacionRecib;TotalExenta3;decimal;0;9
CotizacionRecib;TotalSolicitud3;decimal;0;9
CotizacionRecib;TotalGravada4;decimal;0;9
CotizacionRecib;TotalIVA4;decimal;0;9
CotizacionRecib;TotalExenta4;decimal;0;9
CotizacionRecib;TotalSolicitud4;decimal;0;9
CotizacionRecib;TotalGravada5;decimal;0;9
CotizacionRecib;TotalIVA5;decimal;0;9
CotizacionRecib;TotalExenta5;decimal;0;9
CotizacionRecib;TotalSolicitud5;decimal;0;9
CotizacionRecib;Proveedor1;char;0;14
CotizacionRecib;PlazoEntrega1;char;0;15
CotizacionRecib;FormaPago1;char;0;15
CotizacionRecib;Dia1;int;0;4
CotizacionRecib;Proveedor2;char;0;14
CotizacionRecib;PlazoEntrega2;char;0;15
CotizacionRecib;FormaPago2;char;0;15
CotizacionRecib;Dia2;int;0;4
CotizacionRecib;Proveedor3;char;0;14
CotizacionRecib;PlazoEntrega3;char;0;15
CotizacionRecib;FormaPago3;char;0;15
CotizacionRecib;Dia3;int;0;4
CotizacionRecib;Proveedor4;char;0;14
CotizacionRecib;PlazoEntrega4;char;0;15
CotizacionRecib;FormaPago4;char;0;15
CotizacionRecib;Dia4;int;0;4
CotizacionRecib;Proveedor5;char;0;14
CotizacionRecib;PlazoEntrega5;char;0;15
CotizacionRecib;FormaPago5;char;0;15
CotizacionRecib;Dia5;int;0;4
CotizacionRecib;Periodo;smallint;0;2
CotizacionRecib;Seccion;smallint;0;2
CotizacionRecib;GastoEnvio1;decimal;0;9
CotizacionRecib;GastoEnvio2;decimal;0;9
CotizacionRecib;GastoEnvio3;decimal;0;9
CotizacionRecib;GastoEnvio4;decimal;0;9
CotizacionRecib;GastoEnvio5;decimal;0;9
CotizacionServicio;CodPais;char;0;3
CotizacionServicio;Dealer;int;0;4
CotizacionServicio;Tda;char;0;7
CotizacionServicio;Documento;char;0;2
CotizacionServicio;Numero;int;0;4
CotizacionServicio;ItemNo;smallint;0;2
CotizacionServicio;Codigo;char;0;12
CotizacionServicio;Descripcion;varchar;0;-1
Creditos;Codigo;int;0;4
Creditos;CodCliente;char;0;20
Creditos;Observaciones;char;0;150
Creditos;TipoCredito;char;0;2
Creditos;ValorCredito;float;0;8
Creditos;Estatus;char;0;2
Creditos;FechaSolicitud;datetime;0;8
Creditos;FechaAprobado;datetime;0;8
Creditos;FechaEntrega;datetime;0;8
Creditos;FechaVencimiento;datetime;0;8
Creditos;NumCuotas;int;0;4
Creditos;IntCuota;float;0;8
Creditos;ValorCuota;float;0;8
Creditos;CobradorAsignado;int;1;4
CtaRetDesc;CodPais;char;0;3
CtaRetDesc;Dealer;int;0;4
CtaRetDesc;Tipo;smallint;0;2
CtaRetDesc;Cuenta;char;0;15
CtaRetDesc;Descripcion;char;0;75
CtaRetDesc;RUF;char;0;25
CtaRetDesc;RUF2;decimal;0;9
Ctas_Bloq;CodPais;char;0;3
Ctas_Bloq;Dealer;int;0;4
Ctas_Bloq;Cuenta;char;0;15
Ctas_Bloq;Tipo;char;0;5
Ctas_Bloq;Cargos;bit;0;1
Ctas_Bloq;Abonos;bit;0;1
CtaVtaTipoCliente;CodPais;char;0;3
CtaVtaTipoCliente;Dealer;int;0;4
CtaVtaTipoCliente;Tda;char;0;7
CtaVtaTipoCliente;Tipo;char;0;1
CtaVtaTipoCliente;CuentaVentaCont;char;0;15
CtaVtaTipoCliente;CuentaVentaCons;char;0;15
CtaVtaTipoCliente;CuentaVentaExp;char;0;15
CtaVtaTipoCliente;CuentaCxC;char;0;15
CtaVtaTipoCliente;CuentaDevCont;char;0;15
CtaVtaTipoCliente;CuentaDevCons;char;0;15
CtaVtaTipoCliente;CuentaDevExp;char;0;15
CtaVtaTipoCliente;CuentaDescCont;char;0;15
CtaVtaTipoCliente;CuentaDescCons;char;0;15
CtaVtaTipoCliente;CuentaDescExp;char;0;15
CuadreDiario;Codigo;char;0;10
CuadreDiario;Descripcion;char;0;250
CuadreDiario;Total;float;0;8
CuadreDiario;Cantidad;float;0;8
CuadreDiario;VM;float;0;8
CuadreDiario;CM;float;0;8
CuadreDiario;DFM;float;0;8
CuadreDiario;DFC;float;0;8
CuadreDiario;Orden;int;0;4
CuadreDiario;Fecha;date;0;3
Cuentas;Codigo;char;0;20
Cuentas;Banco;char;0;150
Cuentas;NoCuenta;char;0;30
Cuentas;Activa;bit;0;1
Cuentas;SaldoICaja;float;0;8
Cuentas;SaldoIBanco;float;0;8
CuentasBienes;CodPais;char;0;3
CuentasBienes;Dealer;int;0;4
CuentasBienes;Codigo;char;0;15
CuentasBienes;Descripcion;char;0;50
CuentasCompras;CodPais;char;0;3
CuentasCompras;Dealer;smallint;0;2
CuentasCompras;Cuenta;char;0;15
CuentasCompras;Vehiculos;bit;0;1
CuentasCompras;ClienteProducto;bit;0;1
CuentasCompras;Retaceo;bit;0;1
CuentasCompras;Proyecto;bit;1;1
CuentaTipo;CodPais;char;0;3
CuentaTipo;Dealer;smallint;0;2
CuentaTipo;Tipo;char;0;3
CuentaTipo;CtaProcesoMat;char;0;15
CuentaTipo;CtaProcesoEq;char;0;15
CuentaTipo;CtaProcesoMO;char;0;15
CuentaTipo;CtaProcesoViat;char;0;15
CuentaTipo;CtaCostoMat;char;0;15
CuentaTipo;CtaCostoEq;char;1;15
CuentaTipo;CtaCostoMO;char;0;15
CuentaTipo;CtaCostoViat;char;1;15
CuentaTipo;CtaCostoDptoServicio;char;0;15
CuentaUsuario;Token;nvarchar;0;400
CuentaUsuario;Usuario;nvarchar;0;60
CuentaUsuario;Contraseña;varbinary;1;-1
CuentaUsuario;Correo;nvarchar;1;200
CuentaUsuario;Nombres;nvarchar;1;100
CuentaUsuario;Apellidos;nvarchar;1;100
CuentaUsuario;Activo;bit;1;1
CuentaUsuario;FechaCreacion;datetime;1;8
CuentaUsuario;UsuarioCrea;nvarchar;1;20
CuentaUsuario;UltimaConexion;datetime;1;8
CuentaUsuario;CuentaActivada;bit;1;1
CuentaUsuario;FechaActivacion;datetime;1;8
CuentaVenta;CodPais;char;0;3
CuentaVenta;Dealer;int;0;4
CuentaVenta;Tda;char;0;7
CuentaVenta;Tipo;char;0;2
CuentaVenta;Cliente;char;0;25
CuentaVenta;CuentaVentaGravada;char;0;15
CuentaVenta;CuentaVentaExenta;char;0;15
CuentaVenta;CuentaCxC;char;0;15
CuentaVenta;CuentaDevolucion;char;0;15
CuentaVenta;CuentaDescuento;char;0;15
CuentaVenta;CuentaCaja;char;0;15
CuentaVenta;CuentaActivoFijo;char;0;15
CuentaVentaLinea;CodPais;char;0;3
CuentaVentaLinea;Dealer;int;0;4
CuentaVentaLinea;Tda;char;0;7
CuentaVentaLinea;Linea;char;0;4
CuentaVentaLinea;CuentaVentaGravada;char;0;15
CuentaVentaLinea;CuentaVentaExenta;char;0;15
CuentaVentaLinea;CuentaCxC;char;0;15
CuentaVentaLinea;CuentaDevolucion;char;0;15
CuentaVentaLinea;CuentaDescuento;char;0;15
CuentaVentaLinea;CuentaCaja;char;0;15
CuentaVentaLinea;CuentaCompras;char;0;15
CUOTAS;CodPais;char;0;3
CUOTAS;Dealer;int;0;4
CUOTAS;CodAlumno;char;0;13
CUOTAS;AnioElectivo;smallint;0;2
CUOTAS;FechaLimite;datetime;0;8
CUOTAS;CodMes;smallint;0;2
CUOTAS;ValorPagar;float;0;8
CUOTAS;Cancelado;bit;0;1
CUOTAS;Mora;float;1;8
CuotasP;CodCuota;int;0;4
CuotasP;CodCredito;int;0;4
CuotasP;Fecha;datetime;0;8
CuotasP;FechaPagoC;datetime;0;8
CuotasP;FechaPagoI;datetime;0;8
CuotasP;ValorC;float;0;8
CuotasP;ValorI;float;0;8
CuotasP;PagoC;float;0;8
CuotasP;PagoI;float;0;8
CuotasP;Pc;bit;0;1
CuotasP;Pi;bit;0;1
CuotasP;Mora;float;0;8
CuotasP;DiasRetraso;int;0;4
CuotasRegimen;CodPais;char;0;3
CuotasRegimen;Dealer;int;0;4
CuotasRegimen;CodRegimen;smallint;0;2
CuotasRegimen;CodNivel;smallint;0;2
CuotasRegimen;ValorCuota;float;0;8
CuotasRegimen;ValorMatricula;float;1;8
Cupon;CodPais;char;0;3
Cupon;Dealer;int;0;4
Cupon;CuponNo;int;0;4
Cupon;ClienteNo;char;1;10
Cupon;Descripcion;char;1;60
Cupon;Fecha;date;1;3
Cupon;Tda;char;1;7
Cupon;Tipo;char;1;2
Cupon;Valor;decimal;1;9
Cupon;Saldo;decimal;1;9
Cupon;Monto;decimal;1;9
Cupon;Pagado;bit;1;1
Cupon;Seleccionado;bit;1;1
CxpEdoCta;CodPais;char;0;3
CxpEdoCta;Dealer;int;0;4
CxpEdoCta;Proveedor;char;0;14
CxpEdoCta;FacturaNo;char;0;15
CxpEdoCta;Fecha;datetime;0;8
CxpEdoCta;Cargo;decimal;0;9
CxpEdoCta;Abono;decimal;0;9
CxpEdoCta;Referencia;char;0;25
CxpEdoCta;id;int;0;4
DataView;Seq;int;0;4
DataView;Exportar;bit;1;1
DataView;Orden;int;1;4
DataView;NombreCampo;varchar;1;250
DataView;NombreMostrar;varchar;1;250
DataView;Ancho;int;1;4
DataView;Align;int;1;4
DataView;PivotOrder;int;1;4
DataView;PivotColumna;int;1;4
DataView;PivotMask;int;1;4
DatoCartaBanco;CodPais;char;0;3
DatoCartaBanco;Dealer;int;0;4
DatoCartaBanco;Referencia;char;0;15
DatoCartaBanco;Cheque;char;0;12
DatoCartaBanco;ComisionEmpleado;real;0;4
DatoCartaBanco;Atencion;char;0;50
DatoCartaBanco;Cargo;char;0;50
DatoCartaBanco;Saludo;char;0;40
DatoCartaBanco;A_N;char;0;50
DatoCartaBanco;Firma;char;0;50
DatoCartaBanco;CargoFirma;char;0;50
DatoCartaBanco;Cc;char;0;20
DatoCartaBanco;Iniciales;char;0;10
DatoCartaBanco;Ciudad;char;0;25
DatoCartaBanco;ComisionBanco;bit;0;1
DatoEmpleador;CodPais;char;0;3
DatoEmpleador;Dealer;int;0;4
DatoEmpleador;CdCosto;char;0;6
DatoEmpleador;ISSSPatronalNo;char;0;12
DatoEmpleador;NIT;char;0;16
DatoEmpleador;Nombre;char;0;50
DatoEmpleador;Direccion;char;0;50
DatoEmpleador;Ciudad;char;0;25
DatoEmpleador;Departamento;char;0;25
DatoEmpleador;Pais;char;0;25
DatoEmpleador;Tel1;int;0;4
DatoEmpleador;Tipo;char;0;2
DatoEmpleador;ActividadEconomica;char;0;50
DatoEmpleador;NombreCentro;char;0;50
DatoEmpleador;NITCentroTrabajo;char;0;16
DatoEmpleador;IVARegNo;char;0;8
DatoEmpleador;DireccionCentroTrabajo;char;0;50
DatoEmpleador;DepartamentoCentro;char;0;25
DatoEmpleador;MunicipioCentroTrabajo;char;0;25
DatoEmpleador;Tel;int;0;4
DatoEmpleador;Fax;int;0;4
DatoEmpleador;ApartadoPostal;char;0;10
DatoFamilia;CodPais;char;0;3
DatoFamilia;Dealer;int;0;4
DatoFamilia;SolicitudNo;int;0;4
DatoFamilia;Nombre;char;0;35
DatoFamilia;Edad;smallint;0;2
DatoFamilia;EstadoCivil;char;0;1
DatoFamilia;LugarTrabajo;char;0;30
DatosCartaBanco;CodPais;char;0;3
DatosCartaBanco;Dealer;int;0;4
DatosCartaBanco;Referencia;char;0;15
DatosCartaBanco;Cheque;char;0;12
DatosCartaBanco;ComisionEmpleado;real;0;4
DatosCartaBanco;Atencion;char;0;50
DatosCartaBanco;Cargo;char;0;50
DatosCartaBanco;Saludo;char;0;40
DatosCartaBanco;A_N;char;0;50
DatosCartaBanco;Firma;char;0;50
DatosCartaBanco;CargoFirma;char;0;50
DatosCartaBanco;Cc;char;0;20
DatosCartaBanco;Iniciales;char;0;10
DatosCartaBanco;Ciudad;char;0;25
DatosCartaBanco;ComisionBanco;bit;0;1
DatoSolicitud;CodPais;char;0;3
DatoSolicitud;Dealer;int;0;4
DatoSolicitud;Solicitud;int;0;4
DatoSolicitud;NombreSolicitante;char;0;30
DatoSolicitud;PrimerApellido;char;0;15
DatoSolicitud;SegundoApellido;char;0;15
DatoSolicitud;Edad;smallint;0;2
DatoSolicitud;Sexo;char;0;1
DatoSolicitud;Estatura;real;0;4
DatoSolicitud;Peso;smallint;0;2
DatoSolicitud;DepartamentoNacimiento;char;0;20
DatoSolicitud;FechaNacimiento;datetime;0;8
DatoSolicitud;Dui;char;0;9
DatoSolicitud;LugarExpedicion;char;0;40
DatoSolicitud;FechaExpedicion;datetime;0;8
DatoSolicitud;DireccionExacta;char;0;60
DatoSolicitud;Municipio;smallint;0;2
DatoSolicitud;Departamento;smallint;0;2
DatoSolicitud;Telefono;char;0;8
DatoSolicitud;Celular;char;0;8
DatoSolicitud;CorreoElectronico;char;0;30
DatoSolicitud;Nacionalidad;char;0;25
DatoSolicitud;ProfesionOficio;char;0;20
DatoSolicitud;NombreTarjetaIsss;char;0;35
DatoSolicitud;Isss;decimal;0;9
DatoSolicitud;Nit;char;0;15
DatoSolicitud;Nup;char;0;12
DatoSolicitud;Afp;smallint;0;2
DatoSolicitud;Vehiculo;bit;0;1
DatoSolicitud;ClaseVehiculo;char;0;1
DatoSolicitud;Licencia;char;0;15
DatoSolicitud;EstadoCivil;char;0;1
DatoSolicitud;NombreConyuge;char;0;35
DatoSolicitud;Ocupacion;char;0;20
DatoSolicitud;Direccion;char;0;50
DatoSolicitud;NombrePadre;char;0;35
DatoSolicitud;Vivepadre;bit;0;1
DatoSolicitud;Ocupacionpadre;char;0;20
DatoSolicitud;Edadpadre;smallint;0;2
DatoSolicitud;Direccionpadre;char;0;50
DatoSolicitud;Telefonopadre;char;0;8
DatoSolicitud;NombreMadre;char;0;35
DatoSolicitud;Vivemadre;bit;0;1
DatoSolicitud;Ocupacionmadre;char;0;20
DatoSolicitud;Edadmadre;smallint;0;2
DatoSolicitud;Direccionmadre;char;0;50
DatoSolicitud;Telefonomadre;char;0;8
DatoSolicitud;ParienteEnEmpresa;bit;0;1
DatoSolicitud;NombrePariente;char;0;35
DatoSolicitud;Parentesco;char;0;25
DatoSolicitud;DepartamentoAreaEnEmpresa;char;0;4
DatoSolicitud;ViveEnCasa;char;0;1
DatoSolicitud;PagoMensual;decimal;0;9
DatoSolicitud;OtrosIngresos;char;0;30
DatoSolicitud;Monto;float;0;8
DatoSolicitud;FamiliaEnExtranjero;bit;0;1
DatoSolicitud;LugarExtranjero;char;0;25
DatoSolicitud;CondicionSalud;char;0;1
DatoSolicitud;Operado;bit;0;1
DatoSolicitud;RazonOperacion;char;0;20
DatoSolicitud;Padecimiento;bit;0;1
DatoSolicitud;Estudia;char;0;1
DatoSolicitud;QueEstudia;char;0;25
DatoSolicitud;Institucion;char;0;30
DatoSolicitud;Nivel;char;0;25
DatoSolicitud;Habilidades;char;0;40
DatoSolicitud;CampoExperiencia;char;0;30
DatoSolicitud;AreaEntrenarse;char;0;25
DatoSolicitud;OtrosIdiomas;char;0;1
DatoSolicitud;Idioma;char;0;15
DatoSolicitud;Habla;char;0;1
DatoSolicitud;Lee;char;0;1
DatoSolicitud;Escribe;char;0;1
DatoSolicitud;Entiende;char;0;1
DatoSolicitud;MaquinaEscribir;bit;0;1
DatoSolicitud;Contometro;bit;0;1
DatoSolicitud;Fotocopiadora;bit;0;1
DatoSolicitud;Computadora;bit;0;1
DatoSolicitud;Fax;bit;0;1
DatoSolicitud;OtrosEquipos;char;0;35
DatoSolicitud;InconvenienteHorarios;char;0;1
DatoSolicitud;PuestoSolicitado;char;0;6
DatoSolicitud;UnidadSolicitante;char;0;6
DatoSolicitud;Futbol;bit;0;1
DatoSolicitud;Softbol;bit;0;1
DatoSolicitud;Basketbol;bit;0;1
DatoSolicitud;PingPong;bit;0;1
DatoSolicitud;Voleybol;bit;0;1
DatoSolicitud;Tenis;bit;0;1
DatoSolicitud;OtrosDeportes;char;0;35
DatoSolicitud;FechaSolicitud;datetime;0;8
DatoSolicitud;MunicipioNacimiento;char;0;20
DBErrors;ErrorID;int;0;4
DBErrors;UserName;varchar;1;100
DBErrors;ErrorProcedure;varchar;1;-1
DBErrors;ErrorMessage;varchar;1;-1
DBErrors;ErrorLine;int;1;4
DBErrors;ErrorDateTime;datetime;1;8
dbo.DetGastoIndirecto;CodPais;char;0;3
dbo.DetGastoIndirecto;Dealer;int;0;4
dbo.DetGastoIndirecto;Fecha;datetime;0;8
dbo.DetGastoIndirecto;Tipo;smallint;0;2
dbo.DetGastoIndirecto;Descripcion;char;0;30
dbo.DetGastoIndirecto;Valor;float;0;8
dbo.DetGastoIndirecto;Rubro;char;0;2
DDE;CodPais;char;0;3
DDE;Dealer;int;0;4
DDE;Service;char;0;10
DDE;Command_Code;char;1;15
DDE;Topic;char;1;80
DDE;Item;char;1;80
DDE;Data_Prefix_1;char;1;80
DDE;Data_Prefix_2;char;1;80
DDE;Data_Prefix_3;char;1;80
DDE;Data_Suffix;char;1;80
DDE;Command_Help_Text;char;1;150
DDL;Fecha;datetime;1;8
DDL;Hostname;varchar;1;50
DDL;Usuario;nvarchar;1;200
DDL;Esquema;char;1;10
DDL;Event;nvarchar;1;200
DDL;TSQL;nvarchar;1;4000
DDL;IPServer;char;1;20
DDL;IPClient;char;1;20
DDL;ID;int;0;4
Dealer;CodPais;char;0;3
Dealer;Codigo;int;0;4
Dealer;Nombre;char;1;150
Dealer;DirectorioDato;char;0;75
Dealer;Representante;char;0;50
Dealer;Contador;char;0;50
Dealer;Auditor;char;0;50
Dealer;GerenteGeneral;char;0;50
Dealer;SubGerente;char;0;50
Dealer;JefeOperacion;char;0;50
Dealer;Pagador;char;0;50
Dealer;Ciudad;char;0;50
Dealer;Direccion;char;0;125
Dealer;Lema;char;0;200
Dealer;Moneda;char;0;25
Dealer;NRC;char;0;8
Dealer;Prefijo;char;0;2
Dealer;Logo;varchar;1;250
Dealer;TipoContribuyente;char;0;15
Dealer;NombreCorto;char;1;150
Dealer;NIT;char;1;20
Dealer;Giro;char;1;150
Dealer;ManejaLote;bit;1;1
Dealer;GrupoCliente;int;1;4
Dealer;TipoDoc;char;0;2
Dealer;AfiliacionIVA;char;0;10
Dealer;Certificador;smallint;0;2
Dealer;ActEconomica;int;0;4
Dealer;Regimen;char;0;20
Dealer;ambiente;char;0;2
Dealer;Activo;bit;0;1
DealerFechaError;CodPais;char;0;3
DealerFechaError;Dealer;int;0;4
DealerFechaError;Usuario;char;0;20
DealerFechaError;Fecha;datetime;0;8
DealerFechaError;Ruta;char;0;7
DealerFechaError;Bodega;char;0;7
DealerFechaError;Email;char;1;60
DealerFechaError;LiquidCChica;char;1;4
DealerFechaError;Nombre;varchar;1;50
DealerFechaError;CtaCChica;char;1;15
DealerFechaError;TerminalTicket;smallint;0;2
DealerFechaError;ApruebaPedido;bit;0;1
DealerFechaError;Jefe;char;1;20
DealerFechaError;Impresora;char;1;20
DealerFechaError;Manual;char;1;20
DealerFechaError;Activo;bit;1;1
DealerFechaError;FechaInv;date;0;3
DealerFechaError2;CodPais;char;0;3
DealerFechaError2;Dealer;int;0;4
DealerFechaError2;Usuario;char;0;20
DealerFechaError2;Fecha;datetime;0;8
DealerFechaError2;Ruta;char;0;7
DealerFechaError2;Bodega;char;0;7
DealerFechaError2;Email;char;1;60
DealerFechaError2;LiquidCChica;char;1;4
DealerFechaError2;Nombre;varchar;1;50
DealerFechaError2;CtaCChica;char;1;15
DealerFechaError2;TerminalTicket;smallint;0;2
DealerFechaError2;ApruebaPedido;bit;0;1
DealerFechaError2;Jefe;char;1;20
DealerFechaError2;Impresora;char;1;20
DealerFechaError2;Manual;char;1;20
DealerFechaError2;Activo;bit;1;1
DealerFechaError2;FechaInv;date;0;3
DeclarcionSalud;CodPais;char;0;3
DeclarcionSalud;Dealer;int;0;4
DeclarcionSalud;Empleado;int;0;4
DeclarcionSalud;D1;bit;0;1
DeclarcionSalud;S1;char;0;20
DeclarcionSalud;D2;bit;0;1
DeclarcionSalud;S2;char;0;20
DeclarcionSalud;D3;bit;0;1
DeclarcionSalud;S3;char;0;20
DeclarcionSalud;D4;bit;0;1
DeclarcionSalud;S4;char;0;20
DeclarcionSalud;D5;bit;0;1
DeclarcionSalud;S5;char;0;20
DeclarcionSalud;D6;bit;0;1
DeclarcionSalud;S6;char;0;20
DeclarcionSalud;D7;bit;0;1
DeclarcionSalud;S7;char;0;20
DeclarcionSalud;D8;bit;0;1
DeclarcionSalud;S8;char;0;20
DeclarcionSalud;D9;bit;0;1
DeclarcionSalud;S9;char;0;20
DeclarcionSalud;D10;bit;0;1
DeclarcionSalud;S10;char;0;20
DeclarcionSalud;D11;bit;0;1
DeclarcionSalud;S11;char;0;20
DeclarcionSalud;D12;bit;0;1
DeclarcionSalud;S12;char;0;20
DeclarcionSalud;D13;bit;0;1
DeclarcionSalud;S13;char;0;20
DeclarcionSalud;D14;bit;0;1
DeclarcionSalud;S14;char;0;20
DeclarcionSalud;Corazon;bit;0;1
DeclarcionSalud;Higado;bit;0;1
DeclarcionSalud;Riñones;bit;0;1
DeclarcionSalud;AparatoDigestivo;bit;0;1
DeclarcionSalud;Mareos;bit;0;1
DeclarcionSalud;Respiracion;bit;0;1
DeclarcionSalud;DolorCabeza;bit;0;1
DeclarcionSalud;PerdidaConocimiento;bit;0;1
DeclSalud;CodPais;char;0;3
DeclSalud;Dealer;int;0;4
DeclSalud;Empleado;int;0;4
DeclSalud;D1;bit;0;1
DeclSalud;S1;char;0;20
DeclSalud;D2;bit;0;1
DeclSalud;S2;char;0;20
DeclSalud;D3;bit;0;1
DeclSalud;S3;char;0;20
DeclSalud;D4;bit;0;1
DeclSalud;S4;char;0;20
DeclSalud;D5;bit;0;1
DeclSalud;S5;char;0;20
DeclSalud;D6;bit;0;1
DeclSalud;S6;char;0;20
DeclSalud;D7;bit;0;1
DeclSalud;S7;char;0;20
DeclSalud;D8;bit;0;1
DeclSalud;S8;char;0;20
DeclSalud;D9;bit;0;1
DeclSalud;S9;char;0;20
DeclSalud;D10;bit;0;1
DeclSalud;S10;char;0;20
DeclSalud;D11;bit;0;1
DeclSalud;S11;char;0;20
DeclSalud;D12;bit;0;1
DeclSalud;S12;char;0;20
DeclSalud;D13;bit;0;1
DeclSalud;S13;char;0;20
DeclSalud;D14;bit;0;1
DeclSalud;S14;char;0;20
DeclSalud;Corazon;bit;0;1
DeclSalud;Higado;bit;0;1
DeclSalud;Riñon;bit;0;1
DeclSalud;AparatoDigestivo;bit;0;1
DeclSalud;Mareo;bit;0;1
DeclSalud;Respiracion;bit;0;1
DeclSalud;DolorCabeza;bit;0;1
DeclSalud;PerdidaConocimiento;bit;0;1
DefectoPersonal;CodPais;char;0;3
DefectoPersonal;Dealer;int;0;4
DefectoPersonal;SolicitudNo;int;0;4
DefectoPersonal;Padecimiento;char;0;25
DefectoPersonal;Si;bit;0;1
Deficiencia;CodPais;char;0;3
Deficiencia;Dealer;smallint;0;2
Deficiencia;IdReciboCafe;int;0;4
Deficiencia;IdTipoDeficiencia;int;0;4
Deficiencia;IdCosecha;int;0;4
Deficiencia;Porcentaje;real;0;4
Depart;CodPais;char;0;3
Depart;Dealer;smallint;0;2
Depart;Depart;char;0;6
Depart;Descripcion;char;0;60
DepContrato;CodPais;char;0;3
DepContrato;Dealer;int;0;4
DepContrato;Contrato;float;0;8
DepContrato;Nombre;char;0;75
DepContrato;FechaNacimiento;datetime;0;8
DepContrato;CodigoEmpleado;int;0;4
DepContrato;Parentesco;char;0;2
DepContrato;Direccion;char;0;75
DepContrato;Telefono;char;0;8
Dependencia;CodPais;char;0;3
Dependencia;Dealer;int;0;4
Dependencia;Codigo;char;0;4
Dependencia;Descripcion;char;0;40
DepNomina;CodPais;char;0;3
DepNomina;Dealer;smallint;0;2
DepNomina;Codigo;char;0;4
DepNomina;Descripcion;char;0;30
DepNomina;Sueldo;char;0;15
DepNomina;SueldoCC;smallint;0;2
DepNomina;Renta;char;0;15
DepNomina;ISSS;char;0;15
DepNomina;TiempoExtra;char;0;15
DepNomina;TiempoExtraCC;smallint;0;2
DepNomina;Banco;char;0;15
DepNomina;Unidad;char;0;4
DepositoBanco;CodPais;char;0;3
DepositoBanco;Dealer;int;0;4
DepositoBanco;Banco;smallint;0;2
DepositoBanco;Empresa;smallint;0;2
DepositoBanco;Cuenta;decimal;0;9
DepositoBanco;CuentaCorriente;char;0;2
DepositoBanco;CuentaAhorro;char;0;2
DepositoBanco;CuentaNombre;char;0;50
DepositoPlanilla;Codpais;char;0;3
DepositoPlanilla;Dealer;int;0;4
DepositoPlanilla;Codigo;int;0;4
DepositoPlanilla;Descripcion;char;0;75
DepositoPlanilla;Plan;char;0;4
DepositoPlanilla;Envio;int;0;4
DepositoPlanilla;PorDefecto;bit;0;1
DepreciacionAF;CodPais;char;0;3
DepreciacionAF;Dealer;int;0;4
DepreciacionAF;Ubicacion;smallint;0;2
DepreciacionAF;Codigo;char;0;15
DepreciacionAF;Fecha_aplicacion;datetime;0;8
DepreciacionAF;Valor;float;0;8
DepreciacionAF;Aplicado;bit;0;1
DepreciacionAF;Tipo;char;0;2
DepSegColectivo;CodPais;char;0;3
DepSegColectivo;Dealer;int;0;4
DepSegColectivo;CodigoEmpleado;int;0;4
DepSegColectivo;Corr;smallint;0;2
DepSegColectivo;Beneficiario;char;0;35
DepSegColectivo;Parentesco;char;0;15
DepSegColectivo;PorcSeguroBasico;smallint;0;2
DepSegColectivo;PorcSeguroOpcional;smallint;0;2
DepSegMedico;CodPais;char;0;3
DepSegMedico;Dealer;int;0;4
DepSegMedico;CodigoEmpleado;int;0;4
DepSegMedico;Corr;smallint;0;2
DepSegMedico;Dependiente;char;0;35
DepSegMedico;Parentesco;char;0;15
DepSegMedico;FechaNacimiento;datetime;0;8
DepSobrantes;CodPais;char;0;3
DepSobrantes;Dealer;int;0;4
DepSobrantes;Tda;char;0;7
DepSobrantes;Codigo;smallint;0;2
DepSobrantes;Descripcion;char;0;50
DepSolicitud;CodPais;char;0;3
DepSolicitud;Dealer;int;0;4
DepSolicitud;SolicitudNo;int;0;4
DepSolicitud;Nombre;char;0;35
DepSolicitud;Edad;smallint;0;2
DepSolicitud;Parentesco;smallint;0;2
DepSolicitud;Direccion;char;0;40
DeptoEmpCafeteria;CodPais;char;0;3
DeptoEmpCafeteria;Dealer;int;0;4
DeptoEmpCafeteria;Empresa;smallint;0;2
DeptoEmpCafeteria;Departamento;char;0;4
DeptoEmpCafeteria;Nombre;char;0;75
DeptoEmpCafeteria;SubsAlmuerzo;bit;0;1
DeptoEmpCafeteria;SubsCena;bit;0;1
DeptoEmpCafeteria;SubsDesayuno;bit;0;1
DeptoEmpCafeteria;Credito;decimal;0;9
DeptoEmpCafeteria;Subsidio;decimal;0;9
DeptoEmpCafeteria;Activo;bit;0;1
Derecho;GrupoCliente;int;0;4
Derecho;Codigo;char;0;20
Derecho;Descripcion;char;0;50
Derecho;Extension;char;0;255
Derecho;Modulo;char;0;20
Derecho;Programa;char;0;1
Derecho;Tipo;char;1;1
Derecho;Activo;bit;1;1
DerechoBorrado;GrupoCliente;int;0;4
DerechoBorrado;Codigo;char;0;20
DerechoBorrado;Descripcion;char;0;50
DerechoBorrado;Extension;char;0;255
DerechoBorrado;Modulo;char;0;20
DerechoBorrado;Programa;char;0;1
DerechoBorrado;Tipo;char;1;1
DerechoBorrado;Activo;bit;1;1
DescMolina;CodPais;char;0;3
DescMolina;Dealer;int;0;4
DescMolina;Grupo;smallint;0;2
DescMolina;ClienteNo;char;0;10
DescMolina;Porcentaje;decimal;1;9
DescServicio;CodPais;char;0;3
DescServicio;Dealer;int;0;4
DescServicio;Tda;char;0;7
DescServicio;OT;int;0;4
DescServicio;Descripcion;char;0;72
DescServicio;id;int;0;4
DescuentoPermanente;CodPais;char;0;3
DescuentoPermanente;Dealer;int;0;4
DescuentoPermanente;Empleado;int;0;4
DescuentoPermanente;Codigo;smallint;0;2
DescuentoPermanente;Tipo;char;0;1
DescuentoPermanente;Porcentaje;real;1;4
DescuentoPermanente;Valor;decimal;1;5
DescuentoPermanente;Saldo;decimal;1;5
DescuentoPermanente;Cuenta;char;1;15
DescuentoPermanente;Referencia;char;1;15
Despacho;CodPais;char;0;3
Despacho;Dealer;smallint;0;2
Despacho;Tda;char;0;7
Despacho;DespachoNo;int;0;4
Despacho;Fecha;datetime;1;8
Despacho;Hora;char;1;6
Despacho;Vendedor;char;1;7
Despacho;Transportista;int;1;4
Despacho;NoFacturas;smallint;1;2
Despacho;Total;decimal;1;9
Despacho;Liquidado;bit;1;1
Despacho;HechoPor;char;1;10
Despacho;Saldo;decimal;1;9
Despacho;Vehiculo;int;1;4
Despacho;KilometroSalida;decimal;1;9
Despacho;KilometroEntrada;decimal;1;9
Despacho;PesoTransportado;decimal;1;9
Despacho;SerieCuadro;char;1;3
Despacho;Observacion;char;1;300
Despacho;TransporteParticular;smallint;1;2
Despacho;VehiculoParticular;smallint;1;2
Despacho;Consolidado;bit;1;1
Despacho;FechaConsolid;datetime;1;8
Despacho;Origen;smallint;1;2
Despacho;Destino;smallint;1;2
Despacho;Tipo;smallint;1;2
Despacho;Placa;char;1;10
Despacho;Ruta;char;1;6
Despacho;Acobro;int;1;4
Despacho;NoConsolidado;nvarchar;1;40
Despacho;Estado;char;1;2
DETALLE_DEL_MAESTRO;Codigo_de_Producto;char;0;12
DETALLE_DEL_MAESTRO;Correlativo;smallint;0;2
DETALLE_DEL_MAESTRO;Componente;char;0;12
DETALLE_DEL_MAESTRO;Cantidad;float;0;8
DETALLE_DEL_MAESTRO;Costo_Unitario;float;0;8
DETALLE_DEL_MAESTRO;Importe_Componente;float;0;8
DetalleCorte;CodPais;char;0;3
DetalleCorte;Dealer;smallint;0;2
DetalleCorte;Tda;char;0;7
DetalleCorte;Orden;int;0;4
DetalleCorte;Linea;int;0;4
DetalleCorte;Serie;char;0;3
DetalleCorte;Codigo;char;0;20
DetalleCorte;Largo;float;0;8
DetalleCorte;Ancho;float;0;8
DetalleCorte;Enviado;float;0;8
DetalleCorte;Cortado;float;0;8
DetalleCorte;Pieza;float;0;8
DetalleCotRec;CodPais;char;0;3
DetalleCotRec;Dealer;int;0;4
DetalleCotRec;Tda;char;0;7
DetalleCotRec;Tipo;char;0;2
DetalleCotRec;Correlativo;int;0;4
DetalleCotRec;LineaNo;smallint;0;2
DetalleCotRec;Fecha;datetime;0;8
DetalleCotRec;Departamento;char;0;4
DetalleCotRec;Motivo;char;0;25
DetalleCotRec;Codigo;char;0;20
DetalleCotRec;Descripcion;char;0;80
DetalleCotRec;Cantidad;decimal;0;9
DetalleCotRec;Precio1;decimal;0;9
DetalleCotRec;Precio2;decimal;0;9
DetalleCotRec;Precio3;decimal;0;9
DetalleCotRec;Precio4;decimal;0;9
DetalleCotRec;Precio5;decimal;0;9
DetalleCotRec;Estatus;char;0;2
DetalleCuenta;CodPais;char;0;3
DetalleCuenta;Dealer;int;0;4
DetalleCuenta;Tda;char;0;7
DetalleCuenta;Mesa;int;0;4
DetalleCuenta;IDDetalle;int;0;4
DetalleCuenta;Codigo;char;0;20
DetalleCuenta;Cantidad;decimal;0;9
DetalleCuenta;Unitario;decimal;0;9
DetalleCuenta;Importe;decimal;0;9
DetalleCuenta;Seleccion;bit;0;1
DetalleCuenta;CantSeleccionada;decimal;0;9
DetalleCuenta;Subtotal;decimal;0;9
DetallePedido;CodPais;char;0;3
DetallePedido;Dealer;int;0;4
DetallePedido;Tda;char;0;7
DetallePedido;Tipo;char;0;2
DetallePedido;SolicitudNo;int;0;4
DetallePedido;LineaNo;smallint;0;2
DetallePedido;Fecha;datetime;0;8
DetallePedido;CentroProceso;char;0;4
DetallePedido;Motivo;char;0;25
DetallePedido;Codigo;char;0;20
DetallePedido;Descripcion;char;0;80
DetallePedido;Cantidad;decimal;0;9
DetallePedido;UltimoCosto;decimal;0;9
DetallePedido;Subtotal;decimal;0;9
DetallePedido;Imprimir;bit;0;1
DetallePedido;Aprobado;decimal;0;9
DetallePedido;FechaAprobado;datetime;0;8
DetallePedido;FechaCotizado;datetime;0;8
DetallePedido;FechaAutorizado;datetime;0;8
DetallePedido;CantidadAprobada;decimal;0;9
DetallePedido;PrecioAprobado;decimal;0;9
DetallePedido;Ordenado;decimal;0;9
DetallePedido;FechaOrden;datetime;0;8
DetallePedido;Recibido;decimal;0;9
DetallePedido;FechaIngreso;datetime;0;8
DetallePedido;Requisado;decimal;0;9
DetallePedido;FechaUltReq;datetime;0;8
DetallePedido;Existencia;decimal;0;9
DetallePedido;Reservado;decimal;0;9
DetAnulacion;CodPais;char;0;3
DetAnulacion;Dealer;int;0;4
DetAnulacion;Tda;char;0;7
DetAnulacion;Serie;char;0;10
DetAnulacion;TipoDoc;char;0;2
DetAnulacion;DocNo;int;0;4
DetAnulacion;LineaNo;int;0;4
DetAnulacion;Bodega;char;1;7
DetAnulacion;Codigo;char;1;20
DetAnulacion;Tipo;char;1;1
DetAnulacion;Cantidad;decimal;1;9
DetAnulacion;PrecioUnitario;decimal;1;9
DetAnulacion;PrecioDescto;decimal;1;9
DetAnulacion;Importe;decimal;1;9
DetAnulacion;Fecha;datetime;1;8
DetAnulacion;CostoVendido;decimal;1;9
DetAnulacion;Desde;char;1;20
DetAnulacion;Hasta;char;1;20
DetAnulacion;Nota;char;1;150
DetAnulacion;Percepcion;decimal;1;9
DetAnulacion;PendAplicRemision;decimal;1;9
DetAnulacion;LineaPedido;int;1;4
DetAnulacion;CodBarra;char;1;20
DetAnulacion;Especifico;decimal;1;9
DetAnulacion;AdValoren;decimal;1;9
DetAnulacion;Kit;bit;1;1
DetAnulacion;TipoUnidad;char;1;2
DetAnulacion;CantidadVendida;decimal;1;9
DetAnulaciones;CodPais;char;0;3
DetAnulaciones;Dealer;int;0;4
DetAnulaciones;Tda;char;0;7
DetAnulaciones;DocNo;int;0;4
DetAnulaciones;TipoDoc;char;0;2
DetAnulaciones;LineaNo;smallint;0;2
DetAnulaciones;Vendedor;char;0;7
DetAnulaciones;Bodega;char;0;7
DetAnulaciones;Linea;char;0;4
DetAnulaciones;Codigo;char;0;20
DetAnulaciones;Tipo;char;0;1
DetAnulaciones;Cantidad;int;0;4
DetAnulaciones;PrecioUnitario;float;0;8
DetAnulaciones;PrecioDescto;float;0;8
DetAnulaciones;Importe;float;0;8
DetAnulaciones;Fecha;datetime;0;8
DetAnulaciones;CostoVendido;float;0;8
DetAnulaciones;Cliente;char;0;10
DetAnulaciones;Serie;char;0;6
DetAnulaciones;Desde;char;0;20
DetAnulaciones;Hasta;char;0;20
DetAnulaciones;CodPlan;char;0;6
DetAnulaciones;kit;bit;0;1
DetAnulaciones;Notas;varchar;1;52
DetAnulaciones;Especifico;float;1;8
DetAnulaciones;AdValoren;float;1;8
DetAnulaciones;Percepcion;float;1;8
DetAnulaciones;Bonificaciones;float;1;8
DetAnulaciones;PendAplicRemisiones;float;1;8
DetAnulaciones;LineaPedido;smallint;1;2
DetAnulaciones;CodBarra;char;1;20
DetAnulacionSal17;CodPais;char;0;3
DetAnulacionSal17;Dealer;int;0;4
DetAnulacionSal17;Tda;char;0;7
DetAnulacionSal17;Serie;char;0;10
DetAnulacionSal17;TipoDoc;char;0;2
DetAnulacionSal17;DocNo;int;0;4
DetAnulacionSal17;LineaNo;int;0;4
DetAnulacionSal17;Bodega;char;1;7
DetAnulacionSal17;Codigo;char;1;20
DetAnulacionSal17;Tipo;char;1;1
DetAnulacionSal17;Cantidad;decimal;1;9
DetAnulacionSal17;PrecioUnitario;decimal;1;9
DetAnulacionSal17;PrecioDescto;decimal;1;9
DetAnulacionSal17;Importe;decimal;1;9
DetAnulacionSal17;Fecha;datetime;1;8
DetAnulacionSal17;CostoVendido;decimal;1;9
DetAnulacionSal17;Desde;char;1;20
DetAnulacionSal17;Hasta;char;1;20
DetAnulacionSal17;Nota;char;1;150
DetAnulacionSal17;Percepcion;decimal;1;9
DetAnulacionSal17;PendAplicRemision;decimal;1;9
DetAnulacionSal17;LineaPedido;int;1;4
DetAnulacionSal17;CodBarra;char;1;20
DetAnulacionSal17;Especifico;decimal;1;9
DetAnulacionSal17;AdValoren;decimal;1;9
DetAnulacionSal17;Kit;bit;1;1
DetAnulacionSal17;TipoUnidad;char;1;2
DetAnulacionSal17;CantidadVendida;decimal;1;9
DetAsignacionProd;CodPais;char;0;3
DetAsignacionProd;Dealer;int;0;4
DetAsignacionProd;Tda;char;0;7
DetAsignacionProd;LineaAsignacion;int;1;4
DetAsignacionProd;LineaNo;int;0;4
DetAsignacionProd;Proceso;char;1;4
DetAsignacionProd;Asignado;decimal;1;9
DetAsignacionProd;Pendiente;decimal;1;9
DetAsignacionProd;LineaInventario;char;0;3
DetAsignacionProd;MOD;decimal;0;9
DetBoton;CodPais;char;0;3
DetBoton;Dealer;smallint;0;2
DetBoton;Tda;char;0;7
DetBoton;IdBoton;smallint;0;2
DetBoton;Codigo;char;0;20
DetCodigosReporte;CodPais;char;0;3
DetCodigosReporte;Dealer;int;0;4
DetCodigosReporte;Tipo;char;0;2
DetCodigosReporte;Columna;smallint;0;2
DetCodigosReporte;Codigo;smallint;0;2
DetComanda;CodPais;char;0;3
DetComanda;Dealer;int;0;4
DetComanda;Tda;char;0;7
DetComanda;Mesa;int;0;4
DetComanda;PedidoNo;int;0;4
DetComanda;Fecha;datetime;0;8
DetComanda;Hora;char;0;8
DetComanda;IDDetalle;int;0;4
DetComanda;Codigo;char;0;20
DetComanda;Cantidad;decimal;0;9
DetComanda;TipoUnidad;char;0;2
DetComanda;CantPedMesa;decimal;0;9
DetComanda;Nota;varchar;0;200
DetComanda;Listo;bit;0;1
DetComanda;Usuario;char;0;20
DetComanda;NoLinea;int;0;4
DetCompra;CodPais;char;0;3
DetCompra;Dealer;int;0;4
DetCompra;Tda;char;0;7
DetCompra;CompraNo;int;0;4
DetCompra;LineaNo;int;0;4
DetCompra;Bodega;char;0;7
DetCompra;Codigo;char;0;20
DetCompra;Cantidad;decimal;0;9
DetCompra;PrecioCompra;decimal;0;9
DetCompra;Importe;decimal;0;9
DetCompra;Fecha;datetime;0;8
DetCompra;Desde;char;1;20
DetCompra;Hasta;char;1;20
DetCompra;PesoAjustado;decimal;1;9
DetCompra;CantidadConfirmada;decimal;1;9
DetCompra;Lote;char;1;15
DetCompra;Vapor;smallint;1;2
DetCompra;TipoUnidad;char;0;2
DetCompra;CantidadComprada;decimal;0;9
DetCompra;PrecioUnidad;decimal;0;9
DetCompraAnterior;CodPais;char;0;3
DetCompraAnterior;Dealer;int;0;4
DetCompraAnterior;Tda;char;0;7
DetCompraAnterior;CompraNo;int;0;4
DetCompraAnterior;LineaNo;int;0;4
DetCompraAnterior;Bodega;char;0;7
DetCompraAnterior;Codigo;char;0;20
DetCompraAnterior;Cantidad;decimal;0;9
DetCompraAnterior;PrecioCompra;decimal;0;9
DetCompraAnterior;Importe;decimal;0;9
DetCompraAnterior;Fecha;datetime;0;8
DetCompraAnterior;Desde;char;1;20
DetCompraAnterior;Hasta;char;1;20
DetCompraAnterior;PesoAjustado;decimal;1;9
DetCompraAnterior;CantidadConfirmada;decimal;1;9
DetCompraAnterior;Lote;char;1;15
DetCompraAnterior;Vapor;smallint;1;2
DetCompraAnterior;TipoUnidad;char;0;2
DetCompraAnterior;CantidadComprada;decimal;0;9
DetCompraAnterior;PrecioUnidad;decimal;0;9
DetCompraAnteriorAnterior;CodPais;char;0;3
DetCompraAnteriorAnterior;Dealer;int;0;4
DetCompraAnteriorAnterior;Tda;char;0;7
DetCompraAnteriorAnterior;CompraNo;int;0;4
DetCompraAnteriorAnterior;LineaNo;int;0;4
DetCompraAnteriorAnterior;Bodega;char;0;7
DetCompraAnteriorAnterior;Codigo;char;0;20
DetCompraAnteriorAnterior;Cantidad;decimal;0;9
DetCompraAnteriorAnterior;PrecioCompra;decimal;0;9
DetCompraAnteriorAnterior;Importe;decimal;0;9
DetCompraAnteriorAnterior;Fecha;datetime;0;8
DetCompraAnteriorAnterior;Desde;char;1;20
DetCompraAnteriorAnterior;Hasta;char;1;20
DetCompraAnteriorAnterior;PesoAjustado;decimal;1;9
DetCompraAnteriorAnterior;CantidadConfirmada;decimal;1;9
DetCompraAnteriorAnterior;Lote;char;1;15
DetCompraAnteriorAnterior;Vapor;smallint;1;2
DetCompraAnteriorAnterior;TipoUnidad;char;0;2
DetCompraAnteriorAnterior;CantidadComprada;decimal;0;9
DetCompraAnteriorAnterior;PrecioUnidad;decimal;0;9
DetComprab;CodPais;char;0;3
DetComprab;Dealer;int;0;4
DetComprab;Tda;char;0;7
DetComprab;CompraNo;int;0;4
DetComprab;LineaNo;int;0;4
DetComprab;Bodega;char;0;7
DetComprab;Codigo;char;0;20
DetComprab;Cantidad;decimal;0;9
DetComprab;PrecioCompra;decimal;0;9
DetComprab;Importe;decimal;0;9
DetComprab;Fecha;datetime;0;8
DetComprab;Desde;char;1;20
DetComprab;Hasta;char;1;20
DetComprab;PesoAjustado;decimal;1;9
DetComprab;CantidadConfirmada;decimal;1;9
DetComprab;Lote;char;1;15
DetComprab;Vapor;smallint;1;2
DetComprab;TipoUnidad;char;0;2
DetComprab;CantidadComprada;decimal;0;9
DetComprab;PrecioUnidad;decimal;0;9
DetCompraRecepcion;CodPais;char;0;3
DetCompraRecepcion;Dealer;int;0;4
DetCompraRecepcion;Tda;char;0;7
DetCompraRecepcion;CompraNo;int;0;4
DetCompraRecepcion;LineaNo;int;0;4
DetCompraRecepcion;Bodega;char;0;7
DetCompraRecepcion;Codigo;char;0;20
DetCompraRecepcion;TipoUnidad;char;0;2
DetCompraRecepcion;Cantidad;decimal;0;9
DetCompraRecepcion;Precio;decimal;0;9
DetCompraRecepcion;CantidadComprada;decimal;0;9
DetCompraRecepcion;CantIngresada;decimal;0;9
DetCompraRecepcion;PorIngresar;decimal;0;9
DetCompraRecepcion;ParaBodega;char;1;7
DetComprasImp;DocEntry;float;1;8
DetComprasImp;DocNum;float;1;8
DetComprasImp;tipo;nvarchar;1;510
DetComprasImp;CardCode;nvarchar;1;510
DetComprasImp;nit;nvarchar;1;510
DetComprasImp;CardName;nvarchar;1;510
DetComprasImp;U_Contribuyente;nvarchar;1;510
DetComprasImp;DocType;nvarchar;1;510
DetComprasImp;USER_CODE;nvarchar;1;510
DetComprasImp;U_NAME;nvarchar;1;510
DetComprasImp;taxdate;datetime;1;8
DetComprasImp;docdate;datetime;1;8
DetComprasImp;CreateDate;datetime;1;8
DetComprasImp;U_DoctoSerie;nvarchar;1;510
DetComprasImp;U_DoctoNo;nvarchar;1;510
DetComprasImp;fact_sin_iva;float;1;8
DetComprasImp;IVA;float;1;8
DetComprasImp;descuento;float;1;8
DetComprasImp;total_doc;float;1;8
DetComprasImp;docentry1;nvarchar;1;510
DetComprasImp;ISR5;nvarchar;1;510
DetComprasImp;RIVA;nvarchar;1;510
DetComprasImp;ISRP;nvarchar;1;510
DetComprasImp;ISR7;nvarchar;1;510
DetComprasImp;numero_cuenta;nvarchar;1;510
DetComprasImp;nombre_cuenta;nvarchar;1;510
DetComprasImp;sku;nvarchar;1;510
DetComprasImp;Dscription;nvarchar;1;510
DetComprasImp;TaxCode;nvarchar;1;510
DetComprasImp;monto_sin_iva;float;1;8
DetComprasImp;impuesto;float;1;8
DetComprasImp;monto_con_iva;float;1;8
DetComprasImp;almacen;nvarchar;1;510
DetCompraTemp;CodPais;char;0;3
DetCompraTemp;Dealer;int;0;4
DetCompraTemp;Tda;char;0;7
DetCompraTemp;CompraNo;int;0;4
DetCompraTemp;LineaNo;int;0;4
DetCompraTemp;Bodega;char;0;7
DetCompraTemp;Codigo;char;0;20
DetCompraTemp;Cantidad;decimal;0;9
DetCompraTemp;PrecioCompra;decimal;0;9
DetCompraTemp;Importe;decimal;0;9
DetCompraTemp;Fecha;datetime;0;8
DetCompraTemp;Desde;char;1;20
DetCompraTemp;Hasta;char;1;20
DetCompraTemp;PesoAjustado;decimal;1;9
DetCompraTemp;CantidadConfirmada;decimal;1;9
DetCompraTemp;Lote;char;1;15
DetCompraTemp;Vapor;smallint;1;2
DetCompraTemp;TipoUnidad;char;0;2
DetCompraTemp;CantidadComprada;decimal;0;9
DetCompraTemp;PrecioUnidad;decimal;0;9
DetCompraTemporal;CodPais;char;0;3
DetCompraTemporal;Dealer;int;0;4
DetCompraTemporal;Tda;char;0;7
DetCompraTemporal;CompraNo;int;0;4
DetCompraTemporal;LineaNo;int;0;4
DetCompraTemporal;Bodega;char;0;7
DetCompraTemporal;Codigo;char;0;20
DetCompraTemporal;Cantidad;decimal;0;9
DetCompraTemporal;PrecioCompra;decimal;0;9
DetCompraTemporal;Importe;decimal;0;9
DetCompraTemporal;Fecha;datetime;0;8
DetCompraTemporal;Desde;char;1;20
DetCompraTemporal;Hasta;char;1;20
DetCompraTemporal;PesoAjustado;decimal;1;9
DetCompraTemporal;CantidadConfirmada;decimal;1;9
DetCompraTemporal;Lote;char;1;15
DetCompraTemporal;Vapor;smallint;1;2
DetCompraTemporal;TipoUnidad;char;0;2
DetCompraTemporal;CantidadComprada;decimal;0;9
DetCompraTemporal;PrecioUnidad;decimal;0;9
DetConsumo;CodPais;char;0;3
DetConsumo;Dealer;int;0;4
DetConsumo;Tda;char;0;7
DetConsumo;Serie;char;0;6
DetConsumo;TipoReq;smallint;0;2
DetConsumo;ReqNo;int;0;4
DetConsumo;Linea;int;0;4
DetConsumo;Bodega;char;0;7
DetConsumo;Codigo;char;0;20
DetConsumo;CContable;char;0;15
DetConsumo;CCosto;int;0;4
DetConsumo;Fecha;datetime;0;8
DetConsumo;Cantidad;decimal;0;9
DetConsumo;CostoUnitario;decimal;0;9
DetConsumo;Importe;decimal;0;9
DetConsumo;Motivo;char;0;2
DetConsumo;Validada;bit;0;1
DetConsumo;Lectura;char;0;20
DetConsumo;PrecioUnitario;decimal;0;9
DetConsumo;PrecioImporte;decimal;0;9
DetConsumo;Lote;char;1;15
DetConsumo;CantidadConfirmada;decimal;1;9
DetConsumo;Unidad;char;0;2
DetConsumoMaterial;CodPais;char;0;3
DetConsumoMaterial;Dealer;smallint;0;2
DetConsumoMaterial;Tda;char;0;7
DetConsumoMaterial;ConsumoNo;int;0;4
DetConsumoMaterial;LineaNo;int;0;4
DetConsumoMaterial;Bodega;char;0;7
DetConsumoMaterial;Codigo;char;0;20
DetConsumoMaterial;Cantidad;float;0;8
DetConsumoMaterial;Nota;char;0;50
DetConsumoMaterial;UMedida;char;0;5
DetConsumoMaterial;Vapor;int;0;4
DetConsumoMaterial;Fecha;datetime;0;8
DetCosto;CodPais;char;0;3
DetCosto;Dealer;int;0;4
DetCosto;Tda;char;0;7
DetCosto;Bodega;char;0;7
DetCosto;Codigo;char;0;10
DetCosto;Fecha;datetime;0;8
DetCosto;Documento;char;0;15
DetCosto;IngresoEgreso;char;0;1
DetCosto;Unidad;decimal;0;9
DetCosto;ID;char;0;1
DetCosto;SerieDoc;char;0;6
DetCosto;SIM;char;0;20
DetCosto;IMEI;char;0;25
DetCosto;SerieNo;char;0;20
DetCosto;Corr;int;0;4
DetCosto;CostoUnitario;decimal;0;9
DetCosto;Justificante;char;0;30
DetCotizacion;CodPais;char;0;3
DetCotizacion;Dealer;int;0;4
DetCotizacion;Tda;char;0;7
DetCotizacion;CotizacionNo;int;0;4
DetCotizacion;LineaNo;int;0;4
DetCotizacion;TipoDoc;char;0;2
DetCotizacion;Bodega;char;0;7
DetCotizacion;Codigo;char;0;20
DetCotizacion;Cantidad;decimal;0;9
DetCotizacion;PrecioUnitario;decimal;0;9
DetCotizacion;Importe;decimal;0;9
DetCotizacion;Fecha;datetime;0;8
DetCotizacion;CostoVendido;decimal;0;9
DetCotizacion;Descripcion;char;0;135
DetCotizacion;TipoUnidad;char;1;2
DetCotizacion;CantidadCotizada;decimal;1;9
DetDespacho;CodPais;char;0;3
DetDespacho;Dealer;smallint;0;2
DetDespacho;Tda;char;0;7
DetDespacho;DespachoNo;int;0;4
DetDespacho;Corr;int;0;4
DetDespacho;SerieDoc;char;0;10
DetDespacho;TipoDoc;char;0;2
DetDespacho;DocNo;int;0;4
DetDespacho;Valor;decimal;1;9
DetDespacho;Fecha;datetime;1;8
DetDespacho;Estatus;char;1;4
DetDespacho;UltimoMovimiento;datetime;1;8
DetDespacho;Liquidable;bit;1;1
DetDespacho;Otro;char;1;10
DetDireccion;CodPais;char;0;3
DetDireccion;Dealer;int;0;4
DetDireccion;Cliente;char;0;10
DetDireccion;Calle;char;0;30
DetDireccion;Avenida;char;0;30
DetDireccion;Pasaje;char;0;30
DetDireccion;Block;char;0;10
DetDireccion;Grupo;char;0;10
DetDireccion;Senda;char;0;30
DetDireccion;Lote;char;0;10
DetDireccion;CasaNo;char;0;10
DetDocCobro;CodPais;char;0;3
DetDocCobro;Dealer;smallint;0;2
DetDocCobro;Tda;char;0;7
DetDocCobro;EntregaNo;int;0;4
DetDocCobro;Corr;int;0;4
DetDocCobro;SerieDoc;char;1;10
DetDocCobro;TipoDoc;char;1;2
DetDocCobro;DocNo;int;1;4
DetDocCobro;Valor;float;1;8
DetDocCobro;Fecha;datetime;1;8
DetDocCobro;Estatus;char;1;4
DetDocCobro;FechaUltMov;datetime;1;8
DetDocCobro;Zona;smallint;1;2
DetDocCobro;Departamento;smallint;1;2
DetDocCobro;Municipio;smallint;1;2
DetDocCobro;ClienteNo;char;1;10
DetDocCobro;Banco;char;1;30
DetDocCobro;ChequeNo;char;1;10
DetDocCobro;CuentaNo;char;1;25
DetDocCobro;SerieNC;char;1;10
DetDocCobro;NCNo;int;1;4
DetDocCobro;FormaPago;char;1;2
DetDocCobro;Bodega;char;1;7
DetDocCobro;FechaCheque;datetime;1;8
DetDocCobro;PaisTransferencia;nchar;1;30
DetDocCobro;NombreRecpChq;char;1;30
DetDocCobro;SerieCheque;char;1;15
DetEfectivo;CodPais;char;0;3
DetEfectivo;Dealer;int;0;4
DetEfectivo;Tda;char;0;7
DetEfectivo;Cajero;char;0;7
DetEfectivo;Fecha;datetime;0;8
DetEfectivo;Tiempo;char;0;15
DetEfectivo;Denominacion;real;0;4
DetEfectivo;Cantidad;int;0;4
DetEfectivo;Valor;float;0;8
DetEmpaqueHerraje;CodPais;char;0;3
DetEmpaqueHerraje;Dealer;int;0;4
DetEmpaqueHerraje;Tda;char;0;7
DetEmpaqueHerraje;PedidoNo;int;0;4
DetEmpaqueHerraje;CajaNo;int;0;4
DetEmpaqueHerraje;Codigo;char;0;20
DetEmpaqueHerraje;Color;varchar;0;25
DetEmpaqueHerraje;Cantidad;int;0;4
DetEmpaqueHerraje;PesoProducto;decimal;0;9
DetEmpaqueHerraje;PesoEmpaque;decimal;0;9
DetEntregaPT;CodPais;char;0;3
DetEntregaPT;Dealer;smallint;0;2
DetEntregaPT;EntregaNo;int;0;4
DetEntregaPT;SerieEntrega;char;0;3
DetEntregaPT;Linea;smallint;0;2
DetEntregaPT;Codigo;char;0;20
DetEntregaPT;Fecha;datetime;0;8
DetEntregaPT;Cantidad;decimal;0;9
DetEntregaPT;CostoUnitario;decimal;0;9
DetEntregaPT;Importe;decimal;0;9
DetEntregaPT;Bodega;char;0;4
DetEntregaPT;SerieOrden;char;0;3
DetEntregaPT;Orden;int;0;4
DetEstCta;CodPais;char;0;3
DetEstCta;Dealer;int;0;4
DetEstCta;Cliente;char;0;10
DetEstCta;Correlativo;datetime;0;8
DetEstCta;Doc;char;0;15
DetEstCta;Cargo;decimal;0;9
DetEstCta;Abono;decimal;0;9
DetEstCta;Referencia;char;0;15
DetFactContrato;CodPais;char;0;3
DetFactContrato;Dealer;int;0;4
DetFactContrato;Tda;char;0;7
DetFactContrato;ContratoNo;int;0;4
DetFactContrato;LineaNo;int;0;4
DetFactContrato;CorrLinea;smallint;0;2
DetFactContrato;Codigo;char;0;20
DetFactContrato;Descripcion;char;0;150
DetFactEspecial;CodPais;char;0;3
DetFactEspecial;Dealer;int;0;4
DetFactEspecial;Tda;char;0;7
DetFactEspecial;Serie;char;0;6
DetFactEspecial;DocNo;int;0;4
DetFactEspecial;LineaNo;int;0;4
DetFactEspecial;Codigo;char;0;20
DetFactEspecial;Cantidad;decimal;0;9
DetFactEspecial;Valor;decimal;0;9
DetFactura;CodPais;char;0;3
DetFactura;Dealer;int;0;4
DetFactura;Tda;char;0;7
DetFactura;Serie;char;0;10
DetFactura;Tipodoc;char;0;2
DetFactura;DocNo;int;0;4
DetFactura;LineaNo;int;0;4
DetFactura;Bodega;char;0;7
DetFactura;Codigo;char;0;20
DetFactura;Tipo;char;0;1
DetFactura;Cantidad;decimal;0;9
DetFactura;PrecioUnitario;decimal;0;9
DetFactura;PrecioDescto;decimal;1;9
DetFactura;Importe;decimal;0;9
DetFactura;Fecha;datetime;0;8
DetFactura;CostoVendido;decimal;1;9
DetFactura;Desde;char;1;20
DetFactura;Hasta;char;1;20
DetFactura;Nota;char;1;150
DetFactura;Percepcion;decimal;1;9
DetFactura;PendAplicRemision;decimal;1;9
DetFactura;LineaPedido;int;1;4
DetFactura;CodBarra;char;1;20
DetFactura;Especifico;decimal;1;9
DetFactura;AdValoren;decimal;1;9
DetFactura;CdCosto;int;1;4
DetFactura;Descripción;varchar;1;150
DetFactura;EsBonificado;char;1;1
DetFactura;ConDescuento;char;1;1
DetFactura;Descuento;decimal;1;9
DetFactura;Lote;char;1;15
DetFactura;Vapor;smallint;1;2
DetFactura;Kit;bit;1;1
DetFactura;TipoUnidad;char;1;2
DetFactura;CantidadVendida;decimal;0;9
DetFactura;ItemNo;int;0;4
DetFactura;PrecioAut;decimal;0;9
DetFactura;Ocultar;bit;0;1
DetFactura;TipoDocRef;varchar;0;2
DetFactura;SerieRef;varchar;0;20
DetFactura;DocNoRef;int;0;4
DetFacturaAnterior;CodPais;char;0;3
DetFacturaAnterior;Dealer;int;0;4
DetFacturaAnterior;Tda;char;0;7
DetFacturaAnterior;Serie;char;0;10
DetFacturaAnterior;Tipodoc;char;0;2
DetFacturaAnterior;DocNo;int;0;4
DetFacturaAnterior;LineaNo;int;0;4
DetFacturaAnterior;Bodega;char;0;7
DetFacturaAnterior;Codigo;char;0;20
DetFacturaAnterior;Tipo;char;0;1
DetFacturaAnterior;Cantidad;decimal;0;9
DetFacturaAnterior;PrecioUnitario;decimal;0;9
DetFacturaAnterior;PrecioDescto;decimal;1;9
DetFacturaAnterior;Importe;decimal;0;9
DetFacturaAnterior;Fecha;datetime;0;8
DetFacturaAnterior;CostoVendido;decimal;1;9
DetFacturaAnterior;Desde;char;1;20
DetFacturaAnterior;Hasta;char;1;20
DetFacturaAnterior;Nota;char;1;150
DetFacturaAnterior;Percepcion;decimal;1;9
DetFacturaAnterior;PendAplicRemision;decimal;1;9
DetFacturaAnterior;LineaPedido;int;1;4
DetFacturaAnterior;CodBarra;char;1;20
DetFacturaAnterior;Especifico;decimal;1;9
DetFacturaAnterior;AdValoren;decimal;1;9
DetFacturaAnterior;CdCosto;int;1;4
DetFacturaAnterior;Descripción;varchar;1;150
DetFacturaAnterior;EsBonificado;char;1;1
DetFacturaAnterior;ConDescuento;char;1;1
DetFacturaAnterior;Descuento;decimal;1;9
DetFacturaAnterior;Lote;char;1;15
DetFacturaAnterior;Vapor;smallint;1;2
DetFacturaAnterior;Kit;bit;1;1
DetFacturaAnterior;TipoUnidad;char;1;2
DetFacturaAnterior;CantidadVendida;decimal;0;9
DetFacturaAnterior;ItemNo;int;0;4
DetFacturaAnterior;PrecioAut;decimal;0;9
DetFacturaAnterior;Ocultar;bit;0;1
DetFacturaAnterior;TipoDocRef;varchar;0;2
DetFacturaAnterior;SerieRef;varchar;0;20
DetFacturaAnterior;DocNoRef;int;0;4
DetFacturah;CodPais;char;0;3
DetFacturah;Dealer;int;0;4
DetFacturah;Tda;char;0;7
DetFacturah;Serie;char;0;10
DetFacturah;Tipodoc;char;0;2
DetFacturah;DocNo;int;0;4
DetFacturah;LineaNo;int;0;4
DetFacturah;Bodega;char;0;7
DetFacturah;Codigo;char;0;20
DetFacturah;Tipo;char;0;1
DetFacturah;Cantidad;decimal;0;9
DetFacturah;PrecioUnitario;decimal;0;9
DetFacturah;PrecioDescto;decimal;1;9
DetFacturah;Importe;decimal;0;9
DetFacturah;Fecha;datetime;0;8
DetFacturah;CostoVendido;decimal;1;9
DetFacturah;Desde;char;1;20
DetFacturah;Hasta;char;1;20
DetFacturah;Nota;char;1;150
DetFacturah;Percepcion;decimal;1;9
DetFacturah;PendAplicRemision;decimal;1;9
DetFacturah;LineaPedido;int;1;4
DetFacturah;CodBarra;char;1;20
DetFacturah;Especifico;decimal;1;9
DetFacturah;AdValoren;decimal;1;9
DetFacturah;CdCosto;int;1;4
DetFacturah;Descripción;varchar;1;150
DetFacturah;EsBonificado;char;1;1
DetFacturah;ConDescuento;char;1;1
DetFacturah;Descuento;decimal;1;9
DetFacturah;Lote;char;1;15
DetFacturah;Vapor;smallint;1;2
DetFacturah;Kit;bit;1;1
DetFacturah;TipoUnidad;char;1;2
DetFacturah;CantidadVendida;decimal;0;9
DetFacturah;ItemNo;int;0;4
DetFacturaImp;CodPais;char;0;3
DetFacturaImp;Dealer;int;0;4
DetFacturaImp;Tda;char;0;7
DetFacturaImp;Serie;char;0;10
DetFacturaImp;TipoDoc;char;1;2
DetFacturaImp;DocNo;int;0;4
DetFacturaImp;LineaNo;int;0;4
DetFacturaImp;Codigo;int;0;4
DetFacturaImp;Escenario;int;1;4
DetFacturaImp;Cantidad;decimal;1;9
DetFacturaImp;Gravado;decimal;1;9
DetFacturaImp;Valor;decimal;1;9
DetFacturaMasa;CodPais;char;0;3
DetFacturaMasa;Dealer;int;0;4
DetFacturaMasa;Tda;char;0;7
DetFacturaMasa;No;int;0;4
DetFacturaMasa;DocNo;int;0;4
DetFacturaMasa;Valor;float;1;8
DetFacturaSal17;CodPais;char;0;3
DetFacturaSal17;Dealer;int;0;4
DetFacturaSal17;Tda;char;0;7
DetFacturaSal17;Serie;char;0;10
DetFacturaSal17;Tipodoc;char;0;2
DetFacturaSal17;DocNo;int;0;4
DetFacturaSal17;LineaNo;int;0;4
DetFacturaSal17;Bodega;char;0;7
DetFacturaSal17;Codigo;char;0;20
DetFacturaSal17;Tipo;char;0;1
DetFacturaSal17;Cantidad;decimal;0;9
DetFacturaSal17;PrecioUnitario;decimal;0;9
DetFacturaSal17;PrecioDescto;decimal;1;9
DetFacturaSal17;Importe;decimal;0;9
DetFacturaSal17;Fecha;datetime;0;8
DetFacturaSal17;CostoVendido;decimal;1;9
DetFacturaSal17;Desde;char;1;20
DetFacturaSal17;Hasta;char;1;20
DetFacturaSal17;Nota;char;1;150
DetFacturaSal17;Percepcion;decimal;1;9
DetFacturaSal17;PendAplicRemision;decimal;1;9
DetFacturaSal17;LineaPedido;int;1;4
DetFacturaSal17;CodBarra;char;1;20
DetFacturaSal17;Especifico;decimal;1;9
DetFacturaSal17;AdValoren;decimal;1;9
DetFacturaSal17;CdCosto;int;1;4
DetFacturaSal17;Descripción;varchar;1;150
DetFacturaSal17;EsBonificado;char;1;1
DetFacturaSal17;ConDescuento;char;1;1
DetFacturaSal17;Descuento;decimal;1;9
DetFacturaSal17;Lote;char;1;15
DetFacturaSal17;Vapor;smallint;1;2
DetFacturaSal17;Kit;bit;1;1
DetFacturaSal17;TipoUnidad;char;1;2
DetFacturaSal17;CantidadVendida;decimal;0;9
DetFacturaSal17;ItemNo;int;0;4
DetFacturaSal17;PrecioAut;decimal;0;9
DetFacturaSal17;Ocultar;bit;0;1
DetFacturaSal17;TipoDocRef;varchar;0;2
DetFacturaSal17;SerieRef;varchar;0;20
DetFacturaSal17;DocNoRef;int;0;4
DetFacturaTemp;CodPais;char;0;3
DetFacturaTemp;Dealer;int;0;4
DetFacturaTemp;Tda;char;0;7
DetFacturaTemp;Serie;char;0;10
DetFacturaTemp;Tipodoc;char;0;2
DetFacturaTemp;DocNo;int;0;4
DetFacturaTemp;LineaNo;int;0;4
DetFacturaTemp;Bodega;char;0;7
DetFacturaTemp;Codigo;char;0;20
DetFacturaTemp;Tipo;char;0;1
DetFacturaTemp;Cantidad;decimal;0;9
DetFacturaTemp;PrecioUnitario;decimal;0;9
DetFacturaTemp;PrecioDescto;decimal;1;9
DetFacturaTemp;Importe;decimal;0;9
DetFacturaTemp;Fecha;datetime;0;8
DetFacturaTemp;CostoVendido;decimal;1;9
DetFacturaTemp;Desde;char;1;20
DetFacturaTemp;Hasta;char;1;20
DetFacturaTemp;Nota;char;1;150
DetFacturaTemp;Percepcion;decimal;1;9
DetFacturaTemp;PendAplicRemision;decimal;1;9
DetFacturaTemp;LineaPedido;int;1;4
DetFacturaTemp;CodBarra;char;1;20
DetFacturaTemp;Especifico;decimal;1;9
DetFacturaTemp;AdValoren;decimal;1;9
DetFacturaTemp;CdCosto;int;1;4
DetFacturaTemp;Descripción;varchar;1;150
DetFacturaTemp;EsBonificado;char;1;1
DetFacturaTemp;ConDescuento;char;1;1
DetFacturaTemp;Descuento;decimal;1;9
DetFacturaTemp;Lote;char;1;15
DetFacturaTemp;Vapor;smallint;1;2
DetFacturaTemp;Kit;bit;1;1
DetFacturaTemp;TipoUnidad;char;1;2
DetFacturaTemp;CantidadVendida;decimal;0;9
DetFacturaTemp;PrecioAut;decimal;0;9
DetGastoIndirect;CodPais;char;0;3
DetGastoIndirect;Dealer;int;0;4
DetGastoIndirect;Mes;smallint;0;2
DetGastoIndirect;Año;smallint;0;2
DetGastoIndirect;Tipo;smallint;0;2
DetGastoIndirect;Descripcion;char;0;100
DetGastoIndirect;Rubro;char;0;2
DetGastoIndirect;Valor;decimal;0;9
DetGastoIndirecto;CodPais;char;0;3
DetGastoIndirecto;Dealer;int;0;4
DetGastoIndirecto;Fecha;datetime;0;8
DetGastoIndirecto;Tipo;smallint;0;2
DetGastoIndirecto;Descripcion;char;0;100
DetGastoIndirecto;Valor;decimal;0;9
DetGastoIndirecto;Rubro;char;0;2
DetGastos;CodPais;char;0;3
DetGastos;Dealer;int;0;4
DetGastos;Tda;char;0;7
DetGastos;Cajero;char;0;7
DetGastos;Fecha;datetime;0;8
DetGastos;Tiempo;char;0;15
DetGastos;ID;int;0;4
DetGastos;Documento;char;0;1
DetGastos;Descripcion;char;0;75
DetGastos;Valor;float;0;8
DetGastos;Pagado;bit;0;1
DetHojaLiq;CodPais;char;0;3
DetHojaLiq;Dealer;int;0;4
DetHojaLiq;Tda;char;0;7
DetHojaLiq;LiqNo;int;0;4
DetHojaLiq;SerieDoc;char;0;10
DetHojaLiq;TipoDoc;char;0;2
DetHojaLiq;DocNo;int;0;4
DetHojaLiq;ClienteNo;char;0;15
DetHojaLiq;Fecha;datetime;0;8
DetHojaLiq;Valor;float;0;8
DetHojaLiq;Concepto;char;0;60
DetHojaLiq;Cobrador;char;0;4
DetHojaLiq;Usuario;char;0;10
DetHojaLiq;Cajero;char;0;7
DetHojaLiq;ReciboCaja;char;0;15
DetHojaLiq;DocRecibido;bit;0;1
DetHojaLiq;FormaPago;char;0;2
DetHojaLiq;Banco;char;0;30
DetHojaLiq;CtaBancoNo;char;0;25
DetHojaLiq;ChequeNo;char;0;10
DetHojaLiq;Aceptado;bit;0;1
DetHojaLiq;CuentaRemesa;char;0;15
DetHojaLiq;RemesaNo;char;0;15
DetHojaLiq;FechaCobro;datetime;0;8
DetHojaProduccion;CodPais;char;0;3
DetHojaProduccion;Dealer;int;0;4
DetHojaProduccion;Tda;char;0;7
DetHojaProduccion;HojaNo;int;0;4
DetHojaProduccion;LineaNo;int;0;4
DetHojaProduccion;Codigo;char;0;20
DetHojaProduccion;Proceso;char;0;4
DetHojaProduccion;MOD;decimal;0;9
DetHojaProduccion;Cantidad;int;0;4
DetHojaProduccion;SerieOrden;char;0;10
DetHojaProduccion;OrdenNo;int;0;4
DetHojaProduccion;ColadaIni;int;0;4
DetHojaProduccion;ColadaFin;int;0;4
DetHojaProduccion;Averia;int;0;4
DetHojaProduccion;Desperdicio;decimal;0;9
DetHojaProduccion;UltimoProceso;char;0;4
DetHojaProduccion;CostoUnitario;decimal;0;9
DetHojaProduccionEnsamble;CodPais;char;0;3
DetHojaProduccionEnsamble;Dealer;int;0;4
DetHojaProduccionEnsamble;Tda;char;0;7
DetHojaProduccionEnsamble;HojaNo;int;0;4
DetHojaProduccionEnsamble;LineaNo;int;0;4
DetHojaProduccionEnsamble;Bodega;char;1;7
DetHojaProduccionEnsamble;Fecha;date;1;3
DetHojaProduccionEnsamble;Codigo;char;1;20
DetHojaProduccionEnsamble;Cantidad;decimal;1;9
DetHojaProduccionEnsamble;CostoUnitario;decimal;1;9
DetHojaProduccionMaterial;CodPais;char;0;3
DetHojaProduccionMaterial;Dealer;int;0;4
DetHojaProduccionMaterial;Tda;char;0;7
DetHojaProduccionMaterial;HojaNo;int;0;4
DetHojaProduccionMaterial;LineaNo;int;0;4
DetHojaProduccionMaterial;Bodega;char;1;7
DetHojaProduccionMaterial;Fecha;date;1;3
DetHojaProduccionMaterial;Codigo;char;1;20
DetHojaProduccionMaterial;Cantidad;decimal;1;9
DetHojaProduccionMaterial;CostoUnitario;decimal;1;9
DetHojaProduccionMaterial;MP;char;1;1
DetImportacion;CodPais;char;0;3
DetImportacion;Dealer;int;0;4
DetImportacion;Tda;char;0;7
DetImportacion;ImportacionNo;int;0;4
DetImportacion;LineaNo;smallint;0;2
DetImportacion;Bodega;char;0;7
DetImportacion;Codigo;char;0;20
DetImportacion;Cantidad;decimal;0;9
DetImportacion;FOBUnitario;numeric;0;9
DetImportacion;ImporteFOB;decimal;0;9
DetImportacion;DiferencialPrecio;decimal;0;9
DetImportacion;PorcentajeImpuesto;decimal;0;9
DetImportacion;ValorMonedaOrigen;numeric;0;9
DetImportacion;ValorDolar;decimal;0;9
DetImportacion;Impuesto;decimal;0;9
DetImportacion;Gasto;decimal;0;9
DetImportacion;Flete;decimal;0;9
DetImportacion;Seguro;decimal;0;9
DetImportacion;ExistenciaLlegada;decimal;0;9
DetImportacion;Recibido;bit;0;1
DetImportacion;RetaceoNo;decimal;0;9
DetImportacion;Peso;decimal;0;9
DetImportacion;Fecha;datetime;0;8
DetImportacion;CodVapor;smallint;0;2
DetImportacion;Lote;char;1;15
DetImportacion;Contenedor;char;0;25
DetImportacion;PalletNo;int;0;4
DetImportacion;CantidadCont;decimal;0;9
DetImportacion;PrecioCont;decimal;0;9
DetImportacion;ImporteCont;decimal;0;9
DetImportacion;CantidadPallet;int;0;4
DetImportacion;TipoUnidad;char;0;2
DetImportacion;CantidadComprada;decimal;0;9
DetImportacion;PrecioUnidad;decimal;0;9
DetIngBodega;CodPais;char;0;3
DetIngBodega;Dealer;int;0;4
DetIngBodega;Tda;char;0;7
DetIngBodega;IngresoNo;decimal;0;9
DetIngBodega;ItemNo;int;0;4
DetIngBodega;Bodega;char;0;7
DetIngBodega;Codigo;char;0;20
DetIngBodega;Linea;char;0;4
DetIngBodega;Cantidad;decimal;0;9
DetIngBodega;PrecioCompra;decimal;0;9
DetIngBodega;Importe;decimal;0;9
DetIngBodega;TipoUnidad;char;0;2
DetIngBodega;CantidadIngresada;decimal;0;9
DetIngBodega;PrecioUnidad;decimal;0;9
DetIngDevVtas;CodPais;char;0;3
DetIngDevVtas;Dealer;int;0;4
DetIngDevVtas;Tda;char;0;7
DetIngDevVtas;IngresoNo;float;0;8
DetIngDevVtas;ItemNo;smallint;0;2
DetIngDevVtas;Bodega;char;0;7
DetIngDevVtas;Codigo;char;0;20
DetIngDevVtas;Linea;char;0;4
DetIngDevVtas;Cantidad;float;0;8
DetIngDevVtas;PrecioCompra;float;0;8
DetIngDevVtas;Importe;float;0;8
DetIngDevVtas;TipoUnidad;char;0;2
DetIngDevVtas;CantidadIngresada;float;0;8
DetIngDevVtas;PrecioUnidad;float;0;8
DetIngreso;CodPais;char;0;3
DetIngreso;Dealer;int;0;4
DetIngreso;Tienda;char;0;7
DetIngreso;IngresoNo;int;0;4
DetIngreso;LineaNo;smallint;0;2
DetIngreso;Codigo;char;0;20
DetIngreso;Desde;char;0;20
DetIngreso;Hasta;char;0;20
DetIngreso;Cantidad;int;0;4
DetIngreso;Fecha;datetime;0;8
DetIngreso;CostoUnitario;decimal;0;9
DetIngresoTienda;CodPais;char;0;3
DetIngresoTienda;Dealer;int;0;4
DetIngresoTienda;Tienda;char;0;7
DetIngresoTienda;NoIngreso;int;0;4
DetIngresoTienda;LineaNo;smallint;0;2
DetIngresoTienda;Codigo;char;0;20
DetIngresoTienda;Desde;char;0;20
DetIngresoTienda;Hasta;char;0;20
DetIngresoTienda;Cantidad;int;0;4
DetIngresoTienda;Fecha;datetime;0;8
DetInventarioFisico;CodPais;char;0;3
DetInventarioFisico;Dealer;int;0;4
DetInventarioFisico;Tda;char;0;7
DetInventarioFisico;Tipo;char;0;2
DetInventarioFisico;Numero;int;0;4
DetInventarioFisico;LineaNo;int;0;4
DetInventarioFisico;Bodega;char;0;7
DetInventarioFisico;Fecha;datetime;0;8
DetInventarioFisico;Codigo;char;0;20
DetInventarioFisico;Fisico;decimal;0;9
DetInventarioFisico;Teorico;decimal;0;9
DetInventarioFisico;CostoUnitario;decimal;0;9
DetInventarioFisico;CostoTotal;decimal;0;9
DetInventarioFisico;TipoUnidad;char;0;2
DetInventarioFisico;CantidadContada;decimal;0;9
DetInventarioFisico;CostoUnidad;decimal;0;9
DetInventarioFisico;Pendiente;decimal;0;9
DetLiqCajaChica;CodPais;char;0;3
DetLiqCajaChica;Dealer;int;0;4
DetLiqCajaChica;Tda;char;0;7
DetLiqCajaChica;LiqNo;int;0;4
DetLiqCajaChica;IDDetalle;int;0;4
DetLiqCajaChica;Proveedor;char;0;14
DetLiqCajaChica;SerieDoc;char;0;50
DetLiqCajaChica;TipoDoc;char;0;1
DetLiqCajaChica;DocNo;char;0;50
DetLiqCajaChica;Total;decimal;0;9
DetLiqCajaChica;Seleccion;bit;0;1
DetLiquidacion;CodPais;char;0;3
DetLiquidacion;Dealer;smallint;0;2
DetLiquidacion;Tda;char;0;7
DetLiquidacion;LiquidacionNo;int;0;4
DetLiquidacion;Correlativo;int;0;4
DetLiquidacion;ClienteNo;char;1;10
DetLiquidacion;SerieDoc;char;1;6
DetLiquidacion;TipoDoc;char;1;2
DetLiquidacion;DocNo;int;1;4
DetLiquidacion;SerieNC;char;1;6
DetLiquidacion;NoNC;int;1;4
DetLiquidacion;Fecha;datetime;1;8
DetLiquidacion;Valor;decimal;1;9
DetLiquidacion;Concepto;char;1;60
DetLiquidacion;Cobrador;char;1;4
DetLiquidacion;Usuario;char;1;10
DetLiquidacion;ReciboCaja;char;1;15
DetLiquidacion;DocRecibido;bit;1;1
DetLiquidacion;FormaPago;char;1;2
DetLiquidacion;Banco;char;1;30
DetLiquidacion;CuentaBanco;char;1;25
DetLiquidacion;ChequeNo;char;1;10
DetLiquidacion;AceptadoGerencia;bit;1;1
DetLiquidacion;FechaCobroPostfechado;datetime;1;8
DetMaterialOT;CodPais;char;0;3
DetMaterialOT;Dealer;smallint;0;2
DetMaterialOT;Tda;char;0;7
DetMaterialOT;OT;float;0;8
DetMaterialOT;Serie;char;0;6
DetMaterialOT;ReqNo;int;0;4
DetMaterialOT;TipoReq;smallint;0;2
DetMaterialOT;Codigo;char;0;20
DetMaterialOT;Comentario;char;0;200
DetMaterialOT;Unidades;float;0;8
DetMaterialOT;CostoUnitario;float;0;8
DetMaterialOT;Valor;float;0;8
DetMaterialOT;Fecha;datetime;0;8
DetMaterialOT;Bodega;char;0;7
DetMaterialOT;Corr;int;0;4
DetMaterialOT;CorrRV;int;0;4
DetMaterialProd;CodPais;char;0;3
DetMaterialProd;Dealer;int;0;4
DetMaterialProd;TipoReq;smallint;0;2
DetMaterialProd;SerieOrden;char;0;10
DetMaterialProd;OrdenNo;int;0;4
DetMaterialProd;Linea;int;0;4
DetMaterialProd;Codigo;char;0;20
DetMaterialProd;CuentaContable;char;0;15
DetMaterialProd;Fecha;datetime;0;8
DetMaterialProd;Cantidad;decimal;0;9
DetMaterialProd;CostoUnitario;decimal;0;9
DetMaterialProd;Importe;decimal;0;9
DetMaterialProd;Motivo;char;0;25
DetMaterialProd;Bodega;char;0;7
DetMaterialProd;Cargar;char;0;20
DetMaterialProd;UM;int;1;4
DetMaterialProd;Vapor;smallint;1;2
DetMaterialProd;Lote;char;1;15
DetNcProveedor;CodPais;char;0;3
DetNcProveedor;Dealer;int;0;4
DetNcProveedor;Tienda;char;0;7
DetNcProveedor;NoNotaAbono;int;0;4
DetNcProveedor;Proveedor;char;0;14
DetNcProveedor;Serie;char;0;20
DetNcProveedor;LinNo;int;0;4
DetNcProveedor;Bodega;char;0;7
DetNcProveedor;Codigo;char;0;20
DetNcProveedor;Cantidad;decimal;0;9
DetNcProveedor;PrecioCompra;decimal;0;9
DetNcProveedor;Importe;decimal;0;9
DetNcProveedor;CostoUnitario;decimal;0;9
DetNcProveedor;Fecha;datetime;0;8
DetNcProveedor;TipoUnidad;char;0;2
DetNcProveedor;CantidadDevuelta;decimal;0;9
DetNcProveedorAnterior;CodPais;char;0;3
DetNcProveedorAnterior;Dealer;int;0;4
DetNcProveedorAnterior;Tienda;char;0;7
DetNcProveedorAnterior;NoNotaAbono;int;0;4
DetNcProveedorAnterior;Proveedor;char;0;14
DetNcProveedorAnterior;Serie;char;0;20
DetNcProveedorAnterior;LinNo;int;0;4
DetNcProveedorAnterior;Bodega;char;0;7
DetNcProveedorAnterior;Codigo;char;0;20
DetNcProveedorAnterior;Cantidad;decimal;0;9
DetNcProveedorAnterior;PrecioCompra;decimal;0;9
DetNcProveedorAnterior;Importe;decimal;0;9
DetNcProveedorAnterior;CostoUnitario;decimal;0;9
DetNcProveedorAnterior;Fecha;datetime;0;8
DetNcProveedorAnterior;TipoUnidad;char;0;2
DetNcProveedorAnterior;CantidadDevuelta;decimal;0;9
DetNotaAbono;CodPais;char;0;3
DetNotaAbono;Dealer;int;0;4
DetNotaAbono;Tda;char;0;7
DetNotaAbono;Serie;char;0;6
DetNotaAbono;DocNo;int;0;4
DetNotaAbono;LineaNo;int;0;4
DetNotaAbono;Bodega;char;0;7
DetNotaAbono;Codigo;char;0;20
DetNotaAbono;Cantidad;decimal;0;9
DetNotaAbono;Valor;decimal;0;9
DetNotaCredito;CodPais;char;0;3
DetNotaCredito;Dealer;int;0;4
DetNotaCredito;Tda;char;0;7
DetNotaCredito;Serie;char;0;10
DetNotaCredito;No;int;0;4
DetNotaCredito;NotaAbono;bit;0;1
DetNotaCredito;LineaNo;int;0;4
DetNotaCredito;Bodega;char;0;7
DetNotaCredito;Codigo;char;0;20
DetNotaCredito;Cantidad;decimal;0;9
DetNotaCredito;PrecioVenta;decimal;0;9
DetNotaCredito;Importe;decimal;0;9
DetNotaCredito;CostoDevuelto;decimal;0;9
DetNotaCredito;Fecha;datetime;0;8
DetNotaCredito;MotivoDevolucion;smallint;0;2
DetNotaCredito;Nota;char;0;80
DetNotaCredito;CdCosto;int;0;4
DetNotaCredito;EsBonificado;char;1;1
DetNotaCredito;ConDescuento;char;1;1
DetNotaCredito;Descuento;decimal;1;9
DetNotaCredito;Descripcion;varchar;0;150
DetNotaCredito;TipoUnidad;char;0;2
DetNotaCredito;CantidadDevuelta;decimal;0;9
DetNotaCredito;ItemNo;int;0;4
DetNotaCreditoDesc;CodPais;char;0;3
DetNotaCreditoDesc;Dealer;int;0;4
DetNotaCreditoDesc;Tda;char;0;7
DetNotaCreditoDesc;Serie;char;0;10
DetNotaCreditoDesc;No;int;0;4
DetNotaCreditoDesc;LineaNo;smallint;0;2
DetNotaCreditoDesc;Bodega;char;0;7
DetNotaCreditoDesc;Codigo;char;0;20
DetNotaCreditoDesc;Cantidad;decimal;0;9
DetNotaCreditoDesc;PrecioVenta;decimal;0;9
DetNotaCreditoDesc;Importe;decimal;1;9
DetNotaCreditoDesc;CostoDevuelto;decimal;1;9
DetNotaCreditoDesc;Fecha;datetime;1;8
DetNotaCreditoDesc;MotivoDevolucion;smallint;1;2
DetNotaCreditoDesc;Nota;char;1;80
DetOrdenCompra;CodPais;char;0;3
DetOrdenCompra;Dealer;int;0;4
DetOrdenCompra;Tda;char;0;7
DetOrdenCompra;OrdenNo;int;0;4
DetOrdenCompra;LineaNo;int;0;4
DetOrdenCompra;Fecha;datetime;0;8
DetOrdenCompra;Departamento;char;0;4
DetOrdenCompra;Motivo;char;0;25
DetOrdenCompra;Codigo;char;0;20
DetOrdenCompra;Descripcion;char;0;80
DetOrdenCompra;Cantidad;decimal;0;9
DetOrdenCompra;PrecioUnitario;decimal;0;9
DetOrdenCompra;Importe;decimal;0;9
DetOrdenCompra;Proveedor;char;0;14
DetOrdenCompra;Tipo;char;1;2
DetOrdenCompra;Cuenta;char;1;15
DetOrdenCompra;CdeCosto;smallint;1;2
DetOrdenCompra;IdPresuProy;char;1;10
DetOrdenCompra;Proyecto;char;1;3
DetOrdenCompra;TipoUnidad;char;0;2
DetOrdenCompra;CantidadPedida;decimal;0;9
DetOrdenCompra;PrecioUnidad;decimal;0;9
DetOrdenCompra;CantTarima;decimal;0;9
DetOrdenMedicaEmpresarial;CodPais;char;0;3
DetOrdenMedicaEmpresarial;Dealer;int;0;4
DetOrdenMedicaEmpresarial;Tda;char;0;7
DetOrdenMedicaEmpresarial;OrdenNo;varchar;0;20
DetOrdenMedicaEmpresarial;LineaNo;int;0;4
DetOrdenMedicaEmpresarial;Codigo;char;1;20
DetOrdenMedicaEmpresarial;Descripcion;varchar;1;150
DetOrdenMedicaEmpresarial;Cantidad;decimal;1;9
DetOrdenMedicaEmpresarial;PrecioSinIVA;decimal;1;9
DetOrdenMedicaEmpresarial;PrecioConIVA;decimal;1;9
DetOrdenMedicaEmpresarial;ImporteSinIVA;decimal;1;9
DetOrdenMedicaEmpresarial;ImporteConIVA;decimal;1;9
DetOrdenMedicaEmpresarial;Observaciones;varchar;1;250
DetOrdenMedicaExterna;CodPais;char;0;3
DetOrdenMedicaExterna;Dealer;int;0;4
DetOrdenMedicaExterna;Tda;char;0;7
DetOrdenMedicaExterna;OrdenNo;varchar;0;20
DetOrdenMedicaExterna;LineaNo;int;0;4
DetOrdenMedicaExterna;Codigo;char;1;20
DetOrdenMedicaExterna;Descripcion;varchar;1;150
DetOrdenMedicaExterna;Cantidad;decimal;1;9
DetOrdenMedicaExterna;PrecioSinIVA;decimal;1;9
DetOrdenMedicaExterna;PrecioConIVA;decimal;1;9
DetOrdenMedicaExterna;ImporteSinIVA;decimal;1;9
DetOrdenMedicaExterna;ImporteConIVA;decimal;1;9
DetOrdenMedicaExterna;Observaciones;varchar;1;250
DetOrdenMedicaExterna;PorcPaciente;decimal;0;5
DetOrdenMedicaExterna;PorcEmpresa;decimal;0;5
DetOrdenMedicaExterna;ImportePaciente;decimal;0;9
DetOrdenMedicaExterna;ImporteEmpresa;decimal;0;9
DetOrdenMedicaExterna;Tipo;char;0;1
DetOrdenMedicaExterna;PorcDesc;smallint;0;2
DetOrdenMedicaExterna;Descuento;decimal;0;9
DetOrdenMedicaExterna;PrecioDescto;decimal;0;9
DetOrdenMedicaHospital;CodPais;char;0;3
DetOrdenMedicaHospital;Dealer;int;0;4
DetOrdenMedicaHospital;Tda;char;0;7
DetOrdenMedicaHospital;OrdenNo;varchar;0;20
DetOrdenMedicaHospital;LineaNo;int;0;4
DetOrdenMedicaHospital;Codigo;char;1;20
DetOrdenMedicaHospital;Descripcion;varchar;1;150
DetOrdenMedicaHospital;Cantidad;decimal;1;9
DetOrdenMedicaHospital;PrecioUnitario;decimal;1;9
DetOrdenMedicaHospital;Importe;decimal;1;9
DetOrdenMedicaHospital;Observaciones;varchar;1;250
DetOrdenServicio;CodPais;char;0;3
DetOrdenServicio;Dealer;smallint;0;2
DetOrdenServicio;Tda;char;0;7
DetOrdenServicio;OT;int;0;4
DetOrdenServicio;Descripcion;char;0;72
DetOrdenServicio;Id;int;0;4
DetPatron;CodPais;char;0;3
DetPatron;Dealer;smallint;0;2
DetPatron;Tda;char;0;7
DetPatron;PatronNo;char;0;15
DetPatron;Corr;int;0;4
DetPatron;Talla;char;0;10
DetPatron;Codigo;char;0;20
DetPatron;Cantidad;float;0;8
DetPedido;CodPais;char;0;3
DetPedido;Dealer;int;0;4
DetPedido;Tda;char;0;7
DetPedido;Tipo;char;0;2
DetPedido;SolicitudNo;int;0;4
DetPedido;LineaNo;smallint;0;2
DetPedido;Fecha;datetime;0;8
DetPedido;CentroProceso;char;0;4
DetPedido;Motivo;char;0;25
DetPedido;Codigo;char;0;20
DetPedido;Descripcion;char;0;80
DetPedido;Cantidad;decimal;0;9
DetPedido;UltimoCosto;decimal;0;9
DetPedido;Subtotal;decimal;0;9
DetPedido;Imprimir;bit;0;1
DetPedido;Aprobado;decimal;0;9
DetPedido;FechaAprobado;datetime;0;8
DetPedido;FechaCotizado;datetime;0;8
DetPedido;FechaAutorizado;datetime;0;8
DetPedido;CantidadAprobada;decimal;0;9
DetPedido;PrecioAprobado;decimal;0;9
DetPedido;Ordenado;decimal;0;9
DetPedido;FechaOrden;datetime;0;8
DetPedido;Recibido;decimal;0;9
DetPedido;FechaIngreso;datetime;0;8
DetPedido;Requisado;decimal;0;9
DetPedido;FechaUltReq;datetime;0;8
DetPedido;Existencia;decimal;0;9
DetPedido;Reservado;decimal;0;9
DetPedidoBods;CodPais;char;0;3
DetPedidoBods;Dealer;int;0;4
DetPedidoBods;Tda;char;0;7
DetPedidoBods;TipoPedido;char;0;2
DetPedidoBods;PedidoNo;nvarchar;0;60
DetPedidoBods;LineaNo;int;0;4
DetPedidoBods;Codigo;char;0;20
DetPedidoBods;Cantidad;decimal;0;9
DetPedidoBods;PrecioUnitario;decimal;0;9
DetPedidoBods;Importe;decimal;0;9
DetPedidoBods;Fecha;datetime;0;8
DetPedidoBods;Referencia;char;0;8
DetPedidoBods;CodigoBarra;char;0;20
DetPedidoBods;CantidadPrepSalida;decimal;0;9
DetPedidoBods;CantidadPrepEntrada;decimal;0;9
DetPedidoBods;Despachado;bit;0;1
DetPedidoBods;Notas;char;0;50
DetPedidoBods;Estatus;char;0;2
DetPedidoMesa;CodPais;char;0;3
DetPedidoMesa;Dealer;int;0;4
DetPedidoMesa;Tda;char;0;7
DetPedidoMesa;Mesa;int;0;4
DetPedidoMesa;PedidoNo;int;0;4
DetPedidoMesa;Fecha;datetime;0;8
DetPedidoMesa;Hora;char;0;8
DetPedidoMesa;IDDetalle;int;0;4
DetPedidoMesa;Codigo;char;0;20
DetPedidoMesa;Cantidad;decimal;0;9
DetPedidoMesa;TipoUnidad;char;0;2
DetPedidoMesa;CantPedMesa;decimal;0;9
DetPedidoMesa;Nota;varchar;0;200
DetPedidoMesa;Unitario;decimal;0;9
DetPedidoMesa;Importe;decimal;0;9
DetPedidoMesa;Comanda;bit;0;1
DetPedidoMesa;Listo;bit;0;1
DetPedidoMesa;Pagado;bit;0;1
DetPedidoMesa;Usuario;char;0;20
DetPedidoVta;CodPais;char;0;3
DetPedidoVta;Dealer;int;0;4
DetPedidoVta;Tda;char;0;7
DetPedidoVta;TipoPedido;char;0;2
DetPedidoVta;PedidoNo;int;0;4
DetPedidoVta;LineaNo;int;0;4
DetPedidoVta;Bodega;char;0;7
DetPedidoVta;Codigo;char;0;20
DetPedidoVta;Tipo;char;0;1
DetPedidoVta;Cantidad;decimal;0;9
DetPedidoVta;PrecioUnitario;decimal;0;9
DetPedidoVta;Importe;decimal;0;9
DetPedidoVta;Fecha;datetime;0;8
DetPedidoVta;Estatus;bit;0;1
DetPedidoVta;Facturado;decimal;0;9
DetPedidoVta;Pendiente;decimal;0;9
DetPedidoVta;Preparado;decimal;0;9
DetPedidoVta;Bonificacion;decimal;0;9
DetPedidoVta;Nota;char;0;50
DetPedidoVta;Campaña;char;0;10
DetPedidoVta;CdCosto;int;0;4
DetPedidoVta;Descripción;varchar;0;150
DetPedidoVta;Descuento;decimal;0;9
DetPedidoVta;ConDescuento;char;0;1
DetPedidoVta;TipoUnidad;char;0;2
DetPedidoVta;CantidadPedida;decimal;0;9
DetPedidoVta;EsBonificado;char;0;2
DetPedidoVta;Cualidad;varchar;0;10
DetPedidoVta;PrecioDescto;decimal;0;9
DetPedidoVta;ExistenciaHerraje;decimal;0;9
DetPlanilla;CodPais;char;0;3
DetPlanilla;Dealer;int;0;4
DetPlanilla;Planilla;smallint;0;2
DetPlanilla;Empleado;int;0;4
DetPlanilla;NombreCompleto;char;0;45
DetPlanilla;Cargo;char;0;6
DetPlanilla;Dias;smallint;0;2
DetPlanilla;Sueldo;decimal;0;5
DetPlanilla;HorasNocturnidad;decimal;0;9
DetPlanilla;ValorNocturnidad;decimal;0;5
DetPlanilla;HorasExtrasDiurnas;decimal;0;9
DetPlanilla;ValorExtrasDiurnas;decimal;0;5
DetPlanilla;HorasExtrasNocturnas;decimal;0;9
DetPlanilla;ValorExtrasNocturnas;decimal;0;5
DetPlanilla;HorasExtrasDomingo;decimal;0;9
DetPlanilla;ValorExtrasDomingo;decimal;0;5
DetPlanilla;HorasExtrasDomingoNocturnas;decimal;0;9
DetPlanilla;ValorExtrasDomingoNocturnas;decimal;0;5
DetPlanilla;DiasDobles;decimal;0;9
DetPlanilla;ValorDiasDobles;decimal;0;5
DetPlanilla;TotalExtras;decimal;0;5
DetPlanilla;OtrosDevengos;decimal;0;5
DetPlanilla;ValorProduccionNormal;decimal;0;5
DetPlanilla;TotalDevengado;decimal;0;5
DetPlanilla;HorasDescontadas;decimal;0;9
DetPlanilla;ValorHorasDescontadas;decimal;0;5
DetPlanilla;DescuentoIsss;decimal;0;5
DetPlanilla;DescuentoAfp;decimal;0;5
DetPlanilla;DescuentoRenta;decimal;0;5
DetPlanilla;OtrosDescuentos;decimal;0;5
DetPlanilla;TotalDescuentos;decimal;0;5
DetPlanilla;Liquido;decimal;0;5
DetPlanilla;CodigoContable;char;0;15
DetPlanilla;Departamento;char;0;4
DetPlanilla;Nota;char;0;1
DetPlanilla;Cooperativa;decimal;0;5
DetPlanilla;ProcuraduriaGp;decimal;0;5
DetPlanilla;VolorProduccionExtra;decimal;0;5
DetPlanilla;SujetoRenta;decimal;0;5
DetPlanilla;SujetoIsss;decimal;0;5
DetPlanilla;SujetoAfp;decimal;0;5
DetPlanilla;Incapacidad;smallint;0;2
DetPlanilla;ValorIncapacidad;decimal;0;5
DetPlanilla;Ausentismo;smallint;0;2
DetPlanilla;ValorAusentismo;decimal;0;5
DetPlanilla;Afp;smallint;0;2
DetPlanilla;Fecha;datetime;0;8
DetPlanilla;SujetoRentaFijo;decimal;1;5
DetPlanilla;DescuentoRentaFijo;decimal;1;5
DetPlanilla;CCosto;smallint;1;2
DetPlanilla;Asueto;decimal;0;5
DetPlanilla;Alimento;decimal;0;5
DetPlantillaCosto;CodPais;char;0;3
DetPlantillaCosto;Dealer;int;0;4
DetPlantillaCosto;PlantillaNo;int;0;4
DetPlantillaCosto;LineaNo;int;0;4
DetPlantillaCosto;Proceso;char;1;4
DetPlantillaCosto;CodigoMP1;char;1;20
DetPlantillaCosto;CantMP1;decimal;1;9
DetPlantillaCosto;CodigoMP2;char;1;20
DetPlantillaCosto;CantMP2;decimal;1;9
DetPlantillaCosto;Operador;varchar;1;10
DetPlantillaCosto;TiempoMOD;decimal;1;9
DetPlantillaCosto;GIF;decimal;0;9
DetPlantillaCosto;PB;decimal;0;9
DetPlantillaCosto;PN;decimal;0;9
DetPlantillaCosto;PB2;decimal;0;9
DetPlantillaCosto;PN2;decimal;0;9
DetPlantillaCosto;ManoObraDirecta;decimal;0;9
DetPlantillaCosto;DepMolde;decimal;0;9
DetPlantillaCosto;DepMaquina;decimal;0;9
DetPlantillaCosto;DepElectricidad;decimal;0;9
DetPlantillaCosto;CostoMP1;decimal;0;9
DetPlantillaCosto;CostoMP2;decimal;0;9
DetPlantillaCosto;Codigo;char;0;20
DetPlantillaCostoBack;CodPais;char;0;3
DetPlantillaCostoBack;Dealer;int;0;4
DetPlantillaCostoBack;PlantillaNo;int;0;4
DetPlantillaCostoBack;LineaNo;int;0;4
DetPlantillaCostoBack;Proceso;char;1;4
DetPlantillaCostoBack;CodigoMP1;char;1;20
DetPlantillaCostoBack;CantMP1;decimal;1;9
DetPlantillaCostoBack;CodigoMP2;char;1;20
DetPlantillaCostoBack;CantMP2;decimal;1;9
DetPlantillaCostoBack;Operador;varchar;1;10
DetPlantillaCostoBack;TiempoMOD;decimal;1;9
DetPlantillaCostoBack;GIF;decimal;0;9
DetPlantillaCostoBack;PB;decimal;0;9
DetPlantillaCostoBack;PN;decimal;0;9
DetPlantillaCostoBack;PB2;decimal;0;9
DetPlantillaCostoBack;PN2;decimal;0;9
DetPlantillaCostoBack;ManoObraDirecta;decimal;0;9
DetPlantillaCostoBack;DepMolde;decimal;0;9
DetPlantillaCostoBack;DepMaquina;decimal;0;9
DetPlantillaCostoBack;DepElectricidad;decimal;0;9
DetPlantillaCostoBack;CostoMP1;decimal;0;9
DetPlantillaCostoBack;CostoMP2;decimal;0;9
DetPlantillaCostoBack;Codigo;char;0;20
DetPreliquidacion;CodPais;char;0;3
DetPreliquidacion;Dealer;smallint;0;2
DetPreliquidacion;Tda;char;0;7
DetPreliquidacion;LiquidacionNo;int;0;4
DetPreliquidacion;Correlativo;int;0;4
DetPreliquidacion;ClienteNo;char;0;10
DetPreliquidacion;SerieDoc;char;0;10
DetPreliquidacion;TipoDoc;char;0;2
DetPreliquidacion;DocNo;int;0;4
DetPreliquidacion;SerieNC;char;1;10
DetPreliquidacion;NoNC;int;1;4
DetPreliquidacion;Valor;decimal;1;9
DetPreliquidacion;Cobrador;char;1;4
DetPreliquidacion;Usuario;char;1;10
DetPreliquidacion;VtaContado;decimal;1;9
DetPreliquidacion;Motivo;smallint;1;2
DetPreliquidacion;FormaPago;char;1;2
DetPreliquidacion;AceptadoGerencia;bit;1;1
DetPresGlo;CodPais;char;0;3
DetPresGlo;Dealer;int;0;4
DetPresGlo;CodigoActividad;int;0;4
DetPresGlo;Corr;smallint;0;2
DetPresGlo;Cantidad;float;0;8
DetPresGlo;DescripcionCompra;char;0;35
DetPresGlo;PrecioUnitario;decimal;0;9
DetPresGlo;Importe;decimal;0;9
DetPresGlo;Fecha;datetime;0;8
DetPresuPer;CodPais;char;0;3
DetPresuPer;Dealer;int;0;4
DetPresuPer;CodigoActividad;int;0;4
DetPresuPer;Corr;smallint;0;2
DetPresuPer;Cantidad;decimal;0;9
DetPresuPer;DescripcionCompra;char;0;35
DetPresuPer;PrecioUnitario;decimal;0;9
DetPresuPer;Importe;decimal;0;9
DetPresuPer;Fecha;datetime;0;8
DetPresupuestoGlobal;CodPais;char;0;3
DetPresupuestoGlobal;Dealer;int;0;4
DetPresupuestoGlobal;CodigoActividad;int;0;4
DetPresupuestoGlobal;Corr;smallint;0;2
DetPresupuestoGlobal;Cantidad;decimal;0;9
DetPresupuestoGlobal;DescripcionCompra;char;0;35
DetPresupuestoGlobal;PrecioUnitario;decimal;0;9
DetPresupuestoGlobal;Importe;decimal;0;9
DetPresupuestoGlobal;Fecha;datetime;0;8
DetPresupuestoPersona;CodPais;char;0;3
DetPresupuestoPersona;Dealer;int;0;4
DetPresupuestoPersona;CodigoActividad;int;0;4
DetPresupuestoPersona;Corr;smallint;0;2
DetPresupuestoPersona;Cantidad;decimal;0;9
DetPresupuestoPersona;DescripcionCompra;char;0;35
DetPresupuestoPersona;PrecioUnitario;decimal;0;9
DetPresupuestoPersona;Importe;decimal;0;9
DetPresupuestoPersona;Fecha;datetime;0;8
DetProduccion;CodPais;char;0;3
DetProduccion;Dealer;int;0;4
DetProduccion;Tda;char;0;7
DetProduccion;OrdenNo;int;0;4
DetProduccion;LineaNo;int;0;4
DetProduccion;Codigo;char;0;20
DetProduccion;Cantidad;decimal;0;9
DetProduccion;TipoUnidad;char;0;2
DetProduccion;CantidadPedida;decimal;0;9
DetProduccion;FechaEntrega;date;0;3
DetProduccion;Eliminado;bit;0;1
DetProduccion;Asignado;bit;0;1
DetProduccionAv;CodPais;char;0;3
DetProduccionAv;Dealer;int;0;4
DetProduccionAv;Serie;char;0;20
DetProduccionAv;OrdenNo;int;0;4
DetProduccionAv;LineaNo;int;0;4
DetProduccionAv;Fecha;date;0;3
DetProduccionAv;Dia;int;0;4
DetProduccionAv;Semana;smallint;0;2
DetProduccionAv;CantInicial;int;0;4
DetProduccionAv;CantMuertas;int;0;4
DetProduccionAv;CantDescarte;int;0;4
DetProduccionAv;CantVendidas;int;0;4
DetProduccionAv;CantOtras;int;0;4
DetProduccionAv;CantFinal;int;0;4
DetProduccionAv;EdadDias;int;0;4
DetProduccionAv;PorcMortalidad;float;0;8
DetProduccionAv;MortalidadAcu;float;0;8
DetProduccionAv;PorcMortalidadAcu;float;0;8
DetProduccionAv;Jumbo;int;0;4
DetProduccionAv;Grande;int;0;4
DetProduccionAv;Mediano;int;0;4
DetProduccionAv;Pequeno;int;0;4
DetProduccionAv;Chico;int;0;4
DetProduccionAv;Extrachico;int;0;4
DetProduccionAv;Piwi;int;0;4
DetProduccionAv;CantHBuenos;int;0;4
DetProduccionAv;Yema;int;0;4
DetProduccionAv;Roto;int;0;4
DetProduccionAv;Sucio;int;0;4
DetProduccionAv;CantHMalos;int;0;4
DetProduccionAv;CantHuevo;int;0;4
DetProduccionAv;ProduccionAcu;float;0;8
DetProduccionAv;ProduccionAve;float;0;8
DetProduccionAv;CantComida;float;0;8
DetProduccionAv;ComidaAcu;float;0;8
DetProduccionAv;ComidaLbs;float;0;8
DetProduccionAv;ComidaGrs;float;0;8
DetProduccionAv;Observaciones;char;0;250
DetProduccionAv;Aplicado;bit;0;1
DetProduccionAv;Liquidado;bit;0;1
DetProduccionAv;CostoAve;float;0;8
DetProgPago;CodPais;char;0;3
DetProgPago;Dealer;int;0;4
DetProgPago;Tipo;char;0;1
DetProgPago;Documento;char;0;15
DetProgPago;QuedanNo;int;0;4
DetProgPago;Proveedor;char;0;10
DetProgPago;FechaDoc;datetime;0;8
DetProgPago;FechaQuedan;datetime;0;8
DetProgPago;SaldoDoc;decimal;0;9
DetProgPago;ValorPagar;decimal;0;9
DetProgPago;SaldoPend;decimal;0;9
DetProgPago;FechaVenc;datetime;0;8
DetProgPago;FechaPago;datetime;0;8
DetProgPago;Reprogramar;datetime;0;8
DetProgPago;CtaPagar;char;0;15
DetProgPago;Usuario;char;0;12
DetProgPago;Autorizacion;bit;0;1
DetProgPago;ChequeNo;int;0;4
DetProgPago;FechaProg;datetime;0;8
DetProgPago;ChqGenerado;bit;0;1
DetProgramacion;CodPais;char;0;3
DetProgramacion;Dealer;int;0;4
DetProgramacion;Tda;char;0;7
DetProgramacion;FechaProgramacion;datetime;0;8
DetProgramacion;Proveedor;char;0;10
DetProgramacion;SerieDoc;char;0;10
DetProgramacion;TipoDoc;char;0;1
DetProgramacion;DocNo;char;0;15
DetProgramacion;NoQuedan;int;0;4
DetProgramacion;FechaDoc;datetime;0;8
DetProgramacion;FechaQuedan;datetime;0;8
DetProgramacion;Saldo;decimal;0;9
DetProgramacion;APagar;decimal;0;9
DetProgramacion;SaldoPendiente;decimal;0;9
DetProgramacion;Vencto;datetime;0;8
DetProgramacion;FechaPagar;datetime;0;8
DetProgramacion;Reprogramar;datetime;0;8
DetProgramacion;CtaPagar;char;0;15
DetProgramacion;Usuario;char;0;12
DetProgramacion;Autorizado;bit;0;1
DetProgramacion;ChqNo;int;0;4
DetProgramacion;Generado;bit;0;1
DetPrueba;Codigo;char;1;20
DetPrueba;Desripcion;char;1;100
DetPrueba;Cantidad;char;1;50
DetPrueba;PrecioUnitario;float;1;8
DetPrueba;Importe;float;1;8
DetQuedanCxP;CodPais;char;0;3
DetQuedanCxP;Dealer;int;0;4
DetQuedanCxP;Tda;char;0;7
DetQuedanCxP;QuedanNo;int;0;4
DetQuedanCxP;LineaNo;int;0;4
DetQuedanCxP;Fecha;datetime;0;8
DetQuedanCxP;Proveedor;char;0;10
DetQuedanCxP;SerieDoc;char;0;10
DetQuedanCxP;TipoDoc;char;0;1
DetQuedanCxP;DocNo;char;0;10
DetQuedanCxP;Valor;decimal;0;9
DetQuedanCxP;Usuario;char;0;10
DetQuedanCxP;HoraEmision;char;0;6
DetQuedanCxP;FechaPago;datetime;0;8
DetQuedanCxP;Estatus;char;0;4
DetQuedanCxP;Pagar;bit;1;1
DetQuedanCxP;CuentaBancaria;char;1;15
DetQuedanCxP;Reprogramar;bit;1;1
DetQuedanCxP;NuevaFecha;datetime;1;8
DetReceta;CodPais;char;0;3
DetReceta;Dealer;int;0;4
DetReceta;Producto;char;0;20
DetReceta;Ingrediente;char;0;20
DetReceta;Cantidad;float;0;8
DetReceta;Unitario;decimal;0;9
DetRecibo;CodPais;char;0;3
DetRecibo;Dealer;int;0;4
DetRecibo;Tda;char;0;7
DetRecibo;Serie;char;0;20
DetRecibo;Recibo;int;0;4
DetRecibo;LineaNo;int;0;4
DetRecibo;Bodega;char;1;7
DetRecibo;Codigo;char;1;20
DetRecibo;Tipo;char;1;1
DetRecibo;Descripcion;varchar;1;150
DetRecibo;Cantidad;decimal;1;9
DetRecibo;PrecioUnitario;decimal;0;9
DetRecibo;PrecioDescto;decimal;0;9
DetRecibo;Importe;decimal;0;9
DetRecibo;PorcDescto;int;0;4
DetRecibo;Descuento;decimal;0;9
DetRecibo;Fecha;date;1;3
DetRecibo;TipoUnidad;char;0;2
DetRecibo;CantidadVendida;decimal;1;9
DetRecibo;Kit;bit;0;1
DetRecibo;Ocultar;bit;0;1
DetRegalia;CodPais;char;0;3
DetRegalia;Dealer;smallint;0;2
DetRegalia;No;smallint;0;2
DetRegalia;Codigo;char;0;20
DetRegalia;Cantidad;float;0;8
DetRegalia;Precio;float;0;8
DetRemision;CodPais;char;0;3
DetRemision;Dealer;int;0;4
DetRemision;Tda;char;0;7
DetRemision;RemisionNo;int;0;4
DetRemision;Correlativo;smallint;0;2
DetRemision;Bodega;char;0;7
DetRemision;Codigo;char;0;20
DetRemision;Cantidad;decimal;0;9
DetRemision;CostoUnitario;decimal;0;9
DetRemision;Importe;decimal;0;9
DetRemision;Estatus;char;0;1
DetRemision;UltimaDevolucion;int;0;4
DetRemision;Fecha;datetime;0;8
DetRemision;Notas;char;0;50
DetRemision;FechaVencimiento;datetime;0;8
DetRemision;CantidadPendiente;decimal;0;9
DetRemision;ParaBodega;char;0;7
DetRemision;CantidadConfirmada;decimal;1;9
DetRemision;Vapor;smallint;1;2
DetRemision;Lote;char;1;15
DetRemision;Tipo;char;0;1
DetRemision;Descuento;decimal;0;9
DetRemision;Especifico;decimal;0;9
DetRemision;AdValoren;decimal;0;9
DetRemision;TipoUnidad;char;0;2
DetRemision;Descripcion;varchar;0;150
DetRemision;SerieNR;varchar;0;20
DetRemisionAcumulada;CodPais;char;0;3
DetRemisionAcumulada;Dealer;int;0;4
DetRemisionAcumulada;Tda;char;0;7
DetRemisionAcumulada;Cliente;char;0;12
DetRemisionAcumulada;Producto;char;0;20
DetRemisionAcumulada;Fecha;datetime;0;8
DetRemisionAcumulada;RecibidoEntregado;char;0;1
DetRemisionAcumulada;Cantidad;decimal;0;9
DetRemisionAcumulada;Documento;char;0;12
DetRemisionAcumulada;Descripcion;char;0;30
DetRepGerencial;CodPais;char;0;3
DetRepGerencial;Dealer;int;0;4
DetRepGerencial;RepNo;int;0;4
DetRepGerencial;Nivel;int;0;4
DetRepGerencial;CodigoDesde;char;0;15
DetRepGerencial;CodigoHasta;char;0;15
DetReqIF_SAL17;CodPais;char;0;3
DetReqIF_SAL17;Dealer;int;0;4
DetReqIF_SAL17;Tda;char;0;7
DetReqIF_SAL17;Serie;char;0;6
DetReqIF_SAL17;TipoReq;smallint;0;2
DetReqIF_SAL17;ReqNo;int;0;4
DetReqIF_SAL17;Linea;int;0;4
DetReqIF_SAL17;Bodega;char;0;7
DetReqIF_SAL17;Codigo;char;0;20
DetReqIF_SAL17;CContable;char;0;15
DetReqIF_SAL17;CCosto;int;0;4
DetReqIF_SAL17;Fecha;datetime;0;8
DetReqIF_SAL17;Cantidad;decimal;0;9
DetReqIF_SAL17;CostoUnitario;decimal;0;9
DetReqIF_SAL17;Importe;decimal;0;9
DetReqIF_SAL17;Motivo;char;0;2
DetReqIF_SAL17;Validada;bit;0;1
DetReqIF_SAL17;Lectura;char;0;20
DetReqIF_SAL17;Desde;char;0;20
DetReqIF_SAL17;Hasta;char;0;20
DetReqIF_SAL17;PrecioUnitario;decimal;0;9
DetReqIF_SAL17;PrecioImporte;decimal;0;9
DetReqIF_SAL17;Sucursal;char;0;7
DetReqIF_SAL17;Lote;char;1;15
DetReqIF_SAL17;CodVapor;smallint;1;2
DetReqIF_SAL17;Placa;char;1;15
DetReqIF_SAL17;KmSalida;int;1;4
DetReqIF_SAL17;KmEntrada;int;1;4
DetReqIF_SAL17;CantidadConfirmada;decimal;1;9
DetReqIF_SAL17;TipoUnidad;char;0;2
DetReqIF_SAL17;CantidadRequerida;decimal;0;9
DetReqIF_SAL17;CostoUnidad;decimal;0;9
DetRequisicion;CodPais;char;0;3
DetRequisicion;Dealer;int;0;4
DetRequisicion;Tda;char;0;7
DetRequisicion;Serie;char;0;6
DetRequisicion;TipoReq;smallint;0;2
DetRequisicion;ReqNo;int;0;4
DetRequisicion;Linea;int;0;4
DetRequisicion;Bodega;char;0;7
DetRequisicion;Codigo;char;0;20
DetRequisicion;CContable;char;0;15
DetRequisicion;CCosto;int;0;4
DetRequisicion;Fecha;datetime;0;8
DetRequisicion;Cantidad;decimal;0;9
DetRequisicion;CostoUnitario;decimal;0;9
DetRequisicion;Importe;decimal;0;9
DetRequisicion;Motivo;char;0;2
DetRequisicion;Validada;bit;0;1
DetRequisicion;Lectura;char;0;20
DetRequisicion;Desde;char;0;20
DetRequisicion;Hasta;char;0;20
DetRequisicion;PrecioUnitario;decimal;0;9
DetRequisicion;PrecioImporte;decimal;0;9
DetRequisicion;Sucursal;char;0;7
DetRequisicion;Lote;char;1;15
DetRequisicion;CodVapor;smallint;1;2
DetRequisicion;Placa;char;1;15
DetRequisicion;KmSalida;int;1;4
DetRequisicion;KmEntrada;int;1;4
DetRequisicion;CantidadConfirmada;decimal;1;9
DetRequisicion;TipoUnidad;char;0;2
DetRequisicion;CantidadRequerida;decimal;0;9
DetRequisicion;CostoUnidad;decimal;0;9
DetRetencionIVA;CodPais;char;0;3
DetRetencionIVA;Dealer;smallint;0;2
DetRetencionIVA;Tda;char;0;7
DetRetencionIVA;Proveedor;char;0;14
DetRetencionIVA;Serie;char;0;10
DetRetencionIVA;Comprobante;int;0;4
DetRetencionIVA;CompraNo;int;0;4
DetRetencionIVA;SerieDoc;varchar;0;50
DetRetencionIVA;TipoDoc;char;0;1
DetRetencionIVA;FacturaNo;varchar;0;50
DetRetencionIVA;Gravado;decimal;0;9
DetRetencionIVA;Retenido;decimal;0;9
DetRetencionIVA;FechaDoc;datetime;0;8
DetRetencionIVA;Concepto;char;0;200
DetRetencionIVA;TipoDocRet;smallint;0;2
DetRetencionIVA;UUID;varchar;0;50
DetRotacionTemp;CodPais;char;0;3
DetRotacionTemp;Dealer;int;0;4
DetRotacionTemp;Codigo;char;0;20
DetRotacionTemp;Descripcion;varchar;1;150
DetRotacionTemp;Mes1;int;1;4
DetRotacionTemp;Mes2;int;1;4
DetRotacionTemp;Mes3;int;1;4
DetRotacionTemp;Mes4;int;1;4
DetRotacionTemp;Mes5;int;1;4
DetRotacionTemp;Mes6;int;1;4
DetRotacionTemp;Mes7;int;1;4
DetRotacionTemp;Mes8;int;1;4
DetRotacionTemp;Mes9;int;1;4
DetRotacionTemp;Mes10;int;1;4
DetRotacionTemp;Mes11;int;1;4
DetRotacionTemp;Mes12;int;1;4
DetRotacionTemp;MesesCalculados;smallint;1;2
DetRotacionTemp;Promedio;decimal;1;9
DetTiketAnulado;CodPais;char;0;3
DetTiketAnulado;Dealer;int;0;4
DetTiketAnulado;Tda;char;0;7
DetTiketAnulado;DocNo;int;0;4
DetTiketAnulado;TipoDoc;char;0;2
DetTiketAnulado;LineaNo;int;0;4
DetTiketAnulado;Bodega;char;0;7
DetTiketAnulado;Codigo;char;0;20
DetTiketAnulado;Cantidad;decimal;0;9
DetTiketAnulado;PrecioUnitario;decimal;0;9
DetTiketAnulado;Importe;decimal;0;9
DetTiketAnulado;PendAplicRemisiones;decimal;0;9
DetTiketAnulado;Fecha;datetime;0;8
DetTiketAnulado;CostoVendido;decimal;0;9
DetTiketAnulado;Notas;char;0;50
DetTiketAnulado;Serie;char;0;6
DetTiketAnulado;Sucursal;char;0;6
DetTiketAnulado;Descuento;decimal;1;9
DetTiketAnulado;Tipo;char;1;1
DetTransportePesado;Codpais;char;0;3
DetTransportePesado;Dealer;int;0;4
DetTransportePesado;Numero;int;0;4
DetTransportePesado;Correlativo;int;0;4
DetTransportePesado;LineaID;int;0;4
DetTransportePesado;Código;char;1;20
DetTransportePesado;Descripción;char;1;100
DetTransportePesado;Valor;decimal;1;5
DetTraslado;CodPais;char;0;3
DetTraslado;Dealer;int;0;4
DetTraslado;Tda;char;0;7
DetTraslado;Serie;char;0;6
DetTraslado;TrasladoNo;int;0;4
DetTraslado;LineaNo;smallint;0;2
DetTraslado;Codigo;char;0;20
DetTraslado;Referencia;char;0;8
DetTraslado;Fecha;datetime;0;8
DetTraslado;Cantidad;decimal;0;9
DetTraslado;CostoUnitario;decimal;0;9
DetTraslado;Importe;decimal;0;9
DetTraslado;DeBodega;char;0;7
DetTraslado;ParaBodega;char;0;7
DetTraslado;Despachado;bit;0;1
DetTraslado;Sucursal;char;0;6
DetTraslado;CodigoBarra;char;0;20
DetTraslado;Desde;char;0;20
DetTraslado;Hasta;char;0;20
DetTraslado;CantidadRecibida;decimal;1;9
DetTraslado;Vapor;smallint;1;2
DetTraslado;Lote;char;1;15
DetTraslado;TipoUnidad;char;0;2
DetTraslado;CantidadTraslado;decimal;0;9
DetTraslado;CostoUnidad;decimal;0;9
DetTraslado;CantTraslRecibida;decimal;0;9
DetValRecibido;CodPais;char;0;3
DetValRecibido;Dealer;int;0;4
DetValRecibido;Tda;char;0;7
DetValRecibido;Cliente;char;0;10
DetValRecibido;ChequeNo;char;0;20
DetValRecibido;Banco;char;0;30
DetValRecibido;Valor;decimal;0;9
DetValRecibido;Tipo;smallint;0;2
DetValRecibido;TipoDoc;char;0;2
DetValRecibido;SerieDoc;char;0;10
DetValRecibido;NoDoc;int;0;4
DetValRecibido;TotalLetras;smallint;1;2
DetValRecibido;FechaVenc;datetime;1;8
DetValRecibido;FechaEmision;datetime;1;8
DetVentas2022oasis;id;char;0;32
DetVentas2022oasis;Sucursal;varchar;0;5
DetVentas2022oasis;TipoDocto;varchar;0;1
DetVentas2022oasis;Serie;varchar;0;50
DetVentas2022oasis;DocNo;int;0;4
DetVentas2022oasis;Cliente;varchar;1;50
DetVentas2022oasis;Fecha;datetime;0;8
DetVentas2022oasis;Cajero;int;0;4
DetVentas2022oasis;Vendedor;int;0;4
DetVentas2022oasis;FactNombre;varchar;0;255
DetVentas2022oasis;FactDireccion;varchar;1;255
DetVentas2022oasis;FactNIT;varchar;0;50
DetVentas2022oasis;PedidoNo;int;0;4
DetVentas2022oasis;CondicionPago;int;0;4
DetVentas2022oasis;DiasCredito;int;0;4
DetVentas2022oasis;Gravada;decimal;0;9
DetVentas2022oasis;IVA;decimal;0;9
DetVentas2022oasis;Exenta;int;0;4
DetVentas2022oasis;NoSujetas;int;0;4
DetVentas2022oasis;Percepcion;int;0;4
DetVentas2022oasis;Retencion;int;0;4
DetVentas2022oasis;Fovial;int;0;4
DetVentas2022oasis;Descuento;int;0;4
DetVentas2022oasis;Total;decimal;0;9
DetVentas2022oasis;Saldo;int;0;4
DetVentas2022oasis;NoInventariar;int;0;4
DetVentas2022oasis;Userie;varchar;1;50
DetVentas2022oasis;UDocNo;bigint;1;8
DetVentas2022oasis;UUIDFEL;varchar;1;50
DetVentas2022oasis;Contingencia;int;1;4
DetVentas2022oasis;QQQ;varchar;0;3
DetVentas2022oasis;ParentId;char;0;32
DetVentas2022oasis;Sucursal2;varchar;0;5
DetVentas2022oasis;TipoDocto2;varchar;0;1
DetVentas2022oasis;Serie2;varchar;0;50
DetVentas2022oasis;DocNo2;int;0;4
DetVentas2022oasis;Bodega;varchar;0;5
DetVentas2022oasis;Codigo;varchar;1;20
DetVentas2022oasis;Descripcion;varchar;1;255
DetVentas2022oasis;Cantidad;decimal;0;9
DetVentas2022oasis;Presentacion;varchar;0;150
DetVentas2022oasis;UnidadesPresentacion;int;0;4
DetVentas2022oasis;Precio;decimal;0;9
DetVentas2022oasis;Descuento2;decimal;0;9
DetVentas2022oasis;Importe;decimal;0;9
DetVentas2022oasis;Kit;int;0;4
DetVentas2022oasis;LineaPedido;int;0;4
DetVentas2022oasis;CostoVendido;decimal;1;9
DetVentas2022oasis;Nota;varchar;0;1
DetVentas2022oasis;Barra;varchar;0;1
DetVentas2022oasis;Ccosto;varchar;1;5
DetVentas2022oasis;Ocultar;int;0;4
DetVentas2022oasis;CostoVenta;decimal;1;9
DetVentas2022oasis;suc2;varchar;1;5
DetVentas2022oasis;TipoDoc2;varchar;1;1
DevengoDescuento;CodPais;char;0;3
DevengoDescuento;Dealer;int;0;4
DevengoDescuento;Planilla;smallint;0;2
DevengoDescuento;Empleado;int;0;4
DevengoDescuento;Codigo;smallint;0;2
DevengoDescuento;Corr;int;0;4
DevengoDescuento;Referencia;char;1;15
DevengoDescuento;Valor;decimal;1;5
DevengoDescuento;CuentaAplicar;char;1;15
DevengoDescuento;Concepto;char;1;50
DevengoPermanente;CodPais;char;0;3
DevengoPermanente;Dealer;int;0;4
DevengoPermanente;Empleado;int;0;4
DevengoPermanente;Codigo;smallint;0;2
DevengoPermanente;Tipo;char;0;1
DevengoPermanente;Porcentaje;real;1;4
DevengoPermanente;Valor;decimal;1;5
DevengoPermanente;Saldo;decimal;1;5
DevengoPermanente;Cuenta;char;1;15
DiaMes;Clase;smallint;0;2
DiaMes;Numero;smallint;0;2
DiaMes;Concepto;char;0;15
DiaRuta;CodPais;char;0;3
DiaRuta;Dealer;int;0;4
DiaRuta;Codigo;int;0;4
DiaRuta;Descripcion;char;0;25
DIAS_MESES;CLASE;smallint;0;2
DIAS_MESES;NUMERO;smallint;0;2
DIAS_MESES;CONCEPTO;char;0;15
DiasVisita;CodPais;char;0;3
DiasVisita;Dealer;smallint;0;2
DiasVisita;ClienteNo;char;0;10
DiasVisita;Lunes;smallint;0;2
DiasVisita;Martes;smallint;0;2
DiasVisita;Miercoles;smallint;0;2
DiasVisita;Jueves;smallint;0;2
DiasVisita;Viernes;smallint;0;2
DiasVisita;Sabado;smallint;0;2
DiasVisita;Domingo;smallint;0;2
DifCaja;CodPais;char;0;3
DifCaja;Dealer;int;0;4
DifCaja;Tda;char;0;7
DifCaja;IngCaja;int;0;4
DifCaja;Fecha;datetime;0;8
DifCaja;Cajero;char;0;7
DifCaja;Valor;decimal;0;9
Direccion;id_Direccion;int;0;4
Direccion;Nombre_Direccion;nchar;0;100
DireccionCliente;CodPais;char;0;3
DireccionCliente;Dealer;smallint;0;2
DireccionCliente;Cliente;char;0;10
DireccionCliente;Corr;int;0;4
DireccionCliente;Direccion;char;0;80
DireccionCliente;Municipio;char;0;20
DireccionCliente;Departamento;char;0;20
DireccionCliente;AtencionA;char;0;40
DISPO_SECCION;CodPais;char;0;3
DISPO_SECCION;Dealer;int;0;4
DISPO_SECCION;CodAnio;smallint;0;2
DISPO_SECCION;CodNivel;smallint;0;2
DISPO_SECCION;CodGrado;smallint;0;2
DISPO_SECCION;CodSeccion;smallint;0;2
DISPO_SECCION;Capacidad;real;0;4
DISPO_SECCION;Actual;real;0;4
DISPO_SECCION;Disponibilidad;real;0;4
DistOC;CodPais;char;0;3
DistOC;Dealer;int;0;4
DistOC;Tda;char;0;7
DistOC;OrdenNo;int;0;4
DistOC;Codigo;char;0;20
DistOC;Descripcion;char;1;60
DistOC;a1;int;0;4
DistOC;a2;int;0;4
DistOC;a3;int;0;4
DistOC;a4;int;0;4
DistOC;a5;int;0;4
DistOC;a6;int;0;4
DistOC;a7;int;0;4
DistOC;a8;int;0;4
DistOC;a9;int;0;4
DistOC;a10;int;0;4
DistOC;v1;int;0;4
DistOC;v2;int;0;4
DistOC;v3;int;0;4
DistOC;v4;int;0;4
DistOC;v5;int;0;4
DistOC;v6;int;0;4
DistOC;v7;int;0;4
DistOC;v8;int;0;4
DistOC;v9;int;0;4
DistOC;v10;int;0;4
DistOC;Corr;int;0;4
DistOC;TipoUnidad;char;0;2
DistribuccionOC;CodPais;char;0;3
DistribuccionOC;Dealer;int;0;4
DistribuccionOC;Tda;char;0;7
DistribuccionOC;OrdenNo;int;0;4
DistribuccionOC;Codigo;char;0;20
DistribuccionOC;Descripcion;char;1;60
DistribuccionOC;a1;int;0;4
DistribuccionOC;a2;int;0;4
DistribuccionOC;a3;int;0;4
DistribuccionOC;a4;int;0;4
DistribuccionOC;a5;int;0;4
DistribuccionOC;a6;int;0;4
DistribuccionOC;a7;int;0;4
DistribuccionOC;a8;int;0;4
DistribuccionOC;a9;int;0;4
DistribuccionOC;a10;int;0;4
DistribuccionOC;v1;int;0;4
DistribuccionOC;v2;int;0;4
DistribuccionOC;v3;int;0;4
DistribuccionOC;v4;int;0;4
DistribuccionOC;v5;int;0;4
DistribuccionOC;v6;int;0;4
DistribuccionOC;v7;int;0;4
DistribuccionOC;v8;int;0;4
DistribuccionOC;v9;int;0;4
DistribuccionOC;v10;int;0;4
DistribuccionOC;TipoUnidad;char;0;2
DistribucionCC;CodPais;char;0;3
DistribucionCC;Dealer;int;0;4
DistribucionCC;Cuenta;char;0;15
DistribucionCC;CC;smallint;0;2
DistribucionCC;Porcentaje;real;0;4
DistritoSV;CodPais;nvarchar;1;510
DistritoSV;Codigo;float;1;8
DistritoSV;SubZona;float;1;8
DistritoSV;Nombre;nvarchar;1;510
DistritoSV;UltimoCliente;float;1;8
DistritoSV;CodigoPostal;nvarchar;1;510
DistritoSV;NCodigo;float;1;8
DistVenta;CodPais;char;0;3
DistVenta;Dealer;int;0;4
DistVenta;Tda;char;0;7
DistVenta;Dia1;decimal;1;5
DistVenta;Dia2;decimal;1;5
DistVenta;Dia3;decimal;1;5
DistVenta;Dia4;decimal;1;5
DistVenta;Dia5;decimal;1;5
DistVenta;Dia6;decimal;1;5
DistVenta;Dia7;decimal;1;5
DistVenta;Venta;decimal;1;9
DistVentaSem;CodPais;char;0;3
DistVentaSem;Dealer;int;0;4
DistVentaSem;Tda;char;0;7
DistVentaSem;Año;int;0;4
DistVentaSem;SDA;int;0;4
DistVentaSem;Dia1;decimal;1;5
DistVentaSem;Dia2;decimal;1;5
DistVentaSem;Dia3;decimal;1;5
DistVentaSem;Dia4;decimal;1;5
DistVentaSem;Dia5;decimal;1;5
DistVentaSem;Dia6;decimal;1;5
DistVentaSem;Dia7;decimal;1;5
DistVentaSem;Venta;decimal;1;9
DistVta;CodPais;char;0;3
DistVta;Dealer;int;0;4
DistVta;Tda;char;0;7
DistVta;OT;int;0;4
DistVta;Rubro;smallint;0;2
DistVta;Valor;decimal;0;9
DistVta;Serie;char;0;20
DistVta;TipoDoc;char;0;2
DistVta;DocNo;int;0;4
DivComercial;CodPais;char;0;3
DivComercial;Dealer;int;0;4
DivComercial;Tda;char;0;7
DivComercial;Codigo;smallint;0;2
DivComercial;Nombre;char;0;25
DivComercial;RVCorr;float;0;8
Division;CodPais;char;0;3
Division;Dealer;smallint;0;2
Division;Division;char;0;6
Division;Descripcion;char;0;60
DivisionEmp;CodPais;char;0;3
DivisionEmp;Dealer;int;0;4
DivisionEmp;Departamento;char;0;6
DivisionEmp;Division;char;0;7
DivisionEmp;Descripcion;char;1;50
DivisionEmp;CContable;char;1;20
Divisiones;CodPais;char;0;3
Divisiones;Dealer;int;0;4
Divisiones;Division;char;0;6
Divisiones;Descripcion;char;0;60
DocCobro;CodPais;char;0;3
DocCobro;Dealer;smallint;0;2
DocCobro;Tda;char;0;7
DocCobro;EntregaNo;int;0;4
DocCobro;Fecha;datetime;1;8
DocCobro;Hora;char;1;6
DocCobro;Vendedor;char;1;7
DocCobro;NoDocs;real;1;4
DocCobro;Total;decimal;1;9
DocCobro;Liquidado;bit;1;1
DocCobro;HechoPor;char;1;10
DocCobro;Saldo;decimal;1;9
DocCobro;Zona;smallint;1;2
DocCobro;Vencimiento;datetime;1;8
DocCobro;Sucursal;smallint;1;2
DocCobro;Impreso;smallint;1;2
DocCobro;Bodega;char;1;6
DocCobro;TipoEntrega;char;1;1
DocDigital;CodPais;char;0;3
DocDigital;Dealer;smallint;0;2
DocDigital;Tda;char;0;7
DocDigital;Tipo;char;0;10
DocDigital;ID;int;0;4
DocDigital;Serie;char;0;20
DocDigital;TipoDoc;char;0;2
DocDigital;DocNo;int;0;4
DocDigital;Folder;char;0;256
DocDigital;FileName;char;0;300
DocDigital;File;char;0;250
docdte;Codigo;char;1;10
docdte;Descripcion;char;1;250
DOCENTES;CodPais;char;0;3
DOCENTES;Dealer;int;0;4
DOCENTES;Codigo;float;0;8
DOCENTES;Nombre;char;0;100
DOCENTES;Fecha_Nacimiento;datetime;0;8
DOCENTES;Fecha_InicioLabores;datetime;0;8
DOCENTES;Titulo;char;0;100
DocPresentar;CodPais;char;0;3
DocPresentar;Dealer;int;0;4
DocPresentar;SolicitudNo;smallint;0;2
DocPresentar;Documentos;char;0;40
DocProd;CodPais;char;0;3
DocProd;Dealer;int;0;4
DocProd;Tda;char;0;7
DocProd;DocNo;char;0;2
DocProd;Usuario;char;0;20
DocProd;Serie;char;0;6
DocProd;Ultimo;int;0;4
DocProd;Activo;bit;0;1
Documento;CodPais;char;0;3
Documento;Dealer;int;0;4
Documento;Tda;char;0;7
Documento;No_Doc;char;0;2
Documento;Documento;char;0;20
Documento;Ultimo;int;0;4
Documento;Serie;char;0;10
Documento;Activo;bit;0;1
Documento;Email;int;0;4
Documento;Linea;int;0;4
Documento;Formato;int;0;4
DocumentoDTE;CodPais;char;0;3
DocumentoDTE;AfiliacionIVA;char;0;10
DocumentoDTE;Doc;char;0;5
DocumentoDTE;Descripcion;char;1;50
DocumentoDTE;Credito;bit;0;1
DocumentoDTESV;CodPais;char;0;3
DocumentoDTESV;TipoDoc;char;0;2
DocumentoDTESV;Descripcion;char;0;50
DocumentoDTESV;VersionDTE;int;0;4
DocumentoDTESV;TipoDte;char;0;2
DocumentosCaja;CodPais;char;0;3
DocumentosCaja;Dealer;int;0;4
DocumentosCaja;Tda;char;0;7
DocumentosCaja;NoDoc;char;0;2
DocumentosCaja;TipoDoc;char;0;20
DocumentosCaja;Ultimo;int;0;4
DPlanDscto;CodPais;char;0;3
DPlanDscto;Cod_Plan;char;0;6
DPlanDscto;Desde;float;0;8
DPlanDscto;Hasta;float;0;8
DPlanDscto;Tipo;char;0;10
DPlanDscto;Descuento;float;0;8
DPlanDscto;Porc;real;0;4
DPlanDscto;Saldo;float;0;8
DPlanDscto;KitPromo;char;0;13
DPVta;PedidoNo;int;0;4
DPVta;TipoPedido;char;0;2
DPVta;LineaNo;smallint;0;2
DPVta;Codigo;char;0;17
DPVta;Cantidad;float;0;8
DPVta;PrecioUnitario;float;0;8
DPVta;UAct;char;0;14
DPVta;ID;int;0;4
DTEC;Fecha_de_emision;char;1;255
DTEC;Numero_de_Autorizacion;char;0;255
DTEC;Tipo_de_DTE;char;0;10
DTEC;Serie;char;0;20
DTEC;Numero_del_DTE;char;0;20
DTEC;NIT_del_emisor;char;1;20
DTEC;Nombre_completo_del_emisor;char;1;255
DTEC;Codigo_de_establecimiento;char;1;10
DTEC;Nombre_del_establecimiento;char;1;255
DTEC;ID_del_receptor;char;1;20
DTEC;Nombre_completo_del_receptor;char;1;255
DTEC;NIT_del_Certificador;char;1;20
DTEC;Nombre_completo_del_Certificador;char;1;255
DTEC;Moneda;char;1;25
DTEC;GranTotal;float;1;8
DTEC;Marca_de_anulado;char;1;5
DTEC;IVA;float;1;8
DTEC;Petroleo;float;1;8
DTEC;Turismo_Hospedaje;float;1;8
DTEC;Turismo_Pasajes;float;1;8
DTEC;Timbre_de_Prensa;float;1;8
DTEC;Bomberos;float;1;8
DTEC;Tasa_Municipal;float;1;8
DTEC;Dealer;int;0;4
DTEC;Tienda;char;0;7
DTEC;Bienes;float;1;8
DTEC;Servicios;float;1;8
DTEC;NREF_NC;char;1;20
DTEC;SREF_NC;char;1;20
DTEC;TDOC_NC;char;1;2
DTEC;CompraNo;int;1;4
DTEC;Gasto;bit;1;1
DTEV;Fecha_de_emision;char;1;255
DTEV;Numero_de_Autorizacion;char;0;255
DTEV;Tipo_de_DTE;char;0;10
DTEV;Serie;char;0;20
DTEV;Numero_del_DTE;char;0;20
DTEV;NIT_del_emisor;char;1;20
DTEV;Nombre_completo_del_emisor;char;1;255
DTEV;Codigo_de_establecimiento;char;1;10
DTEV;Nombre_del_establecimiento;char;1;255
DTEV;ID_del_receptor;char;1;20
DTEV;Nombre_completo_del_receptor;char;1;255
DTEV;NIT_del_Certificador;char;1;20
DTEV;Nombre_completo_del_Certificador;char;1;255
DTEV;Moneda;char;1;25
DTEV;GranTotal;float;1;8
DTEV;Marca_de_anulado;char;1;5
DTEV;IVA;float;1;8
DTEV;Petroleo;float;1;8
DTEV;Turismo_Hospedaje;float;1;8
DTEV;Turismo_Pasajes;float;1;8
DTEV;Timbre_de_Prensa;float;1;8
DTEV;Bomberos;float;1;8
DTEV;Tasa_Municipal;float;1;8
DTEV;Dealer;int;0;4
DTEV;Tienda;char;0;7
DTEV;Bienes;float;1;8
DTEV;Servicios;float;1;8
DTEV;NREF_NC;char;1;20
DTEV;SREF_NC;char;1;20
DTEV;TDOC_NC;char;1;2
Dui;CodPais;char;0;3
Dui;Dealer;int;0;4
Dui;Dui;char;0;14
Dui;Empleado;smallint;0;2
DynamicProcedure;id;int;0;4
DynamicProcedure;Query;char;1;250
EDO_CTA_BCO;CodPais;char;0;3
EDO_CTA_BCO;Dealer;int;0;4
EDO_CTA_BCO;Mes;char;0;5
EDO_CTA_BCO;Banco;char;0;15
EDO_CTA_BCO;Tipo;char;0;2
EDO_CTA_BCO;Documento;char;0;10
EDO_CTA_BCO;FechaAplic;datetime;0;8
EDO_CTA_BCO;Cargos;float;0;8
EDO_CTA_BCO;Abonos;float;0;8
EDO_CTA_BCO;Saldo;float;0;8
EDO_CTA_Temp;Correlativo;int;0;4
EDO_CTA_Temp;Tipo;char;0;2
EDO_CTA_Temp;Documento;char;0;10
EDO_CTA_Temp;FechaAplic;datetime;0;8
EDO_CTA_Temp;Cargos;float;0;8
EDO_CTA_Temp;Abonos;float;0;8
EDO_CTA_Temp;Saldo;float;0;8
EDO_CTA_Temp;Usuario;char;0;20
EdoCtaBco;CodPais;char;0;3
EdoCtaBco;Dealer;int;0;4
EdoCtaBco;Mes;char;0;5
EdoCtaBco;Banco;char;0;15
EdoCtaBco;Tipo;char;0;2
EdoCtaBco;Documento;char;0;10
EdoCtaBco;FechaAplic;datetime;0;8
EdoCtaBco;Cargo;decimal;0;9
EdoCtaBco;Abono;decimal;0;9
EdoCtaBco;Saldo;decimal;0;9
EdoCtaTemp;CodPais;char;0;3
EdoCtaTemp;Dealer;int;0;4
EdoCtaTemp;Correlativo;int;0;4
EdoCtaTemp;Tipo;char;0;2
EdoCtaTemp;Documento;char;0;10
EdoCtaTemp;FechaAplic;datetime;0;8
EdoCtaTemp;Cargo;decimal;0;9
EdoCtaTemp;Abono;decimal;0;9
EdoCtaTemp;Saldo;decimal;0;9
EdoCtaTemp;Usuario;char;0;20
Educacion;CodPais;char;0;3
Educacion;Dealer;int;0;4
Educacion;SolicitudNo;int;0;4
Educacion;CentroEstudios;char;0;30
Educacion;Lugar;char;0;20
Educacion;DesdeAño;smallint;0;2
Educacion;HastaAño;smallint;0;2
Educacion;GradoTitulo;char;0;30
Efectivo;Codigo;int;0;4
Efectivo;Denominacion;float;1;8
Efectivo;Tipo;char;1;10
Efectivo;Valor;float;1;8
Efectivo;Cantidad;int;1;4
Email;CodPais;char;0;3
Email;Dealer;int;0;4
Email;Usuario;char;0;10
Email;Enviar;char;0;255
Email;Fecha;datetime;0;8
Email;Hora;char;0;6
Email;Asunto;char;0;200
Email;ContenidoEmail;char;0;1500
Email;Anexo;char;0;500
EmailGroups;CodPais;char;0;3
EmailGroups;Dealer;smallint;0;2
EmailGroups;Numero;int;0;4
EmailGroups;Descripcion;char;0;75
EmailGroups;Division;smallint;0;2
EmailGroups;A;bit;0;1
EmailGroups;B;bit;0;1
EmailGroups;C;bit;0;1
EmailGroups;D;bit;0;1
EmailGroups;E;bit;0;1
EmailGroups;F;bit;0;1
EmailGroups;G;bit;0;1
EmailGroups;H;bit;0;1
EmailGroups;I;bit;0;1
Embarque;CodPais;char;0;3
Embarque;Dealer;int;0;4
Embarque;Correlativo;int;0;4
Embarque;NoContrato;char;0;20
Embarque;TipoDoc;char;0;2
Embarque;DocNo;char;0;20
Embarque;FechaDoc;date;0;3
Embarque;FormaPago;char;0;100
Embarque;Buque;char;0;80
Embarque;Destino;char;0;20
Embarque;Cliente;int;0;4
Embarque;PuertoCarga;char;0;80
Embarque;PuertoDescarga;char;0;80
Embarque;Producto;char;0;12
Embarque;CantidadProducto;decimal;0;9
Embarque;FOB;decimal;0;9
Embarque;Carga;decimal;0;9
Embarque;Seguro;decimal;0;9
Embarque;Total;decimal;0;9
Embarque;FacNo;char;0;20
Emisor;CodPais;char;0;3
Emisor;CodEmisor;char;0;6
Emisor;Nombre;char;0;60
Emisor;CodSuper;char;0;6
Emitir;Partida;char;0;7
Empaque;CodPais;char;0;3
Empaque;Dealer;int;0;4
Empaque;Codigo;char;0;3
Empaque;Descripcion;varchar;0;30
Empaque;Peso;decimal;0;9
Empaque;Tara;bit;0;1
EmpaqueHerraje;CodPais;char;0;3
EmpaqueHerraje;Dealer;int;0;4
EmpaqueHerraje;Tda;char;0;7
EmpaqueHerraje;PedidoNo;int;0;4
EmpaqueHerraje;CajaNo;int;0;4
EmpaqueHerraje;PesoCalculado;decimal;0;9
EmpaqueHerraje;PesoManual;decimal;0;9
EmpaqueHerraje;Tara;decimal;0;9
EmpaqueHerraje;Empacado;bit;0;1
EmpaqueHerraje;Despachado;bit;0;1
EmpaqueHerraje;PorDespachar;bit;0;1
EmpAsignacionProd;CodPais;char;0;3
EmpAsignacionProd;Dealer;int;0;4
EmpAsignacionProd;Tda;char;0;7
EmpAsignacionProd;LineaDetAsignacion;int;0;4
EmpAsignacionProd;LineaNo;int;0;4
EmpAsignacionProd;Empleado;char;1;3
EmpAsignacionProd;Cantidad;decimal;1;9
EmpAsignacionProd;Fecha;date;1;3
EmpAsignacionProd;FechaNatural;date;0;3
EmpAsignacionProd;MOD;decimal;0;9
EmpleadoCafeteria;CodPais;char;0;3
EmpleadoCafeteria;Dealer;int;0;4
EmpleadoCafeteria;Empresa;smallint;0;2
EmpleadoCafeteria;Empleado;char;0;12
EmpleadoCafeteria;Nombre;varchar;0;100
EmpleadoCafeteria;DUI;char;0;10
EmpleadoCafeteria;Depto;char;0;4
EmpleadoCafeteria;Departamento;varchar;0;60
EmpleadoCafeteria;CodAlternativo;char;0;20
EmpleadoCafeteria;Credito;decimal;0;9
EmpleadoCafeteria;Subsidio;decimal;0;9
EmpleadoCafeteria;Activo;bit;0;1
EmpleadoCafeteria;UAct;char;0;14
EmpleadoCafeteria;Tipo;char;0;1
EmpMdco;CodPais;char;0;3
EmpMdco;Dealer;int;0;4
EmpMdco;CodigoMedico;smallint;0;2
EmpMdco;CodigoEmpleado;int;0;4
EmpresaCaf;CodPais;char;0;3
EmpresaCaf;Dealer;int;0;4
EmpresaCaf;Codigo;smallint;0;2
EmpresaCaf;Nombre;char;0;75
EmpresaCaf;Tipo;char;0;1
EmpresaCaf;Grupo;char;0;1
EmpresaCaf;Credito;decimal;0;9
EmpresaCaf;Subsidio;decimal;0;9
EmpresaCaf;Activo;bit;0;1
EmpresaCaf;Consumo;char;0;1
EmpUser;CodPais;char;0;3
EmpUser;Dealer;int;0;4
EmpUser;Usuario;char;0;10
EmpUser;Empleado;int;0;4
EmpUser;UAct;char;0;14
EncajadoHerraje;CodPais;char;0;3
EncajadoHerraje;Dealer;int;0;4
EncajadoHerraje;Tda;char;0;7
EncajadoHerraje;PedidoNo;int;0;4
EncajadoHerraje;ID;int;0;4
EncajadoHerraje;LineaNo;int;0;4
EncajadoHerraje;Cantidad;int;1;4
EncajadoHerraje;CajaNo;int;1;4
EncajadoHerraje;FechaNatural;date;1;3
EncajadoHerraje;Hora;char;0;6
EncEdoCta;CodPais;char;0;3
EncEdoCta;Dealer;int;0;4
EncEdoCta;Banco;char;0;15
EncEdoCta;Mes;smallint;0;2
EncEdoCta;Año;smallint;0;2
EncEdoCta;SaldoInicial;float;0;8
EncEdoCta;TotalCargo;float;0;8
EncEdoCta;TotalAbono;float;0;8
EncEdoCta;SaldoActual;float;0;8
EncEdoCta;SaldoI;decimal;0;9
EncEdoCta;Circulacion;decimal;0;9
EnracadoHerraje;CodPais;char;0;3
EnracadoHerraje;Dealer;int;0;4
EnracadoHerraje;Tda;char;0;7
EnracadoHerraje;PedidoNo;int;0;4
EnracadoHerraje;ID;int;0;4
EnracadoHerraje;LineaNo;int;0;4
EnracadoHerraje;Cantidad;int;1;4
EnracadoHerraje;Enracador;varchar;1;3
EnracadoHerraje;Fecha;date;1;3
EnracadoHerraje;Hora;char;0;6
Ensamble;CodPais;char;0;3
Ensamble;Dealer;int;0;4
Ensamble;Codigo;char;0;20
Ensamble;Componente;char;0;20
Ensamble;Proceso;char;1;4
Ensamble;Cantidad;int;0;4
Ensamble;Descarga;bit;0;1
EntCaja;CodPais;char;0;3
EntCaja;Dealer;int;0;4
EntCaja;Tda;char;0;7
EntCaja;CAJERO;char;0;7
EntCaja;FECHA;datetime;0;8
EntCaja;RUTA;char;0;7
EntCaja;EntregaNo;int;0;4
EntCaja;Efectivo;float;0;8
EntCaja;Remesas;float;0;8
EntCaja;NoCheques;smallint;0;2
EntCaja;VALOR_CHEQUES;float;0;8
EntCaja;GastosVendedor;float;0;8
EntCaja;PerdidasAsalto;float;0;8
EntCaja;Total;float;0;8
EntCaja;Plantel;char;0;1
EntCaja;Rubro;smallint;0;2
EntCaja;un_ctvo;int;0;4
EntCaja;cinco_Ctvs;int;0;4
EntCaja;diez_cctvs;int;0;4
EntCaja;vcinco_Ctvs;int;0;4
EntCaja;un_Dolar;int;0;4
EntCaja;cinco_Dolar;int;0;4
EntCaja;diez_Dolares;int;0;4
EntCaja;veinte_Dolares;int;0;4
EntCaja;cincuenta_Dolares;int;0;4
EntCaja;cien_Dolares;int;0;4
EntCaja;AbonoFaltante;float;0;8
EntCaja;Observaciones;char;0;125
EntProvSem;CodPais;char;0;3
EntProvSem;Dealer;int;0;4
EntProvSem;Tda;char;0;7
EntProvSem;Proveedor;char;0;14
EntProvSem;Dia1;bit;1;1
EntProvSem;Dia2;bit;1;1
EntProvSem;Dia3;bit;1;1
EntProvSem;Dia4;bit;1;1
EntProvSem;Dia5;bit;1;1
EntProvSem;Dia6;bit;1;1
EntProvSem;Dia7;bit;1;1
EntradaDatos;CodPais;char;0;3
EntradaDatos;Dealer;int;0;4
EntradaDatos;Mes;char;0;2
EntradaDatos;Año;char;0;4
EntradaDatos;Dependencia;char;0;6
EntradaDatos;MarcacionesE;float;0;8
EntradaDatos;ResumenE;float;0;8
EntradaDatos;InasistenciasE;float;0;8
EntradaDatos;ProgramacionesE;float;0;8
EntradaDatos;PermisosE;float;0;8
EntradaDatos;HorasExtrasE;float;0;8
EntradaDatos;MarcacionesI;float;0;8
EntradaDatos;ResumenI;float;0;8
EntradaDatos;InasistenciasI;float;0;8
EntradaDatos;ProgramacionesI;float;0;8
EntradaDatos;PermisosI;float;0;8
EntradaDatos;HorasExtrasI;float;0;8
EntradaDatos;Usuario;char;0;30
EntradaDatos;Finalizadocorrectamente;bit;0;1
EntregaAbono;CodPais;char;0;3
EntregaAbono;Dealer;int;0;4
EntregaAbono;Tda;char;0;7
EntregaAbono;TipoDoc;char;0;2
EntregaAbono;SerieDoc;char;0;10
EntregaAbono;Docno;int;0;4
EntregaAbono;ValorAbono;decimal;0;9
EntregaAbono;FechaAbono;datetime;0;8
EntregaAbono;Nombre;char;0;75
EntregaAbono;EstadoCivil;char;1;1
EntregaAbono;FechaNac;datetime;1;8
EntregaAbono;Nacionalidad;char;1;3
EntregaAbono;LugarNac;char;1;50
EntregaAbono;Profesion;char;1;50
EntregaAbono;Domicilio;char;1;100
EntregaAbono;TipoDocPersonal;char;0;1
EntregaAbono;DocNoPersonal;char;0;20
EntregaProd;CodPais;char;0;3
EntregaProd;Dealer;int;0;4
EntregaProd;Serie;char;0;10
EntregaProd;OrdenNo;int;0;4
EntregaProd;Fecha;datetime;0;8
EntregaProd;Bodega;char;0;7
EntregaProd;Codigo;char;0;20
EntregaProd;Cantidad;decimal;0;9
EntregaProd;Unitario;decimal;0;9
EntregaProd;Existencia;decimal;0;9
EntregaProd;Correlativo;int;0;4
EntregaProd;Vapor;smallint;1;2
EntregaProd;Lote;char;1;15
ENTREGAS;Numero_Orden;int;0;4
ENTREGAS;Fecha;datetime;0;8
ENTREGAS;Codigo_Producto;char;0;10
ENTREGAS;Cantidad;float;0;8
ENTREGAS;A_bodega;char;0;4
ENTREGAS;Costo_Unitario;float;0;8
ENTREGAS;Existencia_a_Entrada;float;0;8
ENTREGAS;Motivo;char;0;25
ENTREGAS;Correlativo;int;0;4
ENTREGAS;Serie;char;0;3
ENTREGAS;Cod_Vapor;smallint;0;2
EntregaTemp;CodPais;char;0;3
EntregaTemp;Dealer;smallint;0;2
EntregaTemp;Tda;char;0;7
EntregaTemp;Serie;char;0;10
EntregaTemp;TipoDoc;char;0;2
EntregaTemp;DocNo;int;0;4
EntregaTemp;Bodega;char;0;7
EntregaTemp;Codigo;char;0;20
EntregaTemp;TipoUnidad;char;0;2
EntregaTemp;Facturado;float;0;8
EntregaTemp;Entregado;float;0;8
EntregaTemp;Cantidad;float;0;8
EntregaTemp;Fecha;datetime;0;8
EntregaTemp;Hora;char;0;8
EntregaTemp;LineaNo;int;0;4
EnvioLiqTemp;CodPais;char;0;3
EnvioLiqTemp;Dealer;int;0;4
EnvioLiqTemp;Tda;char;0;7
EnvioLiqTemp;CompraNo;int;0;4
EnvioLiqTemp;Proveedor;char;1;14
EnvioLiqTemp;Serie;varchar;1;50
EnvioLiqTemp;DocNo;varchar;1;50
EnvioLiqTemp;Saldo;decimal;1;9
EnvioLiqTemp;Seleccionado;bit;1;1
Equipo;CodPais;char;0;3
Equipo;Dealer;int;0;4
Equipo;EquipoId;int;0;4
Equipo;ModeloId;char;0;20
Equipo;Serial;char;0;30
Equipo;Entrada;datetime;0;8
Equipo;ClienteId;char;0;20
Equipo;IMEI;char;0;30
Equipo;modemid;char;0;20
Equipo;ESN;char;0;30
Equipo;Operador;char;0;10
Equipo;Telefono;char;0;8
Equipo;Bodega;char;0;4
Equipo;Referencia;char;0;15
Equipo;Usuario;char;0;10
Equipo;Estado;smallint;0;2
Equipo;garantia;int;0;4
Equipo;plancomunicaciones;int;0;4
Equipo;firmware;float;0;8
Equipo;cuentatelefonica;int;0;4
Equivalencia;CodPais;char;0;3
Equivalencia;Dealer;int;0;4
Equivalencia;Letra;char;0;1
Equivalencia;Numero;smallint;0;2
Errorlog;CodPais;char;0;3
Errorlog;Dealer;int;0;4
Errorlog;Tda;char;0;7
Errorlog;Fecha;date;0;3
Errorlog;Hora;time;0;5
Errorlog;Usuario;char;0;20
Errorlog;Programa;char;0;100
Errorlog;ErrorType;char;1;50
Errorlog;ErrorNumber;smallint;1;2
Errorlog;ErrorTableName;char;1;50
Errorlog;ErrorMessage;varchar;1;300
Errorlog;Encargado;char;1;75
Errorlog;No;int;0;4
ErrorResult;CodPais;char;0;3
ErrorResult;Dealer;int;0;4
ErrorResult;Tda;char;0;7
ErrorResult;Fecha;date;0;3
ErrorResult;Hora;time;0;5
ErrorResult;Usuario;char;0;20
ErrorResult;Programa;char;0;100
ErrorResult;ErrorType;char;1;50
ErrorResult;ErrorNumber;smallint;1;2
ErrorResult;ErrorTableName;char;1;50
ErrorResult;ErrorMessage;varchar;1;300
ErrorResult;Encargado;char;1;75
ErrorResult;No;int;0;4
EscalaPrecio;CodPais;char;0;3
EscalaPrecio;Dealer;int;0;4
EscalaPrecio;Codigo;char;0;20
EscalaPrecio;Tipo_cliente;smallint;0;2
EscalaPrecio;Max;decimal;0;9
EscalaPrecio;Precio;decimal;1;9
EscalaPrecio;Rango;smallint;1;2
EscalaPrecio;UAct;datetime;1;8
EscalaPrecioHist;CodPais;char;0;3
EscalaPrecioHist;Dealer;int;0;4
EscalaPrecioHist;Codigo;char;0;20
EscalaPrecioHist;Tipo_cliente;smallint;0;2
EscalaPrecioHist;Max;decimal;0;9
EscalaPrecioHist;Precio;decimal;1;9
EscalaPrecioHist;Rango;smallint;1;2
EscalaPrecioHist;UAct;char;1;14
EscalaPrecioHist;Fecha;datetime;0;8
EscenarioDTE;CodPais;char;0;3
EscenarioDTE;CodFrase;smallint;0;2
EscenarioDTE;CodEscenario;smallint;0;2
EscenarioDTE;Escenario;char;1;50
EstablecimientoMH;CodPais;char;0;3
EstablecimientoMH;Dealer;int;0;4
EstablecimientoMH;Tda;char;0;7
EstablecimientoMH;TipoEstablecimiento;char;0;2
EstablecimientoMH;CodEstablecimiento;char;1;4
EstablecimientoMH;CodPuntoVenta;char;1;4
EstadoFam;CodPais;char;0;3
EstadoFam;Dealer;int;0;4
EstadoFam;CodigoEmpleado;int;0;4
EstadoFam;Pariente;char;0;2
EstadoFam;Edad;smallint;0;2
EstadoFam;EstadoSalud;char;0;35
EstadoFam;CausaFallecimiento;char;0;35
EstadoFam;EdadFallecer;smallint;0;2
EstadoFamiliar;CodPais;char;0;3
EstadoFamiliar;Dealer;int;0;4
EstadoFamiliar;CodigoEmpleado;int;0;4
EstadoFamiliar;Parientes;char;0;2
EstadoFamiliar;Edad;smallint;0;2
EstadoFamiliar;EstadoSalud;char;0;35
EstadoFamiliar;CausaFallecimiento;char;0;35
EstadoFamiliar;EdadAlFallecer;smallint;0;2
Estatus;CodPais;char;0;3
Estatus;Dealer;smallint;0;2
Estatus;Estatus;smallint;0;2
Estatus;Nombre;char;0;100
EstCtaGlobal;CodPais;char;0;3
EstCtaGlobal;Dealer;int;0;4
EstCtaGlobal;Cliente;char;0;10
EstCtaGlobal;FechaInicial;datetime;0;8
EstCtaGlobal;FechaFinal;datetime;0;8
EstCtaGlobal;SaldoInicial;float;0;8
EstCtaGlobal;SaldoFinal;float;0;8
EvalAsPecto;CodPais;char;0;3
EvalAsPecto;Dealer;int;0;4
EvalAsPecto;Aspecto;char;0;30
EvalAsPecto;Porcentaje;real;0;4
EvalEducacion;CodPais;char;0;3
EvalEducacion;Dealer;int;0;4
EvalEducacion;Detalles;char;0;80
EvalEducacion;Porcentaje;real;0;4
EvalExperienc;CodPais;char;0;3
EvalExperienc;Dealer;int;0;4
EvalExperienc;Descripcion;char;0;80
EvalExperienc;Porcentaje;real;0;4
EvalPersonalid;CodPais;char;0;3
EvalPersonalid;Dealer;int;0;4
EvalPersonalid;Personalidad;char;0;80
EvalPersonalid;Porcentaje;real;0;4
Evaluacion;CodPais;char;0;3
Evaluacion;Dealer;int;0;4
Evaluacion;Fecha;datetime;0;8
Evaluacion;SolicitudNo;int;0;4
Evaluacion;Departamento;char;0;6
Evaluacion;Presentacion;char;0;30
Evaluacion;FormacionAcademica;char;0;80
Evaluacion;ExperienciaTrabajo;char;0;80
Evaluacion;ConocimientoPuesto;char;0;30
Evaluacion;Personalidad;char;0;80
Evaluacion;Pocentaje;real;0;4
Evaluacion;ObservacionJefeInmediato;char;0;80
Evaluacion;AFavorContratacion;bit;0;1
Evaluacion;Observacion1;char;0;30
Evaluacion;EncontraContratacion;bit;0;1
Evaluacion;Observacion2;char;0;30
Evaluacion;ContratoAPartir;datetime;0;8
Evaluacion;Horario;char;0;10
Evaluacion;ObservacionGteGral;char;0;80
Evaluacion;Salario;float;0;8
Evento;CodPais;char;0;3
Evento;Dealer;smallint;0;2
Evento;Evento;char;0;25
Evento;Usuario;char;0;30
Evento;Fecha;datetime;0;8
Evento;Hora;char;0;6
ExamMdco;CodPais;char;0;3
ExamMdco;Dealer;int;0;4
ExamMdco;Empleado;int;0;4
ExamMdco;TipoExamen;smallint;0;2
ExamMdco;FechaExamen;datetime;0;8
ExamMdco;Resultado;char;0;150
ExamMdco;NecesitaTratamiento;char;0;1
ExamMdco;Laboratorio;char;0;50
ExcepcionDocumentos;Correlativo;int;0;4
ExcepcionDocumentos;DUI;varchar;1;10
ExcepcionDocumentos;NIT;varchar;1;17
ExcepcionDocumentos;Usuario;char;1;12
ExcepcionDocumentos;Fecha;date;1;3
ExcepcionDocumentos;Utilizado;bit;1;1
ExcPresup;CodPais;char;0;3
ExcPresup;Dealer;smallint;0;2
ExcPresup;Tda;char;0;7
ExcPresup;Cuenta;char;0;15
ExcPresup;CentroCosto;int;0;4
Existencia;CodPais;char;0;3
Existencia;Dealer;int;0;4
Existencia;Tda;char;0;7
Existencia;Bodega;char;0;7
Existencia;Codigo;char;0;20
Existencia;Descripcion;char;1;100
Existencia;Nombre;char;1;60
Existencia;Usuario;char;0;20
Existencia;Existencia;decimal;1;9
ExistenciaCompra;CodPais;char;0;3
ExistenciaCompra;Dealer;int;0;4
ExistenciaCompra;Tda;char;0;7
ExistenciaCompra;Codigo;char;0;20
ExistenciaCompra;Descripcion;char;1;150
ExistenciaCompra;Sucursal;char;1;60
ExistenciaCompra;PTda;char;0;7
ExistenciaCompra;POrdenNo;int;0;4
ExistenciaCompra;Usuario;char;0;20
ExistenciaCompra;TipoUnidad;char;0;2
ExistenciaCompra;Existencia;int;1;4
ExistenciaCompra;Pedido;int;1;4
ExistenciaCosto;CodPais;char;0;3
ExistenciaCosto;Dealer;int;0;4
ExistenciaCosto;Tda;char;0;7
ExistenciaCosto;Bodega;char;0;7
ExistenciaCosto;Codigo;char;0;20
ExistenciaCosto;Descripcion;char;1;100
ExistenciaCosto;Nombre;char;1;60
ExistenciaCosto;Usuario;char;0;20
ExistenciaCosto;Existencia;decimal;1;9
ExistenciaCosto;CostoUnitario;decimal;1;9
ExistenciaInicialRosita250625;Codigo;nvarchar;1;510
ExistenciaInicialRosita250625;Descripcion;nvarchar;1;510
ExistenciaInicialRosita250625;"Existencia ";float;1;8
ExperienciaLaboral;CodPais;char;0;3
ExperienciaLaboral;Dealer;int;0;4
ExperienciaLaboral;Codigo;smallint;0;2
ExperienciaLaboral;CargoDesempeñado;char;0;40
ExperienciaLaboral;Departamento;char;0;4
ExperienciaLaboral;CentroTrabajo;char;0;60
ExperienciaLaboral;Desde;datetime;0;8
ExperienciaLaboral;Hasta;datetime;0;8
ExperienciaLaboral;JefeInmediato;char;0;50
ExperienciaLaboral;MotivoRetiro;char;0;175
ExperienciaLaboral;UltimoSalario;char;0;40
ExperienciaLaboralSolicitud;CodPais;char;0;3
ExperienciaLaboralSolicitud;Dealer;int;0;4
ExperienciaLaboralSolicitud;SolicitudNo;int;0;4
ExperienciaLaboralSolicitud;Empresa;char;0;30
ExperienciaLaboralSolicitud;Direccion;char;0;35
ExperienciaLaboralSolicitud;Telefono;char;0;8
ExperienciaLaboralSolicitud;JefeInmediato;char;0;30
ExperienciaLaboralSolicitud;TrabajoRealizado;char;0;25
ExperienciaLaboralSolicitud;PersonalACargo;char;0;10
ExperienciaLaboralSolicitud;Desde;char;0;15
ExperienciaLaboralSolicitud;Hasta;char;0;15
ExperienciaLaboralSolicitud;SalarioInicial;float;0;8
ExperienciaLaboralSolicitud;SalarioFinal;float;0;8
ExperienciaLaboralSolicitud;CausasSeparacion;char;0;35
FacExistenciaView;CodPais;char;1;3
FacExistenciaView;Dealer;int;1;4
FacExistenciaView;Tda;char;1;7
FacExistenciaView;Usuario;char;1;10
FacExistenciaView;Existencia;decimal;1;9
FacExistenciaView;Pedido;int;1;4
FacExistenciaView;Tipo;char;1;2
FacExistenciaView;Bodega;char;1;7
FacExistenciaView;Codigo;char;1;20
FactAnterior;CodPais;char;0;3
FactAnterior;Dealer;int;0;4
FactAnterior;Tda;char;0;7
FactAnterior;TipoDoc;char;0;2
FactAnterior;Serie;char;0;20
FactAnterior;DocNo;bigint;0;8
FactAnterior;Fecha;date;1;3
FactAnterior;ClienteNo;char;0;10
FactAnterior;FacNombre;char;0;200
FactAnterior;FactNIT;char;0;20
FactAnterior;FactNRC;char;0;25
FactAnterior;FormaPago;char;0;1
FactAnterior;Dias;smallint;0;2
FactAnterior;Vendedor;char;0;7
FactAnterior;Cajero;char;0;7
FactAnterior;Percepcion;decimal;0;9
FactAnterior;Retencion;decimal;0;9
FactAnterior;SaldoFactura;decimal;0;9
FactAnterior;Usuario;char;0;20
FactAnulada;CodPais;char;0;3
FactAnulada;Dealer;int;0;4
FactAnulada;Tda;char;0;7
FactAnulada;Serie;char;0;10
FactAnulada;TipoDoc;char;0;2
FactAnulada;DocNo;int;0;4
FactAnulada;ClienteNo;char;0;10
FactAnulada;Bodega;char;0;7
FactAnulada;Cajero;char;0;7
FactAnulada;ItemNo;int;0;4
FactAnulada;Fecha;datetime;0;8
FactAnulada;Subtotal;decimal;0;9
FactAnulada;Descuento;decimal;0;9
FactAnulada;Gravadas;decimal;0;9
FactAnulada;IVA;decimal;0;9
FactAnulada;Exentas;decimal;0;9
FactAnulada;NoSujetas;decimal;0;9
FactAnulada;Percepcion;decimal;0;9
FactAnulada;Retencion;decimal;0;9
FactAnulada;Flete;decimal;1;9
FactAnulada;Total;decimal;0;9
FactAnulada;FormaPago;char;0;1
FactAnulada;Dias;smallint;0;2
FactAnulada;Vencimiento;datetime;0;8
FactAnulada;Vendedor;char;0;7
FactAnulada;Estatus;smallint;0;2
FactAnulada;SaldoFactura;decimal;0;9
FactAnulada;FactNoRegistro;char;0;25
FactAnulada;FactNombre;char;0;200
FactAnulada;FactDireccion;char;0;100
FactAnulada;FactGiro;char;0;100
FactAnulada;FactMunicipio;char;0;20
FactAnulada;FactDepartamento;char;0;20
FactAnulada;FacturaNIT;char;0;20
FactAnulada;Usuario;char;0;20
FactAnulada;ClaseDocumento;char;0;2
FactAnulada;TipoCambio;decimal;0;9
FactAnulada;Declarada;bit;0;1
FactAnulada;Ruta;smallint;0;2
FactAnulada;Dia;smallint;0;2
FactAnulada;Correlativo;smallint;0;2
FactAnulada;RecibidoPor;char;0;30
FactAnulada;FechaOferta;datetime;0;8
FactAnulada;DireccionEntrega;varchar;1;150
FactAnulada;CuadroNo;int;1;4
FactAnulada;AdValoren;decimal;1;9
FactAnulada;PedidoNo;int;1;4
FactAnulada;TotalLetras;smallint;1;2
FactAnulada;FechaIntereses;datetime;1;8
FactAnulada;TipoFactura;char;1;2
FactAnulada;VtaCodificada;decimal;1;9
FactAnulada;TipoServicio;char;1;2
FactAnulada;Contrato;int;1;4
FactAnulada;NoInventariar;smallint;1;2
FactAnulada;USerie;char;1;20
FactAnulada;UDocNo;int;1;4
FactAnulada;Fovial;decimal;1;9
FactAnulada;TasaIVA;float;0;8
FactAnulada;ERPKey;varchar;0;50
FactContrato;CodPais;char;0;3
FactContrato;Dealer;int;0;4
FactContrato;Tda;char;0;7
FactContrato;ContratoNo;int;0;4
FactContrato;LineaNo;int;0;4
FactContrato;Codigo;char;0;20
FactContrato;Cantidad;decimal;0;9
FactContrato;PrecioUnitario;decimal;0;9
FactContrato;Importe;decimal;0;9
FactContrato;NoServicios;int;0;4
FactContrato;PlanServicio;int;0;4
FactContrato;RV;int;0;4
FactContrato;CodFactura;char;0;20
FactContratos;CodPais;char;0;3
FactContratos;Dealer;int;0;4
FactContratos;Tda;char;0;7
FactContratos;ContratoNo;int;0;4
FactContratos;Linea;int;0;4
FactContratos;Codigo;char;0;20
FactContratos;Cantidad;float;0;8
FactContratos;PrecioUnitario;float;0;8
FactContratos;Importe;float;0;8
FactContratos;NoServicios;int;0;4
FactContratos;plantelemetria;int;1;4
FactContratos;RV;int;1;4
FactContratos;CodCliente;char;0;20
FactCxC;CodPais;char;0;3
FactCxC;Dealer;int;0;4
FactCxC;Tda;char;0;7
FactCxC;TipoDoc;char;0;2
FactCxC;Serie;char;0;20
FactCxC;DocNo;bigint;0;8
FactCxC;Fecha;date;1;3
FactCxC;ClienteNo;char;0;10
FactCxC;FormaPago;char;0;1
FactCxC;Dias;smallint;0;2
FactCxC;Vendedor;char;0;7
FactCxC;Cajero;char;0;7
FactCxC;SaldoFactura;decimal;0;9
FactCxC;Usuario;char;0;20
FactCxP;CodPais;char;0;3
FactCxP;Dealer;int;0;4
FactCxP;Tda;char;0;7
FactCxP;TipoDoc;char;0;1
FactCxP;Serie;char;0;20
FactCxP;DocNo;char;0;20
FactCxP;Proveedor;char;0;14
FactCxP;Fecha;date;1;3
FactCxP;Dias;smallint;1;2
FactCxP;Saldo;decimal;1;9
FactCxP;TasaIVA;int;0;4
FactCxP;Resolucion;char;0;30
FactCxP;Tiraje;char;0;30
FactCxP;Usuario;char;0;20
FactEntrega;CodPais;char;0;3
FactEntrega;Dealer;int;0;4
FactEntrega;Tda;char;0;7
FactEntrega;SerieDoc;char;0;10
FactEntrega;TipoDoc;char;0;2
FactEntrega;DocNo;int;0;4
FactEntrega;Bodega;char;0;7
FactEntrega;Codigo;char;0;20
FactEntrega;IDEntrega;int;0;4
FactEntrega;TipoUnidad;char;0;2
FactEntrega;Cantidad;float;0;8
FactEntrega;CantidadEntregada;float;0;8
FactEntrega;Fecha;datetime;0;8
FactEntrega;Hora;char;0;8
FactEntrega;LineaNo;int;0;4
FactorManoObraProducto;CodPais;char;0;3
FactorManoObraProducto;Dealer;int;0;4
FactorManoObraProducto;Codigo;char;0;20
FactorManoObraProducto;Cantidad;float;0;8
FactServicio;CodPais;char;0;3
FactServicio;Dealer;int;0;4
FactServicio;Tda;char;0;7
FactServicio;Serie;char;0;10
FactServicio;TipoDoc;char;0;2
FactServicio;DocNo;int;0;4
FactServicio;LineaNo;int;0;4
FactServicio;CorrLinea;int;0;4
FactServicio;Codigo;char;0;20
FactServicio;Descripcion;varchar;0;150
FactServicio;Fecha;datetime;0;8
Factura;CodPais;char;0;3
Factura;Dealer;int;0;4
Factura;Tda;char;0;7
Factura;Serie;char;0;10
Factura;TipoDoc;char;0;2
Factura;DocNo;int;0;4
Factura;ClienteNo;char;0;10
Factura;Bodega;char;0;7
Factura;Cajero;char;0;7
Factura;ItemNo;smallint;1;2
Factura;Fecha;datetime;0;8
Factura;Subtotal;decimal;0;9
Factura;Descuento;decimal;0;9
Factura;Gravadas;decimal;0;9
Factura;IVA;decimal;0;9
Factura;Exentas;decimal;0;9
Factura;NoSujetas;decimal;1;9
Factura;Percepcion;decimal;1;9
Factura;Retencion;decimal;1;9
Factura;Flete;decimal;1;9
Factura;Total;decimal;0;9
Factura;FormaPago;char;0;1
Factura;Dias;smallint;0;2
Factura;Vencimiento;datetime;1;8
Factura;Vendedor;char;1;7
Factura;Estatus;smallint;1;2
Factura;SaldoFactura;decimal;1;9
Factura;FactNoRegistro;char;1;25
Factura;FactNombre;char;1;200
Factura;FactDireccion;char;1;100
Factura;FactGiro;char;1;100
Factura;FactMunicipio;char;1;20
Factura;FactDepartamento;char;1;20
Factura;FactNIT;char;0;20
Factura;Usuario;char;1;20
Factura;ClaseDocumento;char;1;2
Factura;TipoCambio;decimal;1;9
Factura;Declarada;bit;1;1
Factura;Ruta;smallint;1;2
Factura;Dia;smallint;1;2
Factura;Correlativo;smallint;1;2
Factura;RecibidoPor;char;1;30
Factura;FechaOferta;datetime;1;8
Factura;DireccionEntrega;varchar;1;150
Factura;DespachoEntrega;int;1;4
Factura;AdValoren;decimal;1;9
Factura;PedidoNo;int;1;4
Factura;TotalLetras;smallint;1;2
Factura;FechaIntereses;datetime;1;8
Factura;TipoFactura;char;1;2
Factura;VtaCodificada;decimal;1;9
Factura;TipoServicio;char;1;2
Factura;Contrato;int;1;4
Factura;NotasRemision;char;1;15
Factura;ContratoCliente;char;1;15
Factura;IdTrans;char;1;50
Factura;Refactura;bit;1;1
Factura;OrdenCompra;nvarchar;1;60
Factura;ERPKey;nvarchar;1;100
Factura;ClasePedido;char;1;2
Factura;NCKey;nchar;1;100
Factura;DespBodega;bit;1;1
Factura;TieneDevolucion;bit;1;1
Factura;FactDUI;char;1;20
Factura;PedidoOriginal;int;1;4
Factura;Token;nvarchar;1;60
Factura;Tiempo;char;1;15
Factura;NoInventariar;smallint;1;2
Factura;USerie;char;1;20
Factura;UDocNo;int;1;4
Factura;Fovial;decimal;1;9
Factura;TasaIVA;float;0;8
Factura;Contingencia;int;0;4
Factura;Subsidio;decimal;0;9
Factura;Cupon;decimal;0;9
Factura;TipoCliente;smallint;0;2
Factura;Recibido;decimal;0;9
Factura;Cambio;decimal;0;9
Factura;Pasaporte;bit;0;1
Factura;TipoIDReceptor;smallint;0;2
Factura;TipoExportacion;smallint;0;2
Factura;RecintoFiscal;varchar;0;2
Factura;Incoterm;varchar;0;2
Factura;TipoDocRef;varchar;0;2
Factura;SerieRef;varchar;0;20
Factura;DocNoRef;int;0;4
Factura;CodDepartamento;int;0;4
Factura;CodMunicipio;int;0;4
Factura;FactTelefono;char;0;15
Factura;Email;varchar;0;75
Factura;Seguro;decimal;0;9
Factura;SerieNR;varchar;0;20
Factura;RemisionNo;int;0;4
Factura;PorcDescuento;decimal;0;5
Factura;DescuentoGral;decimal;0;9
Factura;FactActEconomica;int;0;4
FacturaAbono;CodPais;char;0;3
FacturaAbono;Dealer;int;0;4
FacturaAbono;Tda;char;0;7
FacturaAbono;Serie;char;0;10
FacturaAbono;TipoDoc;char;0;2
FacturaAbono;DocNo;int;0;4
FacturaAbono;LineaNo;int;0;4
FacturaAbono;Fecha;datetime;0;8
FacturaAbono;ClienteNo;char;0;10
FacturaAbono;SerieA;char;0;10
FacturaAbono;TipoDocA;char;0;2
FacturaAbono;DocNoA;int;0;4
FacturaAbono;Valor;decimal;0;5
FacturaAbono;AbonoNo;int;0;4
FacturaAbono;Aplicado;bit;0;1
FacturaAbono;UserCreador;char;0;20
FacturaAbono;UserModify;char;0;20
FacturaAnterior;CodPais;char;0;3
FacturaAnterior;Dealer;int;0;4
FacturaAnterior;Tda;char;0;7
FacturaAnterior;Serie;char;0;10
FacturaAnterior;TipoDoc;char;0;2
FacturaAnterior;DocNo;int;0;4
FacturaAnterior;ClienteNo;char;0;10
FacturaAnterior;Bodega;char;0;7
FacturaAnterior;Cajero;char;0;7
FacturaAnterior;ItemNo;smallint;1;2
FacturaAnterior;Fecha;datetime;0;8
FacturaAnterior;Subtotal;decimal;0;9
FacturaAnterior;Descuento;decimal;0;9
FacturaAnterior;Gravadas;decimal;0;9
FacturaAnterior;IVA;decimal;0;9
FacturaAnterior;Exentas;decimal;0;9
FacturaAnterior;NoSujetas;decimal;1;9
FacturaAnterior;Percepcion;decimal;1;9
FacturaAnterior;Retencion;decimal;1;9
FacturaAnterior;Flete;decimal;1;9
FacturaAnterior;Total;decimal;0;9
FacturaAnterior;FormaPago;char;0;1
FacturaAnterior;Dias;smallint;0;2
FacturaAnterior;Vencimiento;datetime;1;8
FacturaAnterior;Vendedor;char;1;7
FacturaAnterior;Estatus;smallint;1;2
FacturaAnterior;SaldoFacturaAnterior;decimal;1;9
FacturaAnterior;FactNoRegistro;char;1;25
FacturaAnterior;FactNombre;char;1;200
FacturaAnterior;FactDireccion;char;1;100
FacturaAnterior;FactGiro;char;1;100
FacturaAnterior;FactMunicipio;char;1;20
FacturaAnterior;FactDepartamento;char;1;20
FacturaAnterior;FactNIT;char;0;20
FacturaAnterior;Usuario;char;1;20
FacturaAnterior;ClaseDocumento;char;1;2
FacturaAnterior;TipoCambio;decimal;1;9
FacturaAnterior;Declarada;bit;1;1
FacturaAnterior;Ruta;smallint;1;2
FacturaAnterior;Dia;smallint;1;2
FacturaAnterior;Correlativo;smallint;1;2
FacturaAnterior;RecibidoPor;char;1;30
FacturaAnterior;FechaOferta;datetime;1;8
FacturaAnterior;DireccionEntrega;varchar;1;150
FacturaAnterior;DespachoEntrega;int;1;4
FacturaAnterior;AdValoren;decimal;1;9
FacturaAnterior;PedidoNo;int;1;4
FacturaAnterior;TotalLetras;smallint;1;2
FacturaAnterior;FechaIntereses;datetime;1;8
FacturaAnterior;TipoFacturaAnterior;char;1;2
FacturaAnterior;VtaCodificada;decimal;1;9
FacturaAnterior;TipoServicio;char;1;2
FacturaAnterior;Contrato;int;1;4
FacturaAnterior;NotasRemision;char;1;15
FacturaAnterior;ContratoCliente;char;1;15
FacturaAnterior;IdTrans;char;1;50
FacturaAnterior;ReFacturaAnterior;bit;1;1
FacturaAnterior;OrdenCompra;nvarchar;1;60
FacturaAnterior;ERPKey;nvarchar;1;100
FacturaAnterior;ClasePedido;char;1;2
FacturaAnterior;NCKey;nchar;1;100
FacturaAnterior;DespBodega;bit;1;1
FacturaAnterior;TieneDevolucion;bit;1;1
FacturaAnterior;FactDUI;char;1;20
FacturaAnterior;PedidoOriginal;int;1;4
FacturaAnterior;Token;nvarchar;1;60
FacturaAnterior;Tiempo;char;1;15
FacturaAnterior;NoInventariar;smallint;1;2
FacturaAnterior;USerie;char;1;20
FacturaAnterior;UDocNo;int;1;4
FacturaAnterior;Fovial;decimal;1;9
FacturaAnterior;TasaIVA;float;0;8
FacturaAnterior;Contingencia;int;0;4
FacturaAnterior;Subsidio;decimal;0;9
FacturaAnterior;Cupon;decimal;0;9
FacturaAnterior;TipoCliente;smallint;0;2
FacturaAnterior;Recibido;decimal;0;9
FacturaAnterior;Cambio;decimal;0;9
FacturaAnterior;Pasaporte;bit;0;1
FacturaAnterior;TipoIDReceptor;smallint;0;2
FacturaAnterior;TipoExportacion;smallint;0;2
FacturaAnterior;RecintoFiscal;varchar;0;2
FacturaAnterior;Incoterm;varchar;0;2
FacturaAnterior;TipoDocRef;varchar;0;2
FacturaAnterior;SerieRef;varchar;0;20
FacturaAnterior;DocNoRef;int;0;4
FacturaAnterior;CodDepartamento;int;0;4
FacturaAnterior;CodMunicipio;int;0;4
FacturaAnterior;FactTelefono;char;0;15
FacturaAnterior;Email;varchar;0;75
FacturaAnterior;Seguro;decimal;0;9
FacturaAnterior;SerieNR;varchar;0;20
FacturaAnterior;RemisionNo;int;0;4
FacturaAnterior;PorcDescuento;decimal;0;5
FacturaAnterior;DescuentoGral;decimal;0;9
FacturaAnterior;FactActEconomica;int;0;4
FacturaAnteriorAnterior;CodPais;char;0;3
FacturaAnteriorAnterior;Dealer;int;0;4
FacturaAnteriorAnterior;Tda;char;0;7
FacturaAnteriorAnterior;Serie;char;0;10
FacturaAnteriorAnterior;TipoDoc;char;0;2
FacturaAnteriorAnterior;DocNo;int;0;4
FacturaAnteriorAnterior;ClienteNo;char;0;10
FacturaAnteriorAnterior;Bodega;char;0;7
FacturaAnteriorAnterior;Cajero;char;0;7
FacturaAnteriorAnterior;ItemNo;smallint;1;2
FacturaAnteriorAnterior;Fecha;datetime;0;8
FacturaAnteriorAnterior;Subtotal;decimal;0;9
FacturaAnteriorAnterior;Descuento;decimal;0;9
FacturaAnteriorAnterior;Gravadas;decimal;0;9
FacturaAnteriorAnterior;IVA;decimal;0;9
FacturaAnteriorAnterior;Exentas;decimal;0;9
FacturaAnteriorAnterior;NoSujetas;decimal;1;9
FacturaAnteriorAnterior;Percepcion;decimal;1;9
FacturaAnteriorAnterior;Retencion;decimal;1;9
FacturaAnteriorAnterior;Flete;decimal;1;9
FacturaAnteriorAnterior;Total;decimal;0;9
FacturaAnteriorAnterior;FormaPago;char;0;1
FacturaAnteriorAnterior;Dias;smallint;0;2
FacturaAnteriorAnterior;Vencimiento;datetime;1;8
FacturaAnteriorAnterior;Vendedor;char;1;7
FacturaAnteriorAnterior;Estatus;smallint;1;2
FacturaAnteriorAnterior;SaldoFacturaAnterior;decimal;1;9
FacturaAnteriorAnterior;FactNoRegistro;char;1;25
FacturaAnteriorAnterior;FactNombre;char;1;200
FacturaAnteriorAnterior;FactDireccion;char;1;100
FacturaAnteriorAnterior;FactGiro;char;1;100
FacturaAnteriorAnterior;FactMunicipio;char;1;20
FacturaAnteriorAnterior;FactDepartamento;char;1;20
FacturaAnteriorAnterior;FactNIT;char;0;20
FacturaAnteriorAnterior;Usuario;char;1;20
FacturaAnteriorAnterior;ClaseDocumento;char;1;2
FacturaAnteriorAnterior;TipoCambio;decimal;1;9
FacturaAnteriorAnterior;Declarada;bit;1;1
FacturaAnteriorAnterior;Ruta;smallint;1;2
FacturaAnteriorAnterior;Dia;smallint;1;2
FacturaAnteriorAnterior;Correlativo;smallint;1;2
FacturaAnteriorAnterior;RecibidoPor;char;1;30
FacturaAnteriorAnterior;FechaOferta;datetime;1;8
FacturaAnteriorAnterior;DireccionEntrega;varchar;1;150
FacturaAnteriorAnterior;DespachoEntrega;int;1;4
FacturaAnteriorAnterior;AdValoren;decimal;1;9
FacturaAnteriorAnterior;PedidoNo;int;1;4
FacturaAnteriorAnterior;TotalLetras;smallint;1;2
FacturaAnteriorAnterior;FechaIntereses;datetime;1;8
FacturaAnteriorAnterior;TipoFacturaAnterior;char;1;2
FacturaAnteriorAnterior;VtaCodificada;decimal;1;9
FacturaAnteriorAnterior;TipoServicio;char;1;2
FacturaAnteriorAnterior;Contrato;int;1;4
FacturaAnteriorAnterior;NotasRemision;char;1;15
FacturaAnteriorAnterior;ContratoCliente;char;1;15
FacturaAnteriorAnterior;IdTrans;char;1;50
FacturaAnteriorAnterior;ReFacturaAnterior;bit;1;1
FacturaAnteriorAnterior;OrdenCompra;nvarchar;1;60
FacturaAnteriorAnterior;ERPKey;nvarchar;1;100
FacturaAnteriorAnterior;ClasePedido;char;1;2
FacturaAnteriorAnterior;NCKey;nchar;1;100
FacturaAnteriorAnterior;DespBodega;bit;1;1
FacturaAnteriorAnterior;TieneDevolucion;bit;1;1
FacturaAnteriorAnterior;FactDUI;char;1;20
FacturaAnteriorAnterior;PedidoOriginal;int;1;4
FacturaAnteriorAnterior;Token;nvarchar;1;60
FacturaAnteriorAnterior;Tiempo;char;1;15
FacturaAnteriorAnterior;NoInventariar;smallint;1;2
FacturaAnteriorAnterior;USerie;char;1;20
FacturaAnteriorAnterior;UDocNo;int;1;4
FacturaAnteriorAnterior;Fovial;decimal;1;9
FacturaAnteriorAnterior;TasaIVA;float;0;8
FacturaAnteriorAnterior;Contingencia;int;0;4
FacturaAnteriorAnterior;Subsidio;decimal;0;9
FacturaAnteriorAnterior;Cupon;decimal;0;9
FacturaAnteriorAnterior;TipoCliente;smallint;0;2
FacturaAnteriorAnterior;Recibido;decimal;0;9
FacturaAnteriorAnterior;Cambio;decimal;0;9
FacturaAnteriorAnterior;Pasaporte;bit;0;1
FacturaAnteriorAnterior;TipoIDReceptor;smallint;0;2
FacturaAnteriorAnterior;TipoExportacion;smallint;0;2
FacturaAnteriorAnterior;RecintoFiscal;varchar;0;2
FacturaAnteriorAnterior;Incoterm;varchar;0;2
FacturaAnteriorAnterior;TipoDocRef;varchar;0;2
FacturaAnteriorAnterior;SerieRef;varchar;0;20
FacturaAnteriorAnterior;DocNoRef;int;0;4
FacturaAnteriorAnterior;CodDepartamento;int;0;4
FacturaAnteriorAnterior;CodMunicipio;int;0;4
FacturaAnteriorAnterior;FactTelefono;char;0;15
FacturaAnteriorAnterior;Email;varchar;0;75
FacturaAnteriorAnterior;Seguro;decimal;0;9
FacturaAnteriorAnterior;SerieNR;varchar;0;20
FacturaAnteriorAnterior;RemisionNo;int;0;4
FacturaAnteriorAnterior;PorcDescuento;decimal;0;5
FacturaAnteriorAnterior;DescuentoGral;decimal;0;9
FacturaAnteriorAnterior;FactActEconomica;int;0;4
FacturaDespBodega;Id;bigint;0;8
FacturaDespBodega;CodPais;char;0;3
FacturaDespBodega;Dealer;int;0;4
FacturaDespBodega;TdaDoc;char;0;7
FacturaDespBodega;TipoDoc;char;0;2
FacturaDespBodega;SerieDoc;char;0;10
FacturaDespBodega;DocNo;int;0;4
FacturaDespBodega;UserCheck;char;1;12
FacturaDespBodega;UserUnCheck;char;1;12
FacturaDespBodega;FechaSistema;datetime;0;8
FacturaDespBodega;FechaNatural;datetime;0;8
FacturaDespBodega;Hora;time;0;5
FacturaGuardada;Id;int;0;4
FacturaGuardada;CodPais;char;0;3
FacturaGuardada;Dealer;int;0;4
FacturaGuardada;Tda;char;0;7
FacturaGuardada;TipoDoc;char;0;2
FacturaGuardada;SerieDoc;char;0;10
FacturaGuardada;DocNo;int;0;4
FacturaGuardada;ClienteNo;char;0;20
FacturaGuardada;Fecha;datetime;0;8
FacturaGuardada;Total;float;0;8
FacturaGuardada;Estatus;smallint;0;2
FacturaGuardada;SaldoFactura;float;0;8
FacturaGuardada;Inventariar;bit;0;1
FacturaGuardada;Imprimir;bit;0;1
FacturaInventario;Id;int;0;4
FacturaInventario;CodPais;char;0;3
FacturaInventario;Dealer;int;0;4
FacturaInventario;Tda;char;0;7
FacturaInventario;TipoDoc;char;0;2
FacturaInventario;SerieDoc;char;0;10
FacturaInventario;DocNo;int;0;4
FacturaInventario;ClienteNo;char;0;20
FacturaInventario;Fecha;datetime;0;8
FacturaInventario;Total;float;0;8
FacturaInventario;Estatus;smallint;0;2
FacturaInventario;SaldoFactura;float;0;8
FacturaInventario;Inventariar;bit;0;1
FacturaInventario;Imprimir;bit;0;1
FacturaMasa;CodPais;char;0;3
FacturaMasa;Dealer;int;0;4
FacturaMasa;Tda;char;0;7
FacturaMasa;No;int;0;4
FacturaMasa;Fecha;date;1;3
FacturaMasa;TipoDoc;char;1;2
FacturaMasa;Serie;char;1;10
FacturaMasa;DocNoi;int;1;4
FacturaMasa;DocNof;int;1;4
FacturaMasa;ClienteNo;char;1;10
FacturaMasa;Vendedor;char;1;7
FacturaMasa;Bodega;char;1;7
FacturaMasa;Cajero;char;1;7
FacturaMasa;FormaPago;char;1;1
FacturaMasa;Dias;smallint;1;2
FacturaMasa;Codigo;char;1;20
FacturaMasa;Aplicado;bit;1;1
FacturaPeso;CodPais;char;0;3
FacturaPeso;Dealer;int;0;4
FacturaPeso;Tda;char;0;7
FacturaPeso;TipoDoc;char;0;2
FacturaPeso;Serie;char;0;20
FacturaPeso;DocNo;int;0;4
FacturaPeso;PesoBruto;decimal;1;9
FacturaPeso;PesoNeto;decimal;1;9
FacturaPeso;Bultos;decimal;1;9
FacturaPeso;BultoTipo;varchar;0;20
FacturaPeso;TipoBulto;varchar;0;20
FacturaPrint;CodPais;char;0;3
FacturaPrint;Dealer;int;0;4
FacturaPrint;Tda;char;0;7
FacturaPrint;Serie;char;0;10
FacturaPrint;TipoDoc;char;0;2
FacturaPrint;DocNo;int;0;4
Facturas_LCD_2024;Sucursal;nvarchar;1;510
Facturas_LCD_2024;Fecha;date;1;3
Facturas_LCD_2024;TipoDoc;char;1;10
Facturas_LCD_2024;SerieDoc;char;1;20
Facturas_LCD_2024;DocNo;int;1;4
Facturas_LCD_2024;ClienteNo;char;1;10
Facturas_LCD_2024;FormaPago;char;1;5
Facturas_LCD_2024;Dias;int;1;4
Facturas_LCD_2024;Vendedor;char;1;10
Facturas_LCD_2024;Cajero;char;1;10
Facturas_LCD_2024;Nombre;nvarchar;1;510
Facturas_LCD_2024;NIT;char;1;20
Facturas_LCD_2024;NRC;char;1;20
Facturas_LCD_2024;Cuenta;nvarchar;1;510
Facturas_LCD_2024;Valor;decimal;1;9
FacturaTemp;CodPais;char;0;3
FacturaTemp;Dealer;int;0;4
FacturaTemp;Tda;char;0;7
FacturaTemp;Serie;char;0;10
FacturaTemp;TipoDoc;char;0;2
FacturaTemp;DocNo;int;0;4
FacturaTemp;ClienteNo;char;0;10
FacturaTemp;Bodega;char;0;7
FacturaTemp;Cajero;char;0;7
FacturaTemp;ItemNo;smallint;1;2
FacturaTemp;Fecha;datetime;0;8
FacturaTemp;Subtotal;decimal;0;9
FacturaTemp;Descuento;decimal;0;9
FacturaTemp;Gravadas;decimal;0;9
FacturaTemp;IVA;decimal;0;9
FacturaTemp;Exentas;decimal;0;9
FacturaTemp;NoSujetas;decimal;1;9
FacturaTemp;Percepcion;decimal;1;9
FacturaTemp;Retencion;decimal;1;9
FacturaTemp;Flete;decimal;1;9
FacturaTemp;Total;decimal;0;9
FacturaTemp;FormaPago;char;0;1
FacturaTemp;Dias;smallint;0;2
FacturaTemp;Vencimiento;datetime;1;8
FacturaTemp;Vendedor;char;1;7
FacturaTemp;Estatus;smallint;1;2
FacturaTemp;SaldoFactura;decimal;1;9
FacturaTemp;FactNoRegistro;char;1;14
FacturaTemp;FactNombre;char;1;200
FacturaTemp;FactDireccion;char;1;100
FacturaTemp;FactGiro;char;1;100
FacturaTemp;FactMunicipio;char;1;20
FacturaTemp;FactDepartamento;char;1;20
FacturaTemp;FactNIT;char;1;20
FacturaTemp;Usuario;char;1;10
FacturaTemp;ClaseDocumento;char;1;2
FacturaTemp;TipoCambio;decimal;1;9
FacturaTemp;Declarada;bit;1;1
FacturaTemp;Ruta;smallint;1;2
FacturaTemp;Dia;smallint;1;2
FacturaTemp;Correlativo;smallint;1;2
FacturaTemp;RecibidoPor;char;1;30
FacturaTemp;FechaOferta;datetime;1;8
FacturaTemp;DireccionEntrega;varchar;1;150
FacturaTemp;DespachoEntrega;int;1;4
FacturaTemp;AdValoren;decimal;1;9
FacturaTemp;PedidoNo;int;1;4
FacturaTemp;TotalLetras;smallint;1;2
FacturaTemp;FechaIntereses;datetime;1;8
FacturaTemp;TipoFactura;char;1;2
FacturaTemp;VtaCodificada;decimal;1;9
FacturaTemp;TipoServicio;char;1;2
FacturaTemp;Contrato;int;1;4
FacturaTemp;NotasRemision;char;1;15
FacturaTemp;ContratoCliente;char;1;15
FacturaTemp;IdTrans;char;1;50
FacturaTemp;ReFactura;bit;1;1
FacturaTemp;OrdenCompra;nvarchar;1;60
FacturaTemp;ERPKey;nvarchar;1;100
FacturaTemp;ClasePedido;char;1;2
FacturaTemp;NCKey;nchar;1;100
FacturaTemp;DespBodega;bit;1;1
FacturaTemp;TieneDevolucion;bit;1;1
FacturaTemp;FactDUI;char;1;9
FacturaTemp;PedidoOriginal;int;1;4
FacturaTemp;Token;nvarchar;1;60
FacturaTemp;Tiempo;char;1;15
FacturaTemp;NoInventariar;smallint;1;2
FacturaTemp;Fovial;decimal;0;9
FacturaTemp;TasaIVA;decimal;0;9
FacturaTemp;TipoCliente;smallint;0;2
FacturaTemporal;CodPais;char;0;3
FacturaTemporal;Dealer;int;0;4
FacturaTemporal;Tda;char;0;7
FacturaTemporal;Serie;char;0;10
FacturaTemporal;Tipodoc;char;0;2
FacturaTemporal;DocNo;int;0;4
FacturaTemporal;Cajero;char;0;7
FacturaTemporal;Fecha;datetime;0;8
FacturaTemporal;ClienteNo;char;0;10
FacturaTemporal;FormaPago;char;0;1
FacturaTemporal;Dias;smallint;0;2
FacturaTemporal;Vendedor;char;1;7
FacturaTemporal;NoInventariar;smallint;1;2
FacturaTemporal;Bodega;char;0;7
FacturaTemporal;Codigo;char;0;20
FacturaTemporal;Descripción;varchar;1;150
FacturaTemporal;Cantidad;decimal;0;9
FacturaTemporal;PrecioUnitario;decimal;0;9
FacturaTemporal;Importe;decimal;0;9
FacturaTemporal;Kit;bit;1;1
FacturaTemporal;TipoUnidad;char;1;2
FacturaTemporal;USerie;char;1;20
FacturaTemporal;UDocNo;int;1;4
FacturaTemporal;Importar;smallint;1;2
FacturaTemporalAv;CodPais;char;0;3
FacturaTemporalAv;Dealer;int;0;4
FacturaTemporalAv;Tda;char;0;7
FacturaTemporalAv;Serie;char;0;10
FacturaTemporalAv;Tipodoc;char;0;2
FacturaTemporalAv;DocNo;int;0;4
FacturaTemporalAv;Cajero;char;0;7
FacturaTemporalAv;Fecha;datetime;0;8
FacturaTemporalAv;ClienteNo;char;0;10
FacturaTemporalAv;FormaPago;char;0;1
FacturaTemporalAv;Dias;smallint;0;2
FacturaTemporalAv;Vendedor;char;1;7
FacturaTemporalAv;NoInventariar;smallint;1;2
FacturaTemporalAv;Bodega;char;0;7
FacturaTemporalAv;Codigo;char;0;20
FacturaTemporalAv;Descripción;varchar;1;150
FacturaTemporalAv;Cantidad;decimal;0;9
FacturaTemporalAv;PrecioUnitario;decimal;0;9
FacturaTemporalAv;Importe;decimal;0;9
FacturaTemporalAv;Kit;bit;1;1
FacturaTemporalAv;TipoUnidad;char;1;2
FacturaTemporalAv;USerie;char;1;20
FacturaTemporalAv;UDocNo;int;1;4
FacturaTemporalAv;Importar;smallint;1;2
FacturaTemporalAv;id;int;0;4
FechaProduccion;CodPais;char;0;3
FechaProduccion;Dealer;int;0;4
FechaProduccion;Tda;char;0;7
FechaProduccion;Fecha;datetime;0;8
FechasCierre;CodPais;char;0;3
FechasCierre;Dealer;int;0;4
FechasCierre;Tda;char;0;7
FechasCierre;OT;int;0;4
FechasCierre;Fecha;datetime;0;8
FechasCierre;Usuario;char;0;15
FechasCierre;Hora;char;0;6
FechasdeProduccion;CodPais;char;0;3
FechasdeProduccion;Dealer;int;0;4
FechasdeProduccion;Fecha;datetime;0;8
FEL;CodPais;char;0;3
FEL;Dealer;int;0;4
FEL;Tda;char;0;7
FEL;TipoDoc;char;0;2
FEL;Serie;char;0;10
FEL;DocNo;int;0;4
FEL;Fecha;date;0;3
FEL;Emision;char;0;50
FEL;DocFirmado;nvarchar;0;-1
FEL;DocCertificado;nvarchar;0;-1
FEL;NoAutorizacion;char;0;50
FEL;SerieFEL;char;0;20
FEL;DocNoFEL;char;0;20
FEL;EmisionAnulacion;char;0;50
FEL;DocFirmadoA;nvarchar;0;-1
FEL;DocCertificadoA;nvarchar;0;-1
FEL;NoAutorizacionA;char;0;50
FEL;SerieFELA;char;0;20
FEL;DocNoFELA;char;0;20
FEL;Anulado;bit;0;1
FEL;Enviado;bit;0;1
FEL;Seleccionar;bit;0;1
FELSV;CodPais;char;0;3
FELSV;Dealer;int;0;4
FELSV;Tda;char;0;7
FELSV;TipoDoc;char;0;2
FELSV;Serie;char;0;20
FELSV;DocNo;int;0;4
FELSV;Fecha;date;0;3
FELSV;NumeroControl;char;0;50
FELSV;CodigoGeneracion;char;0;36
FELSV;SelloRecibido;char;0;50
FELSV;CodigoGeneracionA;char;0;36
FELSV;SelloRecibidoA;char;0;50
FELSV;Anulado;bit;0;1
FELSV;Enviado;bit;0;1
FELSV;Seleccionar;bit;0;1
FELSV;Observaciones;varchar;0;500
FELSV;ObservacionesA;varchar;0;500
FELSV;Email;bit;0;1
FELSV;Contingencia;int;0;4
FELSV;FechaDTE;date;0;3
FELSV;DocAsociado;bit;0;1
FELSV;Diferido;bit;0;1
Firma;CodPais;char;0;3
Firma;Dealer;int;0;4
Firma;Tda;char;0;7
Firma;Codigo;int;0;4
Firma;HechoPor;char;1;50
Firma;RevisadorPor;char;1;50
Firma;AuditadoPor;char;1;50
Firma;AutorizadoPor;char;1;50
Firma;FirmadoPor;char;1;50
FK_Inventario;foreign_table;nvarchar;1;514
FK_Inventario;primary_table;nvarchar;1;514
FK_Inventario;fk_columns;nvarchar;1;-1
FK_Inventario;fk_constraint_name;sysname;0;256
FlujoCaja;CodPais;char;0;3
FlujoCaja;Dealer;int;0;4
FlujoCaja;Rubro;smallint;0;2
FlujoCaja;Nivel;smallint;0;2
FlujoCaja;Subnivel;smallint;0;2
FlujoCaja;CuentaDesde;char;0;15
FlujoCaja;CuentaHasta;char;0;15
FlujoCaja;Descripcion;char;1;40
FlujoCaja;SumaTotal;bit;1;1
FlujoCaja;CargoAbono;char;1;1
FormaPago;CodPais;char;0;3
FormaPago;Dealer;int;0;4
FormaPago;Codigo;char;0;1
FormaPago;Descripcion;char;0;50
FormasPago;CodPais;char;0;3
FormasPago;Dealer;int;0;4
FormasPago;Codigo;char;0;1
FormasPago;Descripcion;char;0;50
Formato;CodPais;char;0;3
Formato;Dealer;int;0;4
Formato;Codigo;int;0;4
Formato;TipoDoc;char;0;2
Formato;Descripcion;varchar;1;50
Formato;Ruta;varchar;1;75
Formato;Horizontal;bit;0;1
Formato;Ancho;float;0;8
Formato;Altura;float;0;8
Formato;Lineas;int;0;4
Formato;Copias;int;0;4
Formato;Personalizado;bit;0;1
Formato;Ruta2;varchar;0;75
FormatoBoletaMedica;CodPais;char;0;3
FormatoBoletaMedica;Dealer;int;0;4
FormatoBoletaMedica;Codigo;char;0;7
FormatoBoletaMedica;OrdenNo;smallint;0;2
FormatoBoletaMedica;Descripcion;varchar;1;75
FormatoBoletaMedica;Titulo;bit;1;1
FormulaProd;CodPais;char;0;3
FormulaProd;Dealer;int;0;4
FormulaProd;Codigo;char;0;13
FormulaProd;Correlativo;int;0;4
FormulaProd;Componente;char;0;13
FormulaProd;Cantidad;decimal;0;9
FormulaProd;CostoUnitario;decimal;0;9
FormulaProd;Importe;decimal;0;9
FormularioFiscalia;CodPais;char;0;3
FormularioFiscalia;Dealer;int;0;4
FormularioFiscalia;Tienda;char;0;7
FormularioFiscalia;Cliente;char;0;10
FormularioFiscalia;Nombre;char;0;50
FormularioFiscalia;DocNo;int;0;4
FormularioFiscalia;Abono;decimal;0;9
FormularioFiscalia;Fecha;datetime;0;8
FormularioFiscalia;Generado;bit;0;1
FormularioFiscalia;Correlativo;int;0;4
FormularioFiscalia;Usuario;char;0;10
Fotografia;CodPais;char;0;3
Fotografia;Dealer;int;0;4
Fotografia;Empleado;int;0;4
Fotografia;Fecha;datetime;0;8
Fotografia;Foto;image;1;16
FraseDTE;CodPais;char;0;3
FraseDTE;CodFrase;smallint;0;2
FraseDTE;Frase;char;1;75
FraseFEL;CodPais;char;0;3
FraseFEL;Dealer;int;0;4
FraseFEL;Tda;char;0;7
FraseFEL;Doc;char;0;5
FraseFEL;Frase;smallint;0;2
FraseFEL;Escenario;smallint;1;2
FraseFEL;NumeroResolucion;char;1;20
FraseFEL;FechaResolucion;datetime;1;8
Galera;CodPais;char;0;3
Galera;Dealer;int;0;4
Galera;Granja;int;0;4
Galera;Galera;int;0;4
Galera;Descripcion;char;0;75
Galera;Abr;char;0;5
GastoDirectoProd;CodPais;char;0;3
GastoDirectoProd;Dealer;int;0;4
GastoDirectoProd;Correlativo;int;0;4
GastoDirectoProd;Orden;int;0;4
GastoDirectoProd;Serie;char;0;3
GastoDirectoProd;Fecha;datetime;0;8
GastoDirectoProd;Actividad;char;0;4
GastoDirectoProd;Tipo;char;0;3
GastoDirectoProd;Importe;decimal;0;9
GastoDirectoProd;Observacion;varbinary;0;82
GastoEspecifico;CodPais;char;0;3
GastoEspecifico;Dealer;int;0;4
GastoEspecifico;TipoGasto;smallint;0;2
GastoEspecifico;TipoOrden;char;0;2
GastoEspecifico;Porcentaje;real;0;4
GastoEspecifico;Tda;char;0;7
GastoFijo;CodPais;char;0;3
GastoFijo;Dealer;int;0;4
GastoFijo;Correlativo;smallint;0;2
GastoFijo;Proveedor;char;0;10
GastoFijo;CtaGasto;char;0;15
GastoFijo;Descripcion;char;0;100
GastoFijo;Valor;decimal;0;9
GastoFijo;DiaMes;smallint;0;2
GastoFijo;Activo;bit;0;1
GastoGuentaCC;CodPais;char;0;3
GastoGuentaCC;Dealer;int;0;4
GastoGuentaCC;CuentaContable;char;0;15
GastoGuentaCC;CdCosto;smallint;0;2
GastoGuentaCC;Proceso;char;0;4
GastoGuentaCC;Descripcion;char;0;75
GastoGuentaCC;Enero;decimal;0;9
GastoGuentaCC;Febrero;decimal;0;9
GastoGuentaCC;Marzo;decimal;0;9
GastoGuentaCC;Abril;decimal;0;9
GastoGuentaCC;Mayo;decimal;0;9
GastoGuentaCC;Junio;decimal;0;9
GastoGuentaCC;Julio;decimal;0;9
GastoGuentaCC;Agosto;decimal;0;9
GastoGuentaCC;Septiembre;decimal;0;9
GastoGuentaCC;Octubre;decimal;0;9
GastoGuentaCC;Noviembre;decimal;0;9
GastoGuentaCC;Diciembre;decimal;0;9
GastoGuentaCC;Cierre;decimal;0;9
GastoIndirectoProd;CodPais;char;0;3
GastoIndirectoProd;Dealer;int;0;4
GastoIndirectoProd;Orden;int;0;4
GastoIndirectoProd;Fecha;datetime;0;8
GastoIndirectoProd;Rubro;char;0;2
GastoIndirectoProd;Serie;char;0;3
GastoIndirectoProd;Valor;float;0;8
GastoIndirectoProd;Observacion;char;0;30
GastoOT;CodPais;char;0;3
GastoOT;Dealer;smallint;0;2
GastoOT;Tda;char;0;7
GastoOT;OT;float;0;8
GastoOT;Corr;smallint;0;2
GastoOT;Fecha;datetime;0;8
GastoOT;Tecnico;smallint;0;2
GastoOT;Cuenta;char;0;15
GastoOT;Valor;float;0;8
GastoOT;Descripcion;char;0;50
GastRetaceo;CodPais;char;0;3
GastRetaceo;Dealer;int;0;4
GastRetaceo;Tda;char;0;7
GastRetaceo;RetaceoNo;int;0;4
GastRetaceo;Linea;int;0;4
GastRetaceo;SerieDoc;char;0;6
GastRetaceo;TipoDoc;char;0;1
GastRetaceo;DocNo;char;0;10
GastRetaceo;FechaDoc;datetime;0;8
GastRetaceo;Concepto;char;0;50
GastRetaceo;Valor;decimal;0;9
GastRetaceo;Rubro;smallint;0;2
GENEROS;Codigo;smallint;0;2
GENEROS;Descripcion;char;0;15
GeoposicionCliente;CodPais;char;0;3
GeoposicionCliente;Dealer;smallint;0;2
GeoposicionCliente;ClienteNo;char;0;10
GeoposicionCliente;Latitud;float;0;8
GeoposicionCliente;Longitud;float;0;8
GeoposicionCliente;Clasificacion;smallint;0;2
Gestion;CodPais;char;0;3
Gestion;Dealer;int;0;4
Gestion;Gestion;smallint;0;2
Gestion;Descripcion;char;0;40
Gestion;EntidadR;char;0;20
GiftCard;CodPais;char;0;3
GiftCard;Dealer;int;0;4
GiftCard;No;int;0;4
GiftCard;TarjetaNo;char;1;20
GiftCard;Tda;char;1;7
GiftCard;TdaDoc;char;1;7
GiftCard;TipoDoc;char;1;2
GiftCard;Serie;char;1;20
GiftCard;DocNo;int;1;4
GiftCard;Cajero;char;1;7
GiftCard;Fecha;date;1;3
GiftCard;Valor;decimal;1;9
GiroNegocio;CodPais;char;0;3
GiroNegocio;ActividadEconomica;int;0;4
GiroNegocio;Giro;int;0;4
GiroNegocio;Descripcion;char;0;150
GRADOS;CodPais;char;0;3
GRADOS;Dealer;int;0;4
GRADOS;Nivel;smallint;0;2
GRADOS;Codigo;smallint;0;2
GRADOS;Descripcion;char;0;20
Granja;CodPais;char;0;3
Granja;Dealer;int;0;4
Granja;Granja;int;0;4
Granja;Descripcion;char;1;75
GroupMembers;CodPais;char;0;3
GroupMembers;Dealer;smallint;0;2
GroupMembers;GrupoNumero;int;0;4
GroupMembers;Nombre;char;0;75
GroupMembers;Email;char;0;75
GroupMembers;A;char;0;5
GroupRights;GrupoCliente;int;0;4
GroupRights;Groups;char;0;30
GroupRights;RightRGT;char;0;20
Groups;GroupID;char;0;30
Groups;GroupName;char;0;30
Groups;GroupManager;char;0;30
GrupoBanco;CodPais;char;0;3
GrupoBanco;Dealer;int;0;4
GrupoBanco;CuentaBanco;char;0;15
GrupoBanco;Grupo;smallint;0;2
GrupoBanco;Correlativo;smallint;0;2
GrupoBanco;CuentaNo;char;0;15
GrupoBanco;Nombre1;char;0;15
GrupoBanco;Nombre2;char;0;15
GrupoBanco;CuentaPadre;char;1;15
GrupoBoton;CodPais;char;0;3
GrupoBoton;Dealer;int;0;4
GrupoBoton;Tda;char;0;7
GrupoBoton;ID;smallint;0;2
GrupoBoton;Texto;char;0;30
GrupoBoton;LineaProd;char;0;3
GrupoBoton;Imagen;nvarchar;0;510
GrupoCliente;Codigo;int;0;4
GrupoCliente;Nombre;varchar;1;100
GrupoCliente;Pais;char;0;3
GrupoCliente;DealerNo;int;1;4
GrupoCliente;UserNo;int;1;4
GrupoCliente;Email;varchar;1;100
GrupoCliente;Programa;char;1;1
GrupoCliente;Mensualidad;float;1;8
GrupoCliente;Precio;float;1;8
GrupoCliente;Activo;bit;0;1
GrupoDescuento;CodPais;char;0;3
GrupoDescuento;Dealer;int;0;4
GrupoDescuento;ClienteNo;char;0;10
GrupoDescuento;TipoDesc;smallint;0;2
GrupoDescuento;Grupo;char;0;7
GrupoDescuento;Porcentaje;decimal;1;9
GrupoFamiliar;CodPais;char;0;3
GrupoFamiliar;Dealer;int;0;4
GrupoFamiliar;Codigo;smallint;0;2
GrupoFamiliar;Parentesco;char;0;40
GrupoFamiliar;NombreCompleto;char;0;60
GrupoFamiliar;Departamento;char;0;4
GrupoFamiliar;Nivel;smallint;0;2
GrupoFamiliar;FechaNacimiento;datetime;0;8
GrupoFamiliar;Sexo;char;0;1
GrupoFamiliar;Telefono;char;0;11
GrupoProd;CodPais;char;0;3
GrupoProd;Dealer;int;0;4
GrupoProd;Grupo;char;0;7
GrupoProd;Descripcion;char;0;75
GrupoProd;Impresora;char;0;250
GrupoProd;GrupoNew;varchar;0;10
GrupoProducto;CodPais;char;0;3
GrupoProducto;Grupo;smallint;0;2
GrupoProducto;Nombre;char;0;50
GruposDerechos;GrupoCliente;int;0;4
GruposDerechos;Grupo;char;0;30
GruposDerechos;Descripcion;char;0;250
GruposDerechos;Modulo;char;0;20
GruposDerechos;CreadoPor;char;0;20
GruposDerechos;ModificadoPor;char;0;20
GruposDerechos;FechaCreado;datetime;0;8
GruposDerechos;HoraCreado;char;0;10
GruposDerechos;FechaUpdate;char;0;20
GruposDerechos;HoraUpdate;char;0;10
Guia2;CodPais;char;0;3
Guia2;Dealer;int;0;4
Guia2;Usuario;char;0;20
Guia2;Fecha;datetime;0;8
Guia2;Ruta;char;0;7
Guia2;Bodega;char;0;7
Guia2;Email;char;1;60
Guia2;LiquidCChica;char;1;4
Guia2;Nombre;varchar;1;50
Guia2;CtaCChica;char;1;15
Guia2;TerminalTicket;smallint;0;2
Guia2;ApruebaPedido;bit;0;1
Guia2;Jefe;char;1;20
Guia2;Impresora;char;1;20
Guia2;Manual;char;1;20
Guia2;Activo;bit;1;1
Guia2;FechaInv;date;0;3
GuiaDigitacion;CodPais;char;0;3
GuiaDigitacion;Dealer;int;0;4
GuiaDigitacion;Usuario;char;0;20
GuiaDigitacion;Fecha;datetime;0;8
GuiaDigitacion;Ruta;char;0;7
GuiaDigitacion;Bodega;char;0;7
GuiaDigitacion;Email;char;1;60
GuiaDigitacion;LiquidCChica;char;1;4
GuiaDigitacion;Nombre;varchar;1;50
GuiaDigitacion;CtaCChica;char;1;15
GuiaDigitacion;TerminalTicket;smallint;0;2
GuiaDigitacion;ApruebaPedido;bit;0;1
GuiaDigitacion;Jefe;char;1;20
GuiaDigitacion;Impresora;char;1;20
GuiaDigitacion;Manual;char;1;20
GuiaDigitacion;Activo;bit;1;1
GuiaDigitacion;FechaInv;date;0;3
GuiaLiquidacion;CodPais;char;0;3
GuiaLiquidacion;Dealer;int;0;4
GuiaLiquidacion;Password;char;0;10
GuiaLiquidacion;Fecha;datetime;0;8
GuiaLiquidacion;Ruta;char;0;7
GuiaLiquidacion;Bodega;char;0;7
GuiaRevision;CodPais;char;0;3
GuiaRevision;Dealer;int;0;4
GuiaRevision;Fecha;datetime;0;8
GuiaRevision;Trabajado;bit;0;1
GuiaRevision;DiaSemana;smallint;0;2
GuiaRevision;SemanaAño;smallint;0;2
GuiaRevMarca;CodPais;char;0;3
GuiaRevMarca;Dealer;int;0;4
GuiaRevMarca;Fecha;datetime;0;8
GuiaRevMarca;Trabajado;bit;0;1
GuiaRevMarca;DiaSemana;smallint;0;2
GuiaRevMarca;SemanaAño;smallint;0;2
Herramienta;CodPais;char;0;3
Herramienta;Dealer;int;0;4
Herramienta;Contrato;float;0;8
Herramienta;Descripcion;char;0;75
Herramienta;Estado;char;0;1
Herramienta;Empleado;int;0;4
Herramienta;Cantidad;decimal;0;9
Herramienta;ValorUnitario;decimal;0;9
HistorialGestion;CodPais;char;0;3
HistorialGestion;Dealer;int;0;4
HistorialGestion;Fecha;datetime;0;8
HistorialGestion;Hora;char;0;6
HistorialGestion;ClienteNo;char;0;10
HistorialGestion;Gestión;smallint;0;2
HistorialGestion;Vendedor;char;1;4
HistorialGestion;UAct;char;0;14
HojaLiquidacion;CodPais;char;0;3
HojaLiquidacion;Dealer;int;0;4
HojaLiquidacion;Tda;char;0;7
HojaLiquidacion;LiquidacionNo;int;0;4
HojaLiquidacion;CuadroNo;int;0;4
HojaLiquidacion;Fecha;datetime;1;8
HojaLiquidacion;Hora;char;1;6
HojaLiquidacion;Vendedor;char;1;7
HojaLiquidacion;Transportista;int;1;4
HojaLiquidacion;NoDocs;smallint;1;2
HojaLiquidacion;Total;decimal;1;9
HojaLiquidacion;Liquidado;bit;1;1
HojaLiquidacion;HechoPor;char;1;10
HojaLiquidacion;Saldo;decimal;1;9
HojaLiquidacion;OrigenFacturas;char;1;1
HojaLiquidacion;IngCaja;decimal;1;9
HojaProduccion;CodPais;char;0;3
HojaProduccion;Dealer;int;0;4
HojaProduccion;Tda;char;0;7
HojaProduccion;HojaNo;int;0;4
HojaProduccion;Operador;char;0;10
HojaProduccion;Fecha;datetime;0;8
HojaProduccion;Bodega;char;0;7
HojaProduccion;Entrada1;char;0;6
HojaProduccion;Salida1;char;0;6
HojaProduccion;Entrada2;char;0;6
HojaProduccion;Salida2;char;0;6
HojaProduccion;HorasNoCosteables;decimal;0;9
HojaProduccion;HorasEfectivas;decimal;0;9
HojaProduccion;Permanencia;decimal;0;9
HojaProduccion;TotalUnidades;int;0;4
HojaProduccion;Maquinaria;varchar;0;10
HojaProduccion;Molde;varchar;0;20
HojaProduccion;PiezaColada;int;0;4
HojaProduccion;BodegaSalida;char;0;7
HojaProduccion;NoParticipa;bit;0;1
HojaProduccion;Aplicado;bit;0;1
HojaProduccion;ProcesoFinal;char;0;4
HojaProduccion;Costo;decimal;0;9
HojaProduccion;Tipo;char;0;2
HojaProduccion;Nivel;char;0;1
HojaProduccion;Entrada3;char;0;6
HojaProduccion;Salida3;char;0;6
HojaProduccion;Anulado;bit;0;1
HojaProduccion;MotivoAnulacion;varchar;0;100
HojaProduccion;UserCreador;varchar;0;20
HojaProduccion;UserModify;varchar;0;20
HojaProduccion;FechaNatural;datetime;0;8
HojaProduccion;FechaAplicacion;date;0;3
HojaProduccion;Nota;varchar;0;150
HojaProduccion;MP;char;0;20
HoraExtra;CodPais;char;0;3
HoraExtra;Dealer;int;0;4
HoraExtra;Fecha;datetime;0;8
HoraExtra;Empleado;int;0;4
HoraExtra;Plaza;char;0;14
HoraExtra;Rubro;char;0;30
HoraExtra;Tipo;char;0;2
HoraExtra;Autorizador;int;0;4
HoraExtra;DiaInicial;datetime;0;8
HoraExtra;HoraInicial;char;0;6
HoraExtra;DiaFinal;datetime;0;8
HoraExtra;HoraFinal;char;0;6
HorarioTurno;CodPais;char;0;3
HorarioTurno;Dealer;int;0;4
HorarioTurno;Codigo;char;0;10
HorarioTurno;Dia;char;0;10
HorarioTurno;IngresoTurno;char;0;6
HorarioTurno;SalB1;char;0;6
HorarioTurno;EntB1;char;0;6
HorarioTurno;SalCom1;char;0;6
HorarioTurno;EntCom1;char;0;6
HorarioTurno;SalB2;char;0;6
HorarioTurno;EntB2;char;0;6
HorarioTurno;SalidaTurno;char;0;6
HorarioTurno;NumeroDia;smallint;0;2
HorarioTurno;HoraNocturna;real;0;4
HorarioTurno;HENocturna;real;0;4
HorarioTurno;Clase;char;0;2
Idoneidad;CodPais;char;0;3
Idoneidad;Dealer;int;0;4
Idoneidad;Conocimientos;char;0;30
Idoneidad;Porcentaje;real;0;4
IdOrdenCompra;CodPais;char;0;3
IdOrdenCompra;Dealer;int;0;4
IdOrdenCompra;Tda;char;0;7
IdOrdenCompra;OrdenCompra;int;0;4
IdOrdenCompra;CCodPais;char;1;3
IdOrdenCompra;CDealer;int;1;4
IdOrdenCompra;CTda;char;1;7
IdOrdenCompra;Proveedor;char;1;14
IdOrdenCompra;TipoDoc;char;1;1
IdOrdenCompra;SerieDoc;char;1;15
IdOrdenCompra;FacturaNo;char;1;20
ImpDevDesc;CodPais;char;0;3
ImpDevDesc;Dealer;int;0;4
ImpDevDesc;Planilla;int;0;4
ImpDevDesc;Empleado;int;0;4
ImpDevDesc;Codigo;int;0;4
ImpDevDesc;Valor;decimal;1;9
ImpDevDesc;Aplicado;bit;0;1
Importacion;CodPais;char;0;3
Importacion;Dealer;int;0;4
Importacion;Tda;char;0;7
Importacion;ImportacionNo;int;0;4
Importacion;FacturaNo;char;0;20
Importacion;Proveedor;char;0;14
Importacion;FechaDoc;datetime;0;8
Importacion;FechaReclamo;datetime;0;8
Importacion;IVA;decimal;0;9
Importacion;FOB;decimal;0;9
Importacion;Exenta;decimal;0;9
Importacion;CIFMasImp;decimal;0;9
Importacion;DAI;decimal;0;9
Importacion;SaldoFactura;decimal;0;9
Importacion;CuentaContable;char;0;15
Importacion;DiaCredito;smallint;0;2
Importacion;Vencimiento;datetime;0;8
Importacion;Estatus;char;0;1
Importacion;UltimaLinea;smallint;0;2
Importacion;RetaceoNo;int;0;4
Importacion;Moneda1;char;1;5
Importacion;Tasa1;decimal;1;9
Importacion;Tasa2;decimal;1;9
Importacion;IngresoBodega;decimal;0;9
Importacion;FleteAduana;decimal;0;9
Importacion;SeguroAduana;decimal;0;9
Importacion;OtroAduana;decimal;0;9
Importacion;TipoCambioOficial;decimal;1;9
Importacion;Vapor;smallint;0;2
Importacion;Declarada;bit;0;1
Importacion;PesoTotal;decimal;0;9
Importacion;Bodega;char;0;7
Importacion;CuentaBanco;char;1;15
Importacion;FechaPago;datetime;1;8
Importacion;TiendaIBodega;char;0;7
Importacion;OrdenCompra;int;0;4
Importacion;UserCreador;char;0;20
Importacion;UserModify;char;0;20
Importacion;FechaNatural;datetime;0;8
Importacion;BL;char;0;30
Importacion;Acreedor;char;1;14
ImportBono;Codpais;char;0;3
ImportBono;Dealer;int;0;4
ImportBono;Empleado;int;0;4
ImportBono;Bono;decimal;0;5
ImportBono;Planilla;int;0;4
ImportCatalogo;CodPais;char;0;3
ImportCatalogo;Dealer;int;0;4
ImportCatalogo;Codigo;char;0;15
ImportCatalogo;Descripcion;char;0;100
ImportCatalogo;Naturaleza;char;0;1
ImportCatalogo;Clase;char;0;1
ImportCatalogo;Nivel;smallint;0;2
ImportCatalogo;Estatus;char;0;1
ImportCatalogo;CodigoAlternativo;char;0;15
ImportCatalogo;ManejaPresupuesto;bit;0;1
ImportCatalogo;ManejaCC;bit;0;1
ImportCatalogo;Usuario;char;0;20
ImportCliente;CodPais;char;0;3
ImportCliente;Dealer;int;0;4
ImportCliente;ClienteNo;char;0;10
ImportCliente;Nombre;char;1;100
ImportCliente;NRC;char;1;25
ImportCliente;NIT;char;1;20
ImportCliente;RazonSocial;char;1;150
ImportCliente;Giro;char;1;100
ImportCliente;Direccion;char;1;100
ImportCliente;FormaPago;char;1;1
ImportCliente;DiasCredito;smallint;1;2
ImportCliente;MaximoCredito;decimal;1;9
ImportCliente;Vendedor;char;1;7
ImportCliente;TipoCliente;smallint;1;2
ImportCliente;CodigoContable;char;1;15
ImportCliente;Estatus;char;1;1
ImportCliente;DocAsignar;char;1;2
ImportCliente;Exento;bit;1;1
ImportCliente;PaisCliente;char;1;3
ImportCliente;Departamento;smallint;0;2
ImportCliente;Municipio;smallint;0;2
ImportCliente;GranContrib;bit;1;1
ImportCliente;Percibir;bit;1;1
ImportCliente;PersonaNatural;bit;1;1
ImportCliente;ConocidoPor;char;1;50
ImportCliente;Extranjero;bit;0;1
ImportCliente;ActividadEconomica;int;0;4
ImportCliente;Correo;varchar;0;250
ImportCliente;Telefono;char;0;20
ImportCliente;DUI;char;0;20
ImportCliente;Pasaporte;char;0;20
ImportCliente;CarnetResidente;char;0;20
ImportCliente;Usuario;char;0;20
ImportDevengo;CodPais;char;0;3
ImportDevengo;Dealer;int;0;4
ImportDevengo;Planilla;int;0;4
ImportDevengo;Empleado;int;0;4
ImportDevengo;CodigoDev;int;0;4
ImportDevengo;Valor;decimal;0;9
ImportDevengo;Concepto;varchar;0;50
ImportEmpleado;CodPais;char;0;3
ImportEmpleado;Dealer;int;0;4
ImportEmpleado;Numero;int;0;4
ImportEmpleado;Nombre;nchar;0;100
ImportEmpleado;PrimerApellido;nchar;0;50
ImportEmpleado;SegundoApellido;nchar;0;50
ImportEmpleado;DUI;nchar;0;30
ImportEmpleado;NIT;nchar;0;40
ImportEmpleado;Direccion;char;0;50
ImportEmpleado;DescuentoISSS;smallint;0;2
ImportEmpleado;ISSSNo;nchar;0;30
ImportEmpleado;PeriodoPago;smallint;0;2
ImportEmpleado;Sueldo;decimal;0;9
ImportEmpleado;AFP;smallint;0;2
ImportEmpleado;NUP;nchar;0;24
ImportEmpleado;NombreSegunISSS;char;0;100
ImportEmpleado;Departamento;char;0;6
ImportEmpleado;CargoDesempeñado;char;0;6
ImportEmpleado;Sexo;char;0;1
ImportEmpleado;TipoCuenta;char;0;2
ImportEmpleado;CuentaNo;nchar;0;40
ImportEmpleado;BancoCtaDeposito;nchar;0;50
ImportEmpleado;FormaPago;char;0;2
ImportEmpleado;TipoPlanilla;smallint;0;2
ImportEmpleado;Caracter;char;0;10
ImportEmpleado;Estatus;char;0;1
ImportEmpleado;Usuario;char;0;20
ImportEmpleado;FechaIngreso;date;0;3
ImportFELSVFact;CodPais;char;0;3
ImportFELSVFact;Dealer;int;0;4
ImportFELSVFact;Tda;char;0;7
ImportFELSVFact;TipoDoc;char;0;2
ImportFELSVFact;Serie;char;0;20
ImportFELSVFact;LineaNo;int;0;4
ImportFELSVFact;DocNo;int;0;4
ImportFELSVFact;Fecha;date;1;3
ImportFELSVFact;Nombre;varchar;1;150
ImportFELSVFact;CodActividadEconomica;int;1;4
ImportFELSVFact;ActividadEconomica;varchar;1;150
ImportFELSVFact;Email;varchar;1;100
ImportFELSVFact;Direccion;varchar;1;150
ImportFELSVFact;CodMunicipio;char;1;10
ImportFELSVFact;Municipio;varchar;1;75
ImportFELSVFact;CodDepartamento;char;1;10
ImportFELSVFact;Departamento;varchar;1;25
ImportFELSVFact;DUI;char;0;20
ImportFELSVFact;NIT;char;0;20
ImportFELSVFact;NRC;char;0;25
ImportFELSVFact;FormaPago;smallint;1;2
ImportFELSVFact;Gravadas;decimal;0;9
ImportFELSVFact;Descuento;decimal;0;9
ImportFELSVFact;IVA;decimal;0;9
ImportFELSVFact;Subtotal;decimal;0;9
ImportFELSVFact;Retencion;decimal;0;9
ImportFELSVFact;Percepcion;decimal;0;9
ImportFELSVFact;OtrosMontoNoAfecto;decimal;0;9
ImportFELSVFact;Total;decimal;0;9
ImportFELSVFact;Tipo;char;0;1
ImportFELSVFact;Codigo;char;0;20
ImportFELSVFact;Cantidad;int;1;4
ImportFELSVFact;Descripcion;varchar;1;250
ImportFELSVFact;Precio;decimal;1;9
ImportFELSVFact;Importe;decimal;0;9
ImportFELSVFact;TipoDocumento;char;0;2
ImportFELSVFact;ModeloFacturacion;smallint;0;2
ImportFELSVFact;TipoTransmision;smallint;0;2
ImportFELSVFact;Usuario;char;1;20
ImportFELSVFact;RetencionRenta;decimal;0;9
ImportFELSVFact;Telefono;varchar;0;10
ImportFELSVFact;SerieRef;varchar;0;20
ImportFELSVFact;DocNoRef;int;0;4
ImportFELSVFact;TipoDocRef;char;0;2
ImportFELSVFact;FechaEmisionRef;date;0;3
ImportFELSVFact;TipoDocRet;int;0;4
ImportFELSVFact;Valido;bit;0;1
ImportFELSVFact;Observaciones;varchar;0;75
ImportInventario;CodPais;char;0;3
ImportInventario;Dealer;int;0;4
ImportInventario;Codigo;char;0;20
ImportInventario;Descripcion;char;1;100
ImportInventario;Proveedor;char;1;10
ImportInventario;Marca;char;1;20
ImportInventario;Modelo;char;1;20
ImportInventario;Ubicacion;char;1;4
ImportInventario;Unidad;char;1;10
ImportInventario;Tipo;char;1;1
ImportInventario;Clase;char;1;4
ImportInventario;Linea;char;0;3
ImportInventario;Sublinea;char;1;4
ImportInventario;CostoUnitario;decimal;0;9
ImportInventario;Impuesto;int;1;4
ImportInventario;ManejaExistencia;bit;0;1
ImportInventario;Kit;bit;1;1
ImportInventario;SIM;bit;1;1
ImportInventario;IMEI;bit;1;1
ImportInventario;TelNo;bit;1;1
ImportInventario;MDH;bit;1;1
ImportInventario;SerieNo;bit;1;1
ImportInventario;Lote;bit;1;1
ImportInventario;Precio1;decimal;0;9
ImportInventario;Precio2;decimal;0;9
ImportInventario;Precio3;decimal;0;9
ImportInventario;Precio4;decimal;0;9
ImportInventario;PrecioPiso;decimal;0;9
ImportInventario;CodBarra;char;1;20
ImportInventario;Activo;bit;0;1
ImportInventario;Usuario;char;0;20
ImportInventario;Proveedor1;char;0;14
ImportInventario;CodProv1;char;0;20
ImportInventario;Proveedor2;char;0;14
ImportInventario;CodProv2;char;0;20
ImportInventario;Proveedor3;char;0;14
ImportInventario;CodProv3;char;0;20
ImportInventario;Proveedor4;char;0;14
ImportInventario;CodProv4;char;0;20
ImportInventario;Proveedor5;char;0;14
ImportInventario;CodProv5;char;0;20
ImportInventario;Proveedor6;char;0;14
ImportInventario;CodProv6;char;0;20
ImportInventario;Proveedor7;char;0;14
ImportInventario;CodProv7;char;0;20
ImportInventario;Proveedor8;char;0;14
ImportInventario;CodProv8;char;0;20
ImportInventario;Proveedor9;char;0;14
ImportInventario;CodProv9;char;0;20
ImportInventario;DescripcionLarga;varchar;0;250
ImportOrdenCompra;CodPais;char;0;3
ImportOrdenCompra;Dealer;int;0;4
ImportOrdenCompra;Tda;char;0;7
ImportOrdenCompra;OrdenNo;int;0;4
ImportOrdenCompra;LineaNo;int;0;4
ImportOrdenCompra;Departamento;char;0;4
ImportOrdenCompra;Motivo;char;0;25
ImportOrdenCompra;Codigo;char;0;20
ImportOrdenCompra;Descripcion;char;0;80
ImportOrdenCompra;Cantidad;decimal;0;9
ImportOrdenCompra;PrecioUnitario;decimal;0;9
ImportOrdenCompra;Importe;decimal;0;9
ImportOrdenCompra;Proveedor;char;0;14
ImportOrdenCompra;Usuario;char;0;20
ImportPlanillaGranja;CodPais;char;0;3
ImportPlanillaGranja;Dealer;int;0;4
ImportPlanillaGranja;Empleado;int;0;4
ImportPlanillaGranja;Dias;decimal;1;9
ImportPlanillaGranja;DiasDobles;decimal;1;9
ImportPlanillaGranja;HorasExtrasDiurnas;decimal;1;9
ImportPlanillaGranja;HorasNocturnidad;decimal;1;9
ImportPlanillaGranja;CodDevengo;int;1;4
ImportPlanillaGranja;OtrosDevengos;decimal;1;9
ImportPlanillaGranja;CodComida;int;1;4
ImportPlanillaGranja;Comida;decimal;1;9
ImportPlanillaGranja;CodDescuento;int;1;4
ImportPlanillaGranja;OtrosDescuentos;decimal;1;9
ImportPlanillaGranja;Usuario;char;0;20
ImportPrecioAv;CodPais;char;0;3
ImportPrecioAv;Dealer;int;0;4
ImportPrecioAv;TipoCliente;smallint;0;2
ImportPrecioAv;Codigo;char;0;20
ImportPrecioAv;TipoUnidad;char;0;2
ImportPrecioAv;Precio;decimal;0;9
ImportPrecioAv;FechaDesde;date;0;3
ImportPrecioAv;FechaHasta;date;0;3
ImportPrecioAv;CreadoPor;char;0;20
ImportPrecioAv;FechaCreado;date;0;3
ImportPrecioAv;HoraCreado;char;0;8
ImportPrecioAv;ModificadoPor;char;0;20
ImportPrecioAv;FechaUpdate;date;0;3
ImportPrecioAv;HoraUpdate;char;0;8
ImportPrecioConAv;CodPais;char;0;3
ImportPrecioConAv;Dealer;int;0;4
ImportPrecioConAv;ClienteNo;char;0;10
ImportPrecioConAv;Codigo;char;0;20
ImportPrecioConAv;TipoUnidad;char;0;2
ImportPrecioConAv;Precio;decimal;0;9
ImportPrecioConAv;FechaDesde;date;0;3
ImportPrecioConAv;FechaHasta;date;0;3
ImportPrecioConAv;CreadoPor;char;0;20
ImportPrecioConAv;FechaCreado;date;0;3
ImportPrecioConAv;HoraCreado;char;0;8
ImportPrecioConAv;ModificadoPor;char;0;20
ImportPrecioConAv;FechaUpdate;date;0;3
ImportPrecioConAv;HoraUpdate;char;0;8
ImportPrecioConAv;Precio2;decimal;0;9
ImportProveedor;CodPais;char;0;3
ImportProveedor;Dealer;int;0;4
ImportProveedor;Codigo;char;0;14
ImportProveedor;Nombre;char;0;100
ImportProveedor;NRC;char;0;14
ImportProveedor;Direccion;char;0;256
ImportProveedor;Giro;char;0;256
ImportProveedor;CodigoContable;char;0;15
ImportProveedor;NIT;char;0;14
ImportProveedor;Pais;char;0;30
ImportProveedor;Email;char;0;150
ImportProveedor;Origen;char;0;1
ImportProveedor;SujetoRetencion;bit;0;1
ImportProveedor;Percibe;bit;0;1
ImportProveedor;NombreComercial;char;1;100
ImportProveedor;Estatus;bit;1;1
ImportProveedor;TasaIVA;float;0;8
ImportProveedor;Departamento;int;0;4
ImportProveedor;Municipio;int;0;4
ImportProveedor;DUI;char;0;20
ImportProveedor;Telefono;char;0;20
ImportProveedor;NombreActividad;varchar;0;256
ImportProveedor;CodActividad;int;0;4
ImportProveedor;Usuario;char;0;20
ImprimirNR;CodPais;char;0;3
ImprimirNR;Dealer;int;0;4
ImprimirNR;Tda;char;0;7
ImprimirNR;Usuario;char;0;20
ImprimirNR;SerieNR;char;0;20
ImprimirNR;NRNo;int;0;4
ImprimirNR;Impresa;bit;0;1
Impuesto;CodPais;char;0;3
Impuesto;Dealer;int;0;4
Impuesto;Codigo;int;0;4
Impuesto;Impuesto;char;0;60
Impuesto;ValorFijo;decimal;0;5
Impuesto;Formula;decimal;0;5
Impuesto;Porcentaje;decimal;0;5
Impuesto;Comentario;char;0;100
Impuesto;CContable;char;0;15
Impuesto;Suma;bit;0;1
ImpuestoDet;CodPais;char;0;3
ImpuestoDet;Dealer;int;0;4
ImpuestoDet;Codigo;int;0;4
ImpuestoDet;CodDte;char;0;5
ImpuestoDet;Suma;bit;1;1
ImpuestoDTE;CodPais;char;0;3
ImpuestoDTE;Codigo;char;0;5
ImpuestoDTE;Descripcion;char;1;60
ImpuestoDTE;ValorFijo;decimal;0;5
ImpuestoDTE;Formula;decimal;0;5
ImpuestoDTE;Porcentaje;decimal;0;5
ImpuestoDTE;Activo;bit;0;1
Inasistencia;CodPais;char;0;3
Inasistencia;Dealer;int;0;4
Inasistencia;Codigo;int;0;4
Inasistencia;Fecha;datetime;0;8
Inasistencia;Empresa;smallint;0;2
Inasistencia;CdCosto;char;0;6
Inasistencia;SDA;smallint;0;2
Inasistencia;Condicion;char;0;2
Inasistencia;Autorizado;bit;0;1
Inasistencia;Autorizador;int;0;4
Inasistencia;Rubro;char;0;30
Inasistencia;Plaza;char;0;14
Incoterm;CodPais;char;0;3
Incoterm;Codigo;char;0;2
Incoterm;Descripcion;varchar;1;50
IncotermFEL;CodPais;char;0;3
IncotermFEL;Codigo;char;0;2
IncotermFEL;Descripcion;varchar;1;50
IngCaja;CodPais;char;0;3
IngCaja;Dealer;int;0;4
IngCaja;Tda;char;0;7
IngCaja;IngresoCaja;int;0;4
IngCaja;Fecha;datetime;0;8
IngCaja;FechaProceso;datetime;0;8
IngCaja;Hora;char;0;6
IngCaja;Cajero;char;0;7
IngCaja;Cobrador;char;0;7
IngCaja;ClienteNo;char;0;10
IngCaja;Valor;decimal;0;9
IngCaja;NoDocs;smallint;0;2
IngCaja;SaldoFacturas;decimal;0;9
IngCaja;InteresesMora;decimal;0;9
IngCaja;UsuarioCreador;char;0;15
IngCaja;UsuarioModificador;char;0;15
IngCaja;ReciboCobro;decimal;0;9
IngCaja;FormaPago;char;0;2
IngCaja;Banco;char;0;30
IngCaja;Referencia;char;0;15
IngCaja;Estatus;char;0;2
IngCaja;Efectivo;decimal;0;9
IngCaja;Vales;decimal;0;9
IngCaja;Cheques;decimal;0;9
IngCajaAv;CodPais;char;0;3
IngCajaAv;Dealer;int;0;4
IngCajaAv;Tda;char;0;7
IngCajaAv;IngresoCaja;int;0;4
IngCajaAv;Fecha;datetime;0;8
IngCajaAv;FechaProceso;datetime;0;8
IngCajaAv;Hora;char;0;8
IngCajaAv;Cajero;char;0;7
IngCajaAv;Cobrador;char;0;7
IngCajaAv;Efectivo;decimal;1;9
IngCajaAv;Cheques;decimal;1;9
IngCajaAv;Valor;decimal;0;9
IngCajaAv;UsuarioCreador;char;0;15
IngCajaAv;UsuarioModificador;char;0;15
IngCajaAv;FormaPago;char;0;2
IngCajaAv;Cuenta;char;0;15
IngCajaAv;Referencia;char;0;15
IngCajaAv;Estatus;char;0;2
IngCajaAv;Concepto;varchar;0;-1
IngDevVtas;CodPais;char;0;3
IngDevVtas;Dealer;int;0;4
IngDevVtas;Tda;char;0;7
IngDevVtas;IngresoNo;float;0;8
IngDevVtas;SerieDoc;char;0;20
IngDevVtas;TipoDoc;char;0;2
IngDevVtas;DocNo;int;0;4
IngDevVtas;ClienteNo;char;0;10
IngDevVtas;Fecha;datetime;0;8
IngDevVtas;IVA;float;0;8
IngDevVtas;Gravada;float;0;8
IngDevVtas;Exenta;float;0;8
IngDevVtas;Retencion;float;0;8
IngDevVtas;Total;float;0;8
IngDevVtas;Impresa;bit;0;1
IngDevVtas;UltimaLinea;smallint;0;2
IngDevVtas;TotalCargo;float;0;8
IngDevVtas;Bodega;char;0;7
IngDevVtas;Liquidado;bit;0;1
IngDevVtas;Autorizado;bit;0;1
IngHoraExtra;CodPais;char;0;3
IngHoraExtra;Dealer;int;0;4
IngHoraExtra;Fecha;date;0;3
IngHoraExtra;Empleado;int;0;4
IngHoraExtra;Observacion;char;0;250
IngHoraExtra;Tipo;int;0;4
IngHoraExtra;HoraExtra;float;0;8
IngHoraExtra;HoraExtraAut;float;0;8
IngHoraExtra;Autorizador;int;0;4
IngHoraExtra;Autorizada;bit;0;1
IngHoraExtra;Creado;char;1;20
IngHoraExtra;Modificado;char;1;20
IngHoraExtra;FechaNatural;date;0;3
IngHoraExtra;PersonaNatural;char;0;75
IngHoraExtra;Planilla;int;0;4
IngHoraExtra;Seleccionar;bit;0;1
IngHoraExtra;Nivel;int;1;4
IngHoraExtra;Division;char;0;7
IngresoBodega;CodPais;char;0;3
IngresoBodega;Dealer;int;0;4
IngresoBodega;Tda;char;0;7
IngresoBodega;IngresoNo;decimal;0;9
IngresoBodega;SerieDoc;char;0;6
IngresoBodega;TipoDoc;char;0;1
IngresoBodega;DocNo;char;0;10
IngresoBodega;Envio;char;0;10
IngresoBodega;Ref;int;0;4
IngresoBodega;Proveedor;char;0;10
IngresoBodega;Fecha;datetime;0;8
IngresoBodega;IVA;decimal;0;9
IngresoBodega;Gravada;decimal;0;9
IngresoBodega;Exenta;decimal;0;9
IngresoBodega;Total;decimal;0;9
IngresoBodega;Impresa;bit;0;1
IngresoBodega;UltimaLinea;smallint;0;2
IngresoBodega;ImportacionNo;int;0;4
IngresoBodega;NRC;char;0;8
IngresoBodega;TotalCargo;decimal;0;9
IngresoBodega;Transporte;char;0;40
IngresoBodega;Motorista;char;0;40
IngresoBodega;PlacaNo;char;0;20
IngresoBodega;s;char;0;7
IngresoBodega;Liquidado;bit;0;1
IngresoBodega;Retencion;decimal;0;9
INGRESOSCAJA;CodPais;char;0;3
INGRESOSCAJA;Dealer;int;0;4
INGRESOSCAJA;Tda;char;0;7
INGRESOSCAJA;Cajero;char;0;7
INGRESOSCAJA;NoIngreso;int;0;4
INGRESOSCAJA;Correlativo;int;0;4
INGRESOSCAJA;Fecha;datetime;0;8
INGRESOSCAJA;Cobrador;char;0;7
INGRESOSCAJA;Impreso;bit;0;1
INGRESOSCAJA;Usuario;char;0;10
INGRESOSCAJA;Hora;char;0;6
IngresoTienda;CodPais;char;0;3
IngresoTienda;Dealer;int;0;4
IngresoTienda;Tienda;char;0;7
IngresoTienda;IngresoNo;int;0;4
IngresoTienda;TiendaOrigen;char;0;7
IngresoTienda;Serie;char;0;4
IngresoTienda;TrasladoNo;int;0;4
IngresoTienda;Bodega;char;0;7
IngresoTienda;Fecha;datetime;0;8
IngresoTienda;Ultimo;int;0;4
InscripISSS;CodPais;char;0;3
InscripISSS;Dealer;int;0;4
InscripISSS;PatronalNo;char;0;15
InscripISSS;NombrePatrono;char;0;40
InscripISSS;Departamento;char;0;20
InscripISSS;Municipio;char;0;20
InscripISSS;ColoniaCalleNumero;char;0;35
InscripISSS;ApartadoPostal;char;0;8
InscripISSS;Telefono;char;0;8
InscripISSS;ActividadEmpresa;char;0;35
InscripISSS;NombreComercial;char;0;35
InscripISSS;Direccion;char;0;40
IntegracionCapital;Codpais;char;0;3
IntegracionCapital;Dealer;int;0;4
IntegracionCapital;Tda;char;0;7
IntegracionCapital;CuentaContable;char;0;15
IntegracionCapital;Descripcion;varchar;0;100
IntegracionCapital;Aplicacion;char;0;10
INVE;Codigo;char;1;20
Inventario;CodPais;char;0;3
Inventario;Dealer;int;0;4
Inventario;Codigo;char;0;20
Inventario;Descripcion;char;1;100
Inventario;DescripcionLarga;char;0;250
Inventario;Marca;char;0;20
Inventario;Modelo;char;0;20
Inventario;Capacidad;char;0;40
Inventario;Kit;bit;0;1
Inventario;Unidad;char;1;15
Inventario;Tipo;char;0;1
Inventario;Linea;char;0;3
Inventario;SubLinea;char;0;4
Inventario;CostoUnitario;decimal;0;9
Inventario;CostoTotal;decimal;0;9
Inventario;Precio4;decimal;0;9
Inventario;Existencia;decimal;0;9
Inventario;Ingreso;decimal;0;9
Inventario;Egreso;decimal;0;9
Inventario;Ubicacion;char;0;4
Inventario;Clase;char;0;4
Inventario;Proveedor;char;0;10
Inventario;Minimo;decimal;0;9
Inventario;Maximo;decimal;0;9
Inventario;InfAdicional;char;0;300
Inventario;CodBarra;char;1;20
Inventario;Precio1;decimal;0;9
Inventario;Precio2;decimal;0;9
Inventario;Precio3;decimal;0;9
Inventario;ExistenciaInicial;decimal;0;9
Inventario;PromedioDiario;decimal;0;9
Inventario;DiaInventario;decimal;0;9
Inventario;DiaGarantia;smallint;0;2
Inventario;FechaEntrada;datetime;0;8
Inventario;SerieNo;bit;0;1
Inventario;ManejaExistencia;bit;0;1
Inventario;SIM;bit;0;1
Inventario;IMEI;bit;0;1
Inventario;TelNo;bit;0;1
Inventario;MDH;bit;0;1
Inventario;TipoDescto;char;0;5
Inventario;PorcDescto;real;0;4
Inventario;ValorDescto;decimal;0;9
Inventario;PlanDescto;bit;0;1
Inventario;Foto;varchar;1;250
Inventario;Precio5;decimal;0;9
Inventario;Precio6;decimal;0;9
Inventario;Arancel;char;0;15
Inventario;Precio7;decimal;0;9
Inventario;Precio8;decimal;0;9
Inventario;Precio9;decimal;0;9
Inventario;Precio10;decimal;0;9
Inventario;Precio11;decimal;0;9
Inventario;Precio12;decimal;0;9
Inventario;Precio13;decimal;0;9
Inventario;Precio14;decimal;0;9
Inventario;Precio15;decimal;0;9
Inventario;CuentaContable;char;0;15
Inventario;Peso;decimal;0;9
Inventario;CtaVenta;char;0;15
Inventario;CtaCostoVta;char;0;15
Inventario;CtaDevolucion;char;0;15
Inventario;CtaPedidoTransito;char;0;15
Inventario;PesoBruto;decimal;0;9
Inventario;CtaProductoProceso;char;0;15
Inventario;UltimoCosto;decimal;0;9
Inventario;PrecioMod;bit;0;1
Inventario;ImeiVta;bit;0;1
Inventario;Division;char;0;6
Inventario;Depart;char;0;6
Inventario;Sku;varchar;0;20
Inventario;Upc;varchar;0;20
Inventario;UltSalida;datetime;0;8
Inventario;Accesorio;char;0;10
Inventario;Activo;bit;0;1
Inventario;UltCompra;datetime;0;8
Inventario;CodigoPlu;char;0;15
Inventario;UnidadPresentacion;int;0;4
Inventario;Grupo;char;0;7
Inventario;Uxp2;int;0;4
Inventario;MermaMax;decimal;0;9
Inventario;MermaMin;decimal;0;9
Inventario;ControlaMerma;bit;0;1
Inventario;UAct;char;0;14
Inventario;CtaRebaja;char;0;15
Inventario;CtaDescuento;char;0;15
Inventario;Factor;float;0;8
Inventario;PrecioXp;decimal;0;9
Inventario;PrecioRelacionadas;decimal;0;9
Inventario;PMayoreoSM;decimal;0;9
Inventario;PPreventaSM;decimal;0;9
Inventario;ReporteMinimo;bit;0;1
Inventario;Lote;bit;0;1
Inventario;Impuesto;int;0;4
Inventario;UnidadxTarima;float;0;8
Inventario;ActPrecio;bit;0;1
Inventario;TipoComision;smallint;0;2
Inventario;Comision;decimal;0;9
Inventario;Descartable;bit;0;1
Inventario;SubGrupo;char;0;7
InventarioEmpaque;CodPais;char;0;3
InventarioEmpaque;Dealer;int;0;4
InventarioEmpaque;Codigo;char;0;20
InventarioEmpaque;Empaque;char;0;3
InventarioEmpaque;CantxSaco;int;0;4
InventarioFisico;CodPais;char;0;3
InventarioFisico;Dealer;int;0;4
InventarioFisico;Tipo;char;0;2
InventarioFisico;Numero;int;0;4
InventarioFisico;Tda;char;0;7
InventarioFisico;Fecha;datetime;0;8
InventarioFisico;Bodega;char;0;7
InventarioFisico;Encargado;char;0;75
InventarioFisico;UltimaLinea;int;0;4
InventarioFisico;Valor;decimal;0;9
InventarioFisico;Estatus;char;0;2
InventarioFisico;SerReqIng;char;0;6
InventarioFisico;SerReqEgr;char;0;6
InventarioFisico;ReqIng;int;0;4
InventarioFisico;ReqEgr;int;0;4
InventarioMargen;CodPais;char;0;3
InventarioMargen;Dealer;int;0;4
InventarioMargen;Codigo;char;0;20
InventarioMargen;Margen1;decimal;0;5
InventarioMargen;Margen2;decimal;0;5
InventarioMargen;Margen3;decimal;0;5
InventarioMargen;Margen4;decimal;0;5
InventarioMargen;Margen5;decimal;0;5
InventarioMargen;Margen6;decimal;0;5
InventarioMargen;Margen7;decimal;0;5
InventarioMargen;Margen8;decimal;0;5
InventarioMargen;Margen9;decimal;0;5
InventarioMargen;Margen10;decimal;0;5
InventarioMargen;Margen11;decimal;0;5
InventarioMargen;Margen12;decimal;0;5
InventarioMargen;Margen13;decimal;0;5
InventarioMargen;Margen14;decimal;0;5
InventarioMargen;Margen15;decimal;0;5
InventarioTemporal;Correlativo;int;0;4
InventarioTemporal;CodPais;char;0;3
InventarioTemporal;Dealer;int;0;4
InventarioTemporal;Codigo;char;0;100
InventarioTemporal;Unidad_Medida;char;0;100
InventarioTemporal;Descripcion;char;0;100
InventarioTemporal;Cantidad;float;0;8
InventarioTemporal;Costo_Unitario;numeric;0;9
InventarioTemporal;Costo_Total;float;0;8
InventarioTemporal;Precio_Venta;float;0;8
InventarioTemporal;Precio_2;float;0;8
InventarioTemporal;Precio_9;float;0;8
InventarioTemporal;Proveedor;char;0;14
InventarioTemporal;Descripcion_Larga;char;0;250
InventarioTemporal;Modelo;char;0;25
InventarioTemporal;Ubicacion;char;0;10
InventarioTemporal;Exento;char;0;15
InventarioTemporal;CodBarra;char;0;30
InventarioTemporal;CodAnterior;char;0;100
InventarioTemporal;Precio_3;float;0;8
InventarioTemporal;Precio_4;float;0;8
InvFisico;CodPais;char;0;3
InvFisico;Dealer;int;0;4
InvFisico;Codigo;char;0;20
InvFisico;CostoUnitario;float;0;8
InvFisico;Cantidad;int;0;4
InvFisico;Existe;smallint;1;2
InvFisico;Usuario;char;0;20
InvFisicoRutas;CodPais;char;0;3
InvFisicoRutas;Dealer;int;0;4
InvFisicoRutas;Ruta;char;0;7
InvFisicoRutas;Fecha;datetime;0;8
InvFisicoRutas;Codigo;char;0;13
InvFisicoRutas;Libros;decimal;0;9
InvFisicoRutas;Fisico;decimal;0;9
InvFotosLilos;Codigo;char;0;20
InvFotosLilos;Foto;varchar;1;250
ISR;CodPais;char;0;3
ISR;Tipo;char;0;1
ISR;PeriodoPago;smallint;0;2
ISR;Desde;decimal;0;9
ISR;Hasta;decimal;0;9
ISR;Base1;decimal;1;9
ISR;TasaExcedente;int;1;4
ISR;Base2;decimal;1;9
IsssEdicion;CodPais;char;0;3
IsssEdicion;Dealer;int;0;4
IsssEdicion;NumPatronal;char;0;9
IsssEdicion;Periodo;char;0;6
IsssEdicion;CentroTrabajo;char;0;3
IsssEdicion;Empleado;int;0;4
IsssEdicion;NoAfiliacion;char;0;25
IsssEdicion;Nombre;char;0;75
IsssEdicion;Salario;float;0;8
IsssEdicion;PagoAdicional;float;0;8
IsssEdicion;MontoVacacion;float;0;8
IsssEdicion;Dias;smallint;0;2
IsssEdicion;Horas;smallint;0;2
IsssEdicion;DiasVacacion;smallint;0;2
IsssEdicion;Cod;char;0;10
IsssEdicion;CodAfp;char;0;10
IsssEdicion;Pag;int;0;4
IsssEdicion;Identidad;int;0;4
ItemFactura;CodPais;char;0;3
ItemFactura;Dealer;int;0;4
ItemFactura;Tda;char;0;7
ItemFactura;Documento;char;0;2
ItemFactura;Correlativo;smallint;0;2
ItemFactura;Codigo;char;0;12
ItemFactura;Descripcion;bit;0;1
Kit;CodPais;char;0;3
Kit;Dealer;int;0;4
Kit;CodKit;char;0;20
Kit;CodComp;char;0;20
Kit;Factor;int;0;4
Kit;CostoProm;float;0;8
Kit;PrecioVta;float;0;8
KitLCD;CodPais;char;0;3
KitLCD;Dealer;int;0;4
KitLCD;CodKit;char;0;20
KitLCD;CodComp;char;0;20
KitLCD;Factor;int;0;4
KitLCD;CostoProm;float;0;8
KitLCD;PrecioVta;float;0;8
KitPV;CodPais;char;0;3
KitPV;Dealer;int;0;4
KitPV;Tda;char;0;7
KitPV;Bodega;char;0;7
KitPV;CodigoKit;char;0;20
KitPV;Codigo;char;0;20
KitPV;Cantidad;float;0;8
KitPV;Gravado;char;0;1
KitPV;Kit;bit;0;1
KitPV;Ocultar;bit;0;1
KitPV;Linea;int;0;4
KitPV;Corr;int;0;4
KitPV;Usuario;char;0;20
KitPVCola;CodPais;char;0;3
KitPVCola;Dealer;int;0;4
KitPVCola;Tda;char;0;7
KitPVCola;Bodega;char;0;7
KitPVCola;CodigoKit;char;0;20
KitPVCola;Codigo;char;0;20
KitPVCola;Cantidad;float;0;8
KitPVCola;Gravado;char;0;1
KitPVCola;Kit;bit;0;1
KitPVCola;Corr;int;0;4
KitPVCola;Linea;int;0;4
KitPVCola;NoCola;int;0;4
KitPVCola;Terminal;int;0;4
KitPVCola;Usuario;char;0;20
KitPVCola;FechaNatural;datetime;0;8
Linea;CodPais;char;0;3
Linea;Dealer;int;0;4
Linea;Linea;char;0;3
Linea;Descripcion;char;1;100
Linea;CuentaCostos;char;1;15
Linea;CuentaVentas;char;1;15
Linea;CuentaInventario;char;1;15
Linea;CuentaRebajas;char;1;15
Linea;Nivel;smallint;1;2
Linea;NoSerie;bit;1;1
Linea;PorcUtilidad;float;1;8
Linea;CuentaPedTransito;char;1;15
Linea;CuentaProceso;char;1;15
LineaDesc;CodPais;char;0;3
LineaDesc;Dealer;int;0;4
LineaDesc;LineaDesc;char;0;3
LineaDesc;Descripcion;char;1;30
LineaDesc;PorcDesc;float;1;8
LineaDesc;Nivel;char;1;15
LineaProceso;CodPais;char;0;3
LineaProceso;Dealer;int;0;4
LineaProceso;Linea;char;0;3
LineaProceso;Codigo;int;0;4
LineaProceso;Descripcion;varchar;1;50
LineaProceso;Activo;bit;1;1
LineaProceso;Maquina;varchar;0;10
LineaProd;CodPais;char;0;3
LineaProd;Linea;smallint;0;2
LineaProd;Talla1;char;0;4
LineaProd;Talla2;char;0;4
LineaProd;Talla3;char;0;4
LineaProd;Talla4;char;0;4
LineaProd;Talla5;char;0;4
LineaProd;Talla6;char;0;4
LineaProd;Talla7;char;0;4
LineaProd;Talla8;char;0;4
LineaProd;Talla9;char;0;4
LineaProd;Talla10;char;0;4
LineaProd;Inactivo;bit;0;1
LineaProdAv;CodPais;char;0;3
LineaProdAv;Dealer;int;0;4
LineaProdAv;Codigo;int;0;4
LineaProdAv;Descripcion;char;0;75
LineaProdAv;TipoOrden;char;0;2
LINEAS_DE_PRODUCTOS;Linea;char;0;3
LINEAS_DE_PRODUCTOS;Descripcion;char;0;30
LINEAS_DE_PRODUCTOS;spare;char;0;15
LINEAS_DE_PRODUCTOS;Cuenta_Inventario_PT;char;0;15
LINEAS_DE_PRODUCTOS;Cuenta_Inventario_MP;char;0;15
LINEAS_DE_PRODUCTOS;Espacio;char;0;15
LINEAS_DE_PRODUCTOS;Nivel;smallint;0;2
LINEAS_DE_PRODUCTOS;No_Serie;bit;0;1
LINEAS_DE_PRODUCTOS;Costo_MO;float;0;8
LINEAS_NC;CodPais;char;0;3
LINEAS_NC;Dealer;int;0;4
LINEAS_NC;Tda;char;0;7
LINEAS_NC;Serie_NC;char;0;10
LINEAS_NC;No;int;0;4
LINEAS_NC;Linea_No;smallint;0;2
LINEAS_NC;Bodega;char;0;7
LINEAS_NC;Codigo;char;0;20
LINEAS_NC;Cantidad;float;0;8
LINEAS_NC;Precio_Venta;float;0;8
LINEAS_NC;Importe;float;0;8
LINEAS_NC;Costo_Devuelto;float;0;8
LINEAS_NC;Fecha;datetime;0;8
LINEAS_NC;Vendedor;char;0;7
LINEAS_NC;Cliente_No;char;0;12
LINEAS_NC;Desde;char;0;20
LINEAS_NC;Hasta;char;0;20
LINEAS_NC;Caja;char;0;7
LINEAS_NC;Linea;char;0;4
LineasNDevA;CodPais;char;0;3
LineasNDevA;Dealer;int;0;4
LineasNDevA;Devolucion_No;int;0;4
LineasNDevA;Correlativo;smallint;0;2
LineasNDevA;Bodega;char;0;4
LineasNDevA;Codigo_Producto;char;0;17
LineasNDevA;Linea;char;0;4
LineasNDevA;Zona_Geografica;smallint;0;2
LineasNDevA;Cantidad;float;0;8
LineasNDevA;Costo_Unitario;float;0;8
LineasNDevA;Importe;float;0;8
LineasNDevA;Fecha;datetime;0;8
LineasNDevA;Notas;char;0;50
LineasNDevA;Cliente;char;0;10
LineasNDevA;Ultima_Modificacion_Fecha;datetime;0;8
LineasNDevA;Ultima_Modificacion_Hora;char;0;6
LineasNDevA;Recibida;bit;0;1
LineasPV;CodPais;char;0;3
LineasPV;Dealer;int;0;4
LineasPV;Tda;char;0;7
LineasPV;Bodega;char;0;7
LineasPV;Codigo;char;0;20
LineasPV;Cantidad;float;0;8
LineasPV;PrecioUnitario;decimal;0;9
LineasPV;Importe;decimal;0;9
LineasPV;Gravado;char;0;1
LineasPV;Devuelto;float;0;8
LineasPV;SIM;char;0;20
LineasPV;IMEI;char;0;15
LineasPV;TelNo;char;0;11
LineasPV;Serie;char;0;25
LineasPV;Kit;bit;0;1
LineasPV;Corr;int;0;4
LineasPV;Usuario;char;0;20
LineasPV;FechaNatural;datetime;0;8
LineasPV;PorDesc;smallint;0;2
LineasPV_Final;CodPais;char;0;3
LineasPV_Final;Dealer;int;0;4
LineasPV_Final;Tda;char;0;7
LineasPV_Final;Bodega;char;0;7
LineasPV_Final;CodigoKit;char;0;20
LineasPV_Final;Codigo;char;0;20
LineasPV_Final;Cantidad;float;0;8
LineasPV_Final;PrecioUnitario;decimal;0;9
LineasPV_Final;Importe;decimal;0;9
LineasPV_Final;Gravado;char;0;1
LineasPV_Final;Devuelto;float;0;8
LineasPV_Final;Corr;int;0;4
LineasPV_Final;SIM;char;0;20
LineasPV_Final;IMEI;char;0;15
LineasPV_Final;TelNo;char;0;11
LineasPV_Final;Serie;char;0;25
LineasPV_Final;Kit;bit;0;1
LineasPV_Final;Ocultar;bit;0;1
LineasPV_Final;Usuario;char;0;20
LineasPV_Final;FechaNatural;datetime;0;8
LineasPV_Final;PorDesc;smallint;0;2
LineasPVCola;CodPais;char;0;3
LineasPVCola;Dealer;int;0;4
LineasPVCola;Tda;char;0;7
LineasPVCola;Bodega;char;0;7
LineasPVCola;Codigo;char;0;20
LineasPVCola;Cantidad;float;0;8
LineasPVCola;PrecioUnitario;float;0;8
LineasPVCola;Importe;float;0;8
LineasPVCola;Gravado;char;0;1
LineasPVCola;SIM;char;0;20
LineasPVCola;IMEI;char;0;15
LineasPVCola;TelNo;char;0;11
LineasPVCola;Serie;char;0;25
LineasPVCola;Kit;bit;0;1
LineasPVCola;NoCola;int;0;4
LineasPVCola;Corr;int;0;4
LineasPVCola;Terminal;int;0;4
LineasPVCola;Usuario;char;0;20
LineasPVCola;FechaNatural;datetime;0;8
LineasPVCola;PorDesc;decimal;0;5
LinIngBodega;CodPais;char;0;3
LinIngBodega;Dealer;int;0;4
LinIngBodega;Tda;char;0;7
LinIngBodega;IngresoNo;float;0;8
LinIngBodega;ItemNo;smallint;0;2
LinIngBodega;Bodega;char;0;4
LinIngBodega;Codigo;char;0;20
LinIngBodega;Linea;char;0;4
LinIngBodega;Cantidad;decimal;0;9
LinIngBodega;PrecioCompra;decimal;0;9
LinIngBodega;Importe;decimal;0;9
Links;UR_UG_GR;char;0;2
Links;UserID_UserID_GroupID;char;0;30
Links;RightID_GroupID_RightID;char;0;30
Links;DateAdded;datetime;1;8
Links;AddedBy;char;0;30
LiqCajaChica;CodPais;char;0;3
LiqCajaChica;Dealer;int;0;4
LiqCajaChica;Tda;char;0;7
LiqCajaChica;LiqNo;int;0;4
LiqCajaChica;LiquidadorNo;char;0;4
LiqCajaChica;Fecha;datetime;0;8
LiqCajaChica;Usuario;char;0;20
LiqCajaChica;Aplicado;bit;0;1
LiqCajaChica;Cuenta;char;0;15
LiqCajaChica;Serie;char;0;10
LiqCajaChica;ChequeNo;int;0;4
LiqCajaChica;Total;decimal;0;9
LiqCerr;CodPais;char;0;3
LiqCerr;Dealer;int;0;4
LiqCerr;Tda;char;0;7
LiqCerr;Ruta;char;0;7
LiqCerr;Fecha;datetime;0;8
LiqCerr;Cuadrada;bit;0;1
LiqCerr;FechaCuadre;datetime;0;8
LiqCerr;HoraCuadre;char;0;6
LiqCerr;Cerrada;bit;0;1
LiqCerr;UsuarioCierra;char;0;10
LiqCerr;FechaCierre;datetime;0;8
LiqCerr;HoraCierre;char;0;6
LiqCerr;Reabierta;bit;0;1
LiqCerr;UsuarioReabre;char;0;10
LiqCerr;FechaReapertura;datetime;0;8
LiqCerr;HoraReapertura;char;0;6
Liquidacion;CodPais;char;0;3
Liquidacion;Dealer;smallint;0;2
Liquidacion;Tda;char;0;7
Liquidacion;LiquidacionNo;int;0;4
Liquidacion;DespachoEntrega;int;0;4
Liquidacion;Fecha;datetime;0;8
Liquidacion;Hora;char;0;6
Liquidacion;Vendedor;char;0;4
Liquidacion;Transportista;smallint;0;2
Liquidacion;NoFacturas;smallint;0;2
Liquidacion;Total;decimal;0;9
Liquidacion;Liquidado;bit;0;1
Liquidacion;HechoPor;char;0;10
Liquidacion;Saldo;decimal;0;9
Liquidacion;OrigenFacturas;char;0;1
Liquidacion;SerieLiq;char;1;6
Liquidacion;SerieOrigen;char;1;6
LiquidadoresdeCaja;CodPais;char;0;3
LiquidadoresdeCaja;Dealer;int;0;4
LiquidadoresdeCaja;Codigo;char;0;4
LiquidadoresdeCaja;NombredeLiquidador;char;0;50
LiquidadoresdeCaja;Usuario;char;0;20
LiquidadoresdeCaja;CtaContable;char;0;15
ListaCumplimiento;CodPais;char;0;3
ListaCumplimiento;Correlativo;int;0;4
ListaCumplimiento;TipoPersona;char;0;1
ListaCumplimiento;Nombre;char;0;100
ListaCumplimiento;DUI;char;0;10
ListaCumplimiento;NIT;char;0;14
ListaCumplimiento;Ingreso;datetime;0;8
ListaCumplimiento;Pasaporte;char;0;25
ListaCumplimiento;Nacionalidad;char;0;3
ListaCumplimiento;Departamento;smallint;0;2
ListaCumplimiento;Municipio;smallint;0;2
ListaCumplimiento;Informacion;char;0;200
ListaCumplimiento;RazonSocial;char;1;100
ListaCumplimiento;RepresentanteLegal;char;1;50
ListadoPrecio;CodPais;char;0;3
ListadoPrecio;Dealer;int;0;4
ListadoPrecio;Tienda;char;0;7
ListadoPrecio;TipoCliente;smallint;0;2
ListadoPrecio;Codigo;char;0;13
ListadoPrecio;Desde;decimal;0;9
ListadoPrecio;Hasta;decimal;0;9
ListadoPrecio;Precio;decimal;0;9
LlegadaTarde;CodPais;char;0;3
LlegadaTarde;Dealer;int;0;4
LlegadaTarde;Empleado;char;0;7
LlegadaTarde;CodigoVariable;char;0;4
LlegadaTarde;FechaGrabacion;char;0;8
LlegadaTarde;CorrelativoVariables;smallint;0;2
LlegadaTarde;Plaza;char;0;14
LlegadaTarde;FechaAplicacion;char;0;6
LlegadaTarde;Horas;smallint;0;2
LlegadaTarde;Minutos;smallint;0;2
LlegadaTarde;FechaDesde;char;0;8
LlegadaTarde;FechaHasta;char;0;8
LlegadaTarde;CodigoPatrimonial;char;0;13
LlegadaTarde;DiasAplicados;char;0;3
LlegadaTarde;MontoDescuento;float;0;8
LlegadaTarde;Tipo;bit;0;1
LlegadaTarde;Estatus;bit;0;1
LogCodificacionCompra;CodPais;char;0;3
LogCodificacionCompra;Dealer;int;0;4
LogCodificacionCompra;Tda;char;0;7
LogCodificacionCompra;CompraNo;int;0;4
LogCodificacionCompra;Correlativo;int;0;4
LogCodificacionCompra;Codigo;char;0;15
LogCodificacionCompra;Valor;decimal;0;9
LogCodificacionCompra;Concepto;char;0;60
LogCodificacionCompra;Exento;bit;0;1
LogCodificacionCompra;Retaceo;int;0;4
LogCodificacionCompra;CdCosto;int;0;4
LogCodificacionCompra;Placa;char;0;15
LogCodificacionCompra;Sucursal;char;1;7
LogCodificacionCompra;IdPresuProy;char;1;10
LogCodificacionCompra;Proyecto;char;1;3
LogCodificacionCompra;Contenedor;char;0;25
LogCodificacionCompra;TipoGasto;int;0;4
LogCodificacionCompra;UsuarioLog;char;0;20
LogCodificacionCompra;FechaLog;datetime;0;8
LogCodificacionCompra;Accion;char;0;20
LogCompra;CodPais;char;0;3
LogCompra;Dealer;int;0;4
LogCompra;Tda;char;0;7
LogCompra;CompraNo;int;0;4
LogCompra;TipoDoc;char;0;1
LogCompra;SerieDoc;varchar;0;50
LogCompra;FacturaNo;varchar;0;50
LogCompra;Proveedor;char;0;14
LogCompra;Fecha;datetime;0;8
LogCompra;IVA;decimal;0;9
LogCompra;Gravadas;decimal;0;9
LogCompra;Exentas;decimal;0;9
LogCompra;Retencion;decimal;0;9
LogCompra;Total;decimal;0;9
LogCompra;Saldo;decimal;0;9
LogCompra;Condicion;char;0;15
LogCompra;Dias;smallint;0;2
LogCompra;Vencimiento;datetime;0;8
LogCompra;Estatus;char;0;1
LogCompra;Estatus2;char;1;9
LogCompra;UltimaLinea;smallint;1;2
LogCompra;Cuentabanco;char;1;15
LogCompra;CuentaCargar;char;1;15
LogCompra;ChequeNo;char;1;8
LogCompra;ValorPagado;decimal;1;9
LogCompra;FechaPagado;datetime;1;8
LogCompra;FechaQuedan;datetime;1;8
LogCompra;IngresoBodega;int;1;4
LogCompra;NRC;char;0;14
LogCompra;FechaReclamo;datetime;0;8
LogCompra;Nombre;char;0;100
LogCompra;Razon;char;1;15
LogCompra;TipoCompra;char;0;1
LogCompra;CargoGravado;decimal;0;9
LogCompra;QuedanNo;int;1;4
LogCompra;Bonificacion;decimal;1;9
LogCompra;Declarada;bit;1;1
LogCompra;RecibidaBodega;bit;1;1
LogCompra;RecibidoX;char;1;10
LogCompra;FechaRecibido;datetime;1;8
LogCompra;HoraRecibido;char;1;6
LogCompra;CargoExento;decimal;1;9
LogCompra;RetencionIVA;decimal;1;9
LogCompra;RetencionNo;decimal;1;9
LogCompra;UserCreador;char;1;10
LogCompra;UserModify;char;1;10
LogCompra;FechaNatural;datetime;1;8
LogCompra;HoraNatural;char;1;6
LogCompra;OrdenCompra;int;1;4
LogCompra;UItLinCod;smallint;1;2
LogCompra;NoLinAf;smallint;1;2
LogCompra;Percepcion;decimal;1;9
LogCompra;RetencionRenta;decimal;1;9
LogCompra;Fovial;decimal;1;9
LogCompra;ClienteNo;char;1;10
LogCompra;Averia;bit;1;1
LogCompra;NIT;char;1;14
LogCompra;Interna;char;1;2
LogCompra;ERPKey;nvarchar;1;100
LogCompra;Retencion_5pc;decimal;1;9
LogCompra;PlanillaInf;bit;1;1
LogCompra;Token;nvarchar;1;60
LogCompra;Partida;char;1;10
LogCompra;TasaIVA;float;0;8
LogCompra;ResolucionNo;char;1;50
LogCompra;Tiraje;char;1;30
LogCompra;Bodega;char;0;7
LogCompra;UsuarioLog;char;0;20
LogCompra;FechaLog;datetime;0;8
LogCompra;Accion;char;0;20
LogCompra;ID;int;0;4
LogDetAnulacion;CodPais;char;0;3
LogDetAnulacion;Dealer;int;0;4
LogDetAnulacion;Tda;char;0;7
LogDetAnulacion;Serie;char;0;10
LogDetAnulacion;TipoDoc;char;0;2
LogDetAnulacion;DocNo;int;0;4
LogDetAnulacion;LineaNo;int;0;4
LogDetAnulacion;Bodega;char;1;7
LogDetAnulacion;Codigo;char;1;20
LogDetAnulacion;Tipo;char;1;1
LogDetAnulacion;Cantidad;decimal;1;9
LogDetAnulacion;PrecioUnitario;decimal;1;9
LogDetAnulacion;PrecioDescto;decimal;1;9
LogDetAnulacion;Importe;decimal;1;9
LogDetAnulacion;Fecha;datetime;1;8
LogDetAnulacion;CostoVendido;decimal;1;9
LogDetAnulacion;Desde;char;1;20
LogDetAnulacion;Hasta;char;1;20
LogDetAnulacion;Nota;char;1;150
LogDetAnulacion;Percepcion;decimal;1;9
LogDetAnulacion;PendAplicRemision;decimal;1;9
LogDetAnulacion;LineaPedido;int;1;4
LogDetAnulacion;CodBarra;char;1;20
LogDetAnulacion;Especifico;decimal;1;9
LogDetAnulacion;AdValoren;decimal;1;9
LogDetAnulacion;Kit;bit;1;1
LogDetAnulacion;TipoUnidad;char;1;2
LogDetAnulacion;CantidadVendida;decimal;1;9
LogDetAnulacion;UsuarioLog;char;0;20
LogDetAnulacion;FechaLog;datetime;0;8
LogDetAnulacion;Accion;char;0;20
LogDetAnulacion;ID;int;0;4
LogDetCompra;CodPais;char;0;3
LogDetCompra;Dealer;int;0;4
LogDetCompra;Tda;char;0;7
LogDetCompra;CompraNo;int;0;4
LogDetCompra;LineaNo;int;0;4
LogDetCompra;Bodega;char;0;7
LogDetCompra;Codigo;char;0;20
LogDetCompra;Cantidad;decimal;0;9
LogDetCompra;PrecioCompra;decimal;0;9
LogDetCompra;Importe;decimal;0;9
LogDetCompra;Fecha;datetime;0;8
LogDetCompra;Desde;char;1;20
LogDetCompra;Hasta;char;1;20
LogDetCompra;PesoAjustado;decimal;1;9
LogDetCompra;CantidadConfirmada;decimal;1;9
LogDetCompra;Lote;char;1;15
LogDetCompra;Vapor;smallint;1;2
LogDetCompra;TipoUnidad;char;0;2
LogDetCompra;CantidadComprada;decimal;0;9
LogDetCompra;PrecioUnidad;decimal;0;9
LogDetCompra;UsuarioLog;char;0;20
LogDetCompra;FechaLog;datetime;0;8
LogDetCompra;Accion;char;0;20
LogDetCompra;ID;int;0;4
LogDetFactura;CodPais;char;0;3
LogDetFactura;Dealer;int;0;4
LogDetFactura;Tda;char;0;7
LogDetFactura;Serie;char;0;10
LogDetFactura;Tipodoc;char;0;2
LogDetFactura;DocNo;int;0;4
LogDetFactura;LineaNo;int;0;4
LogDetFactura;Bodega;char;0;7
LogDetFactura;Codigo;char;0;20
LogDetFactura;Tipo;char;0;1
LogDetFactura;Cantidad;decimal;0;9
LogDetFactura;PrecioUnitario;decimal;0;9
LogDetFactura;PrecioDescto;decimal;1;9
LogDetFactura;Importe;decimal;0;9
LogDetFactura;Fecha;datetime;0;8
LogDetFactura;CostoVendido;decimal;1;9
LogDetFactura;Desde;char;1;20
LogDetFactura;Hasta;char;1;20
LogDetFactura;Nota;char;1;150
LogDetFactura;Percepcion;decimal;1;9
LogDetFactura;PendAplicRemision;decimal;1;9
LogDetFactura;LineaPedido;int;1;4
LogDetFactura;CodBarra;char;1;20
LogDetFactura;Especifico;decimal;1;9
LogDetFactura;AdValoren;decimal;1;9
LogDetFactura;CdCosto;int;1;4
LogDetFactura;Descripción;varchar;1;150
LogDetFactura;EsBonificado;char;1;1
LogDetFactura;ConDescuento;char;1;1
LogDetFactura;Descuento;decimal;1;9
LogDetFactura;Lote;char;1;15
LogDetFactura;Vapor;smallint;1;2
LogDetFactura;Kit;bit;1;1
LogDetFactura;TipoUnidad;char;1;2
LogDetFactura;CantidadVendida;decimal;0;9
LogDetFactura;ItemNo;int;0;4
LogDetFactura;PrecioAut;decimal;0;9
LogDetFactura;Ocultar;bit;0;1
LogDetFactura;TipoDocRef;varchar;0;2
LogDetFactura;SerieRef;varchar;0;20
LogDetFactura;DocNoRef;int;0;4
LogDetFactura;UsuarioLog;char;0;20
LogDetFactura;FechaLog;datetime;0;8
LogDetFactura;Accion;char;0;20
LogDetFactura;ID;int;0;4
LogDetNCProveedor;CodPais;char;0;3
LogDetNCProveedor;Dealer;int;0;4
LogDetNCProveedor;Tienda;char;0;7
LogDetNCProveedor;NoNotaAbono;int;0;4
LogDetNCProveedor;Proveedor;char;0;14
LogDetNCProveedor;Serie;char;0;20
LogDetNCProveedor;Bodega;char;0;7
LogDetNCProveedor;Codigo;char;0;20
LogDetNCProveedor;Cantidad;decimal;0;9
LogDetNCProveedor;PrecioCompra;decimal;0;9
LogDetNCProveedor;Importe;decimal;0;9
LogDetNCProveedor;CostoUnitario;decimal;0;9
LogDetNCProveedor;Fecha;datetime;0;8
LogDetNCProveedor;TipoUnidad;char;0;3
LogDetNCProveedor;CantidadDevuelta;decimal;0;9
LogDetNCProveedor;UsuarioLog;char;0;20
LogDetNCProveedor;FechaLog;datetime;0;8
LogDetNCProveedor;Accion;char;0;20
LogDetNCProveedor;LinNo;int;0;4
LogDetNCProveedor;ID;int;0;4
LogDetNotaCredito;CodPais;char;0;3
LogDetNotaCredito;Dealer;int;0;4
LogDetNotaCredito;Tda;char;0;7
LogDetNotaCredito;Serie;char;0;10
LogDetNotaCredito;No;int;0;4
LogDetNotaCredito;NotaAbono;bit;0;1
LogDetNotaCredito;Bodega;char;0;7
LogDetNotaCredito;Codigo;char;0;20
LogDetNotaCredito;Cantidad;decimal;0;9
LogDetNotaCredito;PrecioVenta;decimal;0;9
LogDetNotaCredito;Importe;decimal;0;9
LogDetNotaCredito;CostoDevuelto;decimal;0;9
LogDetNotaCredito;Fecha;datetime;0;8
LogDetNotaCredito;MotivoDevolucion;smallint;0;2
LogDetNotaCredito;Nota;char;0;80
LogDetNotaCredito;CdCosto;int;0;4
LogDetNotaCredito;EsBonificado;char;1;1
LogDetNotaCredito;ConDescuento;char;1;1
LogDetNotaCredito;Descuento;decimal;1;9
LogDetNotaCredito;Descripcion;varchar;0;150
LogDetNotaCredito;TipoUnidad;char;0;2
LogDetNotaCredito;CantidadDevuelta;decimal;0;9
LogDetNotaCredito;ItemNo;int;0;4
LogDetNotaCredito;UsuarioLog;char;0;20
LogDetNotaCredito;FechaLog;datetime;0;8
LogDetNotaCredito;Accion;char;0;20
LogDetNotaCredito;LineaNo;int;0;4
LogDetNotaCredito;ID;int;0;4
LogExistenciasMov;id;bigint;0;8
LogExistenciasMov;documento;char;0;50
LogExistenciasMov;codigo;char;0;20
LogExistenciasMov;cantidad;numeric;0;9
LogExistenciasMov;existencia;numeric;0;9
LogExistenciasMov;tipomoviento;char;0;10
LogNCProveedor;CodPais;char;0;3
LogNCProveedor;Dealer;int;0;4
LogNCProveedor;Tda;char;0;7
LogNCProveedor;NoNotaAbono;int;0;4
LogNCProveedor;NoCompra;int;0;4
LogNCProveedor;TipoDoc;char;0;1
LogNCProveedor;DocNo;char;0;20
LogNCProveedor;Proveedor;char;0;14
LogNCProveedor;Fecha;datetime;0;8
LogNCProveedor;IVA;decimal;0;9
LogNCProveedor;Gravadas;decimal;0;9
LogNCProveedor;Exentas;decimal;0;9
LogNCProveedor;Retencion;decimal;0;9
LogNCProveedor;Total;decimal;0;9
LogNCProveedor;Estatus;char;0;1
LogNCProveedor;UltimaLinea;smallint;0;2
LogNCProveedor;CuentaCargar;char;0;15
LogNCProveedor;CuentaAbonar;char;0;15
LogNCProveedor;Documento2;char;0;8
LogNCProveedor;FechaReclamo;datetime;0;8
LogNCProveedor;Declarada;bit;0;1
LogNCProveedor;Despachado;bit;0;1
LogNCProveedor;DespachadoPor;char;0;10
LogNCProveedor;FechaDespacho;datetime;0;8
LogNCProveedor;HoraDespacho;char;0;6
LogNCProveedor;Concepto;char;0;100
LogNCProveedor;Serie;char;0;20
LogNCProveedor;Percepcion;decimal;1;9
LogNCProveedor;UserCreador;char;1;10
LogNCProveedor;UserModify;char;1;10
LogNCProveedor;SerieDoc;char;0;20
LogNCProveedor;FacturaNo;char;0;20
LogNCProveedor;NoAutorizacion;char;0;50
LogNCProveedor;NotaAbono;bit;0;1
LogNCProveedor;UsuarioLog;char;0;20
LogNCProveedor;FechaLog;datetime;0;8
LogNCProveedor;Accion;char;0;20
LogNCProveedor;ID;int;0;4
LogNotaCredito;CodPais;char;0;3
LogNotaCredito;Dealer;int;0;4
LogNotaCredito;Tda;char;0;7
LogNotaCredito;SerieNC;char;0;10
LogNotaCredito;No;int;0;4
LogNotaCredito;SerieDoc;char;0;10
LogNotaCredito;TipoDoc;char;0;2
LogNotaCredito;DocNo;int;0;4
LogNotaCredito;ClienteNo;char;0;10
LogNotaCredito;Fecha;datetime;0;8
LogNotaCredito;Descuento;decimal;0;9
LogNotaCredito;Gravadas;decimal;0;9
LogNotaCredito;IVA;decimal;0;9
LogNotaCredito;Retencion;decimal;0;9
LogNotaCredito;Exentas;decimal;0;9
LogNotaCredito;Total;decimal;0;9
LogNotaCredito;UltimaLinea;smallint;0;2
LogNotaCredito;Devolucion;int;0;4
LogNotaCredito;Impresa;bit;0;1
LogNotaCredito;ConceptoRebaja;char;0;200
LogNotaCredito;NotaAbono;bit;0;1
LogNotaCredito;Declarada;bit;0;1
LogNotaCredito;Aplicada;bit;0;1
LogNotaCredito;UserCreador;char;0;20
LogNotaCredito;UserModify;char;0;20
LogNotaCredito;FechaNatural;datetime;0;8
LogNotaCredito;Vendedor;char;0;7
LogNotaCredito;Percepcion;decimal;0;9
LogNotaCredito;TipoNC;char;0;4
LogNotaCredito;MotivoDevolucion;smallint;0;2
LogNotaCredito;TdaDoc;char;0;7
LogNotaCredito;IdTrans;char;1;50
LogNotaCredito;ClasePedido;char;1;2
LogNotaCredito;Refactura;bit;1;1
LogNotaCredito;Caja;char;1;4
LogNotaCredito;USerie;char;0;20
LogNotaCredito;UDocNo;char;0;20
LogNotaCredito;Contingencia;int;0;4
LogNotaCredito;UsuarioLog;char;0;20
LogNotaCredito;FechaLog;datetime;0;8
LogNotaCredito;Accion;char;0;20
LogNotaCredito;ID;int;0;4
LogOrdenComprasCallejas;id;int;0;4
LogOrdenComprasCallejas;fecha;datetime;0;8
LogOrdenComprasCallejas;hora;time;0;5
LogOrdenComprasCallejas;descripcion;varchar;0;1000
LogOrdenComprasCallejas;archivo;nvarchar;0;400
LogRecepcionCompra;CodPais;char;0;3
LogRecepcionCompra;Dealer;int;0;4
LogRecepcionCompra;Tda;char;0;7
LogRecepcionCompra;CompraNo;int;0;4
LogRecepcionCompra;LineaNo;int;0;4
LogRecepcionCompra;TdaIngreso;char;1;7
LogRecepcionCompra;Codigo;char;1;20
LogRecepcionCompra;TipoUnidad;char;1;2
LogRecepcionCompra;Cantidad;decimal;1;5
LogRecepcionCompra;DeBodega;char;1;7
LogRecepcionCompra;ParaBodega;char;1;7
LogRecepcionCompra;Fecha;date;0;3
LogRecepcionCompra;Hora;time;0;5
LogRecepcionCompra;RecibidoPor;char;1;50
LogRecepcionCompra;Serie;char;1;6
LogRecepcionCompra;TrasladoNo;int;1;4
LogsAdminTool;Id;int;0;4
LogsAdminTool;Fecha;datetime;0;8
LogsAdminTool;Hora;time;0;5
LogsAdminTool;Usuario;char;0;20
LogsAdminTool;Accion;char;0;50
LogsAdminTool;Detalle;varchar;0;1000
LogsAdminTool;Dealer;int;0;4
LogsAdminTool;CodPais;char;0;3
LoteManada;CodPais;char;0;3
LoteManada;Dealer;smallint;0;2
LoteManada;TipoOrden;char;0;2
LoteManada;Linea;int;0;4
LoteManada;Codigo;int;0;4
LoteManada;Granja;int;0;4
LoteManada;Manada;char;0;20
LoteManada;Lote;char;0;20
LoteManada;Descripcion;char;0;75
LoteManada;Fecha;date;0;3
LoteManada;Liquidado;bit;0;1
LoteSerie;CodPais;char;0;3
LoteSerie;Dealer;int;0;4
LoteSerie;Codigo;char;0;20
LoteSerie;Bodega;char;0;7
LoteSerie;SIM;char;0;20
LoteSerie;IMEI;char;0;15
LoteSerie;SerieNo;char;0;20
LoteSerie;TelNo;char;0;11
LoteSerie;FechaCompra;datetime;0;8
LoteSerie;FechaVence;datetime;0;8
LoteSerie;Inicial;float;0;8
LoteSerie;Ingreso;float;0;8
LoteSerie;Egreso;float;0;8
LoteSerie;Actual;float;0;8
MacAddress;CodPais;char;0;3
MacAddress;Dealer;int;0;4
MacAddress;MacAddress;varchar;0;20
MacAddress;Sucursal;char;0;7
MacAddress;Usuario;char;0;20
MacAddress;Creado;datetime;0;8
MacAddress;CreadoPor;char;0;20
MacAddress;Modificado;datetime;0;8
MacAddress;ModPor;char;0;20
MacAddress;IP;char;0;20
MacAddress;Ventas;bit;0;1
MagicGroup;Grupo;int;0;4
MagicGroup;Descripcion;char;0;60
MagicINI;Grupo;int;0;4
MagicINI;Atributo;char;0;50
MagicINI;Valor;char;0;150
MagicPrinter;CodPais;char;0;3
MagicPrinter;Dealer;int;0;4
MagicPrinter;Nombre;char;0;100
MagicPrinter;Ubicacion;char;0;150
MagicPrinter;ArchivoComando;char;0;60
MagicPrinter;ArchivoTraduccion;char;0;60
MagicPrinter;Linea;int;0;4
MagicPrinter;Cajero;char;0;7
MagicPrinter;PorDefecto;bit;0;1
MagicPrinter;Activo;bit;0;1
MailTemplate;CodPais;char;0;3
MailTemplate;Dealer;int;0;4
MailTemplate;Codigo;int;0;4
MailTemplate;Tipo;char;1;2
MailTemplate;Titulo;char;1;50
MailTemplate;Descripcion;char;1;75
MailTemplate;Asunto;char;1;75
MailTemplate;CuerpoCorreo;varchar;1;-1
MailTemplate;Activo;bit;0;1
MailVariable;CodPais;char;0;3
MailVariable;Dealer;int;0;4
MailVariable;ID;int;0;4
MailVariable;Codigo;int;0;4
MailVariable;Variable;char;1;50
MailVariable;Valor;char;1;500
MailVariable;ValorD;char;1;500
MailVariable;Descripcion;char;1;100
MailVariable;Activo;bit;0;1
Manada;CodPais;char;0;3
Manada;Dealer;smallint;0;2
Manada;Codigo;int;0;4
Manada;Granja;int;0;4
Manada;Manada;char;0;20
Manada;Descripcion;char;0;75
Manada;Fecha;date;0;3
Manada;Activo;bit;0;1
ManoObraOT;CodPais;char;0;3
ManoObraOT;Dealer;smallint;0;2
ManoObraOT;Tda;char;0;7
ManoObraOT;OT;float;0;8
ManoObraOT;Tecnico;smallint;0;2
ManoObraOT;FechaContable;datetime;0;8
ManoObraOT;FechaTrabajo;datetime;0;8
ManoObraOT;Tiempo;char;0;6
ManoObraOT;CostoUnitario;float;0;8
ManoObraOT;CostoTotal;float;0;8
ManoObraOT;PrecioVta;float;0;8
ManoObraOT;MananaSDE;char;0;6
ManoObraOT;MananaLAO;char;0;6
ManoObraOT;MananaSDO;char;0;6
ManoObraOT;TardeSDE;char;0;6
ManoObraOT;TardeLAO;char;0;6
ManoObraOT;TardeSDO;char;0;6
ManoObraOT;NocheSDE;char;0;6
ManoObraOT;NocheLAO;char;0;6
ManoObraOT;NocheSDO;char;0;6
ManoObraProd;CodPais;char;0;3
ManoObraProd;Dealer;int;0;4
ManoObraProd;Serie;char;0;10
ManoObraProd;Orden;int;0;4
ManoObraProd;Correlativo;int;0;4
ManoObraProd;Fecha;datetime;0;8
ManoObraProd;Actividad;char;1;4
ManoObraProd;Desde;char;1;6
ManoObraProd;Hasta;char;1;6
ManoObraProd;Importe;float;1;8
ManoObraProd;Realizador;int;0;4
Maquinaria;CodPais;char;0;3
Maquinaria;Dealer;int;0;4
Maquinaria;Codigo;varchar;0;10
Maquinaria;Descripcion;varchar;1;75
Maquinaria;Valor;decimal;1;9
Maquinaria;FechaCompra;date;1;3
Maquinaria;Costo;decimal;1;9
Maquinaria;CostoComercial;decimal;1;9
Maquinaria;KwHora;decimal;1;5
Maquinaria;ValorKw;decimal;1;9
Maquinaria;ValorUsohora;decimal;1;9
Maquinaria;HoraDepreciacion;decimal;1;9
Maquinaria;AnoDepreciacion;decimal;1;9
Maquinaria;VidaProbable;int;0;4
Maquinaria;Cantidad;int;0;4
Maquinaria;HoraUsoTrabajo;int;0;4
MaquinariaMolina;CodPais;nvarchar;1;510
MaquinariaMolina;Dealer;float;1;8
MaquinariaMolina;maq_codigo;nvarchar;1;510
MaquinariaMolina;maq_descripcion;nvarchar;1;510
MaquinariaMolina;maq_valor_maquina;float;1;8
MaquinariaMolina;maq_horas_deprecia;float;1;8
MaquinariaMolina;maq_años_deprecia;float;1;8
MaquinariaMolina;maq_fecha_adquisicion;datetime;1;8
MaquinariaMolina;maq_kw_hora;float;1;8
MaquinariaMolina;maq_valor_kw;float;1;8
MaquinariaMolina;maq_costo;float;1;8
MaquinariaMolina;maq_costo_comercial;float;1;8
MaquinariaMolina;maq_valor_uso_hora;float;1;8
Marca;MARCA;char;0;25
Marca;PORCENTAJE;real;0;4
Marca;TOTAL;float;0;8
Marca;META;float;0;8
Marcacion;CodPais;char;0;3
Marcacion;Dealer;int;0;4
Marcacion;Codigo;int;0;4
Marcacion;Flag;char;0;10
Marcacion;Fecha;datetime;0;8
Marcacion;Hora;char;0;6
Marcacion;CentroCosto;char;0;6
Marcacion;Empresa;smallint;0;2
Marcacion;Estatus;char;0;2
Marcacion;MinutosTarde;smallint;0;2
Marcacion;PenalizacionDirecta;float;0;8
Marcacion;Autorizada;bit;0;1
Marcacion;Autorizador;int;0;4
Marcacion;Rubro;char;0;20
Marcacion;Tipo;char;0;2
Marcacion;Plaza;char;0;14
Marcacion;RelojNo;smallint;0;2
Marcacion;MesAño;char;0;6
Marcacion;SDA;smallint;0;2
MarcaProducto;Marca;char;0;25
MarcaProducto;Porcentaje;real;0;4
MarcaProducto;Total;decimal;0;9
MarcaProducto;Meta;decimal;0;9
Marcas;MARCA;char;0;25
Marcas;PORCENTAJE;real;0;4
Marcas;TOTAL;float;0;8
Marcas;META;float;0;8
MaterialesGasto;CodPais;char;0;3
MaterialesGasto;Dealer;int;0;4
MaterialesGasto;Tda;char;0;7
MaterialesGasto;OT;int;0;4
MaterialesGasto;ReqNo;int;0;4
MaterialesGasto;TipoReq;smallint;0;2
MaterialesGasto;Codigo;char;0;20
MaterialesGasto;Concepto;char;0;1
MaterialesProduccion;CodPais;char;0;3
MaterialesProduccion;Dealer;int;0;4
MaterialesProduccion;TipoRequisicion;smallint;0;2
MaterialesProduccion;Req_No;int;0;4
MaterialesProduccion;SerieReq;char;0;3
MaterialesProduccion;Fecha;datetime;0;8
MaterialesProduccion;DeBodega;char;0;7
MaterialesProduccion;Empleado;char;0;50
MaterialesProduccion;ParaBodega;char;0;7
MaterialesProduccion;Transporta;int;0;4
MaterialesProduccion;Recibe;int;0;4
MaterialesProduccion;Total;float;0;8
MaterialesProduccion;UltimaLinea;int;0;4
MaterialesProduccion;Justificacion;char;0;50
MaterialesProduccion;Estatus;char;0;1
MaterialesProduccion;SerieOden;char;0;3
MaterialesProduccion;OrdenProduccion;int;0;4
MaterialesProduccion;Motivo;char;0;2
MaterialesProduccion;CodVapor;smallint;0;2
MaterialesProduccion;Lote;char;0;18
MaterialOT;CodPais;char;0;3
MaterialOT;Dealer;smallint;0;2
MaterialOT;Tda;char;0;7
MaterialOT;OT;int;0;4
MaterialOT;Serie;char;0;6
MaterialOT;TipoReq;smallint;0;2
MaterialOT;ReqNo;int;0;4
MaterialOT;Fecha;datetime;0;8
MaterialOT;Empleado;int;0;4
MaterialOT;Justificacion;char;0;150
MaterialOT;Total;float;0;8
MaterialOT;UltimaLinea;int;0;4
MaterialOT;Estatus;char;0;2
MaterialOT;TipoMov;char;1;2
MaterialProduccion;CodPais;char;0;3
MaterialProduccion;Dealer;int;0;4
MaterialProduccion;TipoRequisicion;smallint;0;2
MaterialProduccion;SerieOrden;char;0;10
MaterialProduccion;OrdenNo;int;0;4
MaterialProduccion;Fecha;datetime;1;8
MaterialProduccion;Bodega;char;1;7
MaterialProduccion;Empleado;char;1;50
MaterialProduccion;Tipo;char;1;4
MaterialProduccion;Transporta;smallint;1;2
MaterialProduccion;Recibe;smallint;1;2
MaterialProduccion;Total;decimal;1;9
MaterialProduccion;UltimaLinea;smallint;1;2
MaterialProduccion;Justificacion;char;1;50
MaterialProduccion;Estatus;char;1;1
MaterialProduccion;Motivo;char;1;2
MaterialProduccion;CodVapor;smallint;1;2
MaterialProduccion;Lote;char;1;18
MATERIAS;CodPais;char;0;3
MATERIAS;Dealer;int;0;4
MATERIAS;Codigo;smallint;0;2
MATERIAS;Descripcion;char;0;100
MATRICULA;CodPais;char;0;3
MATRICULA;Dealer;int;0;4
MATRICULA;CodAlumno;char;0;13
MATRICULA;CodAnio;smallint;0;2
MATRICULA;CodNivel;smallint;0;2
MATRICULA;CodGrado;smallint;0;2
MATRICULA;CodSeccion;smallint;0;2
MATRICULA;RegimenPago;smallint;0;2
MATRICULA;Fecha;datetime;0;8
MATRICULA;Hora;char;0;6
MatrizProductoEmpresa;Canal;smallint;0;2
MatrizProductoEmpresa;Codigo;char;0;8
MatrizProductoEmpresa;Dealer;smallint;0;2
MatrizProductoEmpresa;Activa;bit;0;1
MatrizProductoEmpresa;Zona;char;0;2
MDOCodigo;CodPais;char;0;3
MDOCodigo;Dealer;int;0;4
MDOCodigo;Codigo_Producto;char;0;10
MDOCodigo;Cantidad;decimal;0;5
MedicinaAv;CodPais;char;0;3
MedicinaAv;Dealer;int;0;4
MedicinaAv;Serie;char;0;20
MedicinaAv;OrdenNo;int;0;4
MedicinaAv;Fecha;date;0;3
MedicinaAv;Medicina;char;0;20
MedicinaAv;Cantidad;float;1;8
MedicinaAv;Galera;int;1;4
Medico;CodPais;char;0;3
Medico;Dealer;int;0;4
Medico;Codigo;smallint;0;2
Medico;Nombre;char;0;35
Medico;Direccion;char;0;60
Medico;Telefono;char;0;8
Medico;Celular;char;0;8
Medico;NRJVPM;char;0;15
Medico;Especialidad;char;0;50
MedicoLCD;CodPais;char;0;3
MedicoLCD;Dealer;int;0;4
MedicoLCD;Codigo;char;0;10
MedicoLCD;Nombre;varchar;0;100
MedicoLCD;Celular;varchar;0;50
MedicoLCD;Urgencias;varchar;0;50
MedicoLCD;Clinica;varchar;0;50
MedicoLCD;DireccionClinica;varchar;0;250
MedicoLCD;Casa;varchar;0;50
MedicoLCD;DireccionCasa;varchar;0;250
MedicoLCD;LocalizarEn;varchar;0;250
MedicoLCD;FechaVisita;datetime;0;8
MedicoLCD;FechaNacimiento;datetime;0;8
MedicoLCD;Observaciones;varchar;0;250
MedicoLCD;Genero;char;0;1
MedicoLCD;Especialidad;char;0;75
MedicoLCD;eMail;varchar;0;250
MedicoLCD;Municipio;smallint;0;2
MedicoLCD;Horario;varchar;0;250
MedicoLCD;OtrosDatos;varchar;0;250
MedicoLCD;Comision;smallint;0;2
MedicoLCD;Descuento;smallint;0;2
MedicoLCD;Tarjeta;bit;0;1
MedicoLCD;ComisionTarjeta;smallint;0;2
MedicoLCD;ComisionVista;smallint;0;2
MedicoLCD;ComisionVisita;smallint;0;2
MedicoTemporal;CodPais;char;0;3
MedicoTemporal;Dealer;int;0;4
MedicoTemporal;Codigo;char;0;10
MedicoTemporal;Nombre;varchar;1;150
MedicoTranslate;Codigo;char;0;10
MedicoTranslate;Apellidos;varchar;1;75
MedicoTranslate;Nombre;varchar;1;75
MedicoTranslate;NombreCompleto;varchar;1;150
MedicoTranslate;Prefijo;varchar;1;10
MedicoTranslate;Modificado;varchar;1;50
MedicoTranslate;Empresa;varchar;1;10
MedicoTranslate;Codes;char;1;3
MedicoTranslate;Comision;int;1;4
MedicoTranslate;Descuento;int;1;4
MedicoTranslate;Tarjeta;char;1;1
MedicoTranslate;PorTarjeta;smallint;1;2
MedicoTranslate;PorVisita;smallint;1;2
Menu;CodPais;char;0;3
Menu;Dealer;int;0;4
Menu;Tda;char;0;7
Menu;Fecha;datetime;0;8
Menu;Tiempo;char;0;15
Menu;No;smallint;0;2
Menu;Boton;smallint;0;2
Menu;UAct;char;0;14
MenuOptDerechos;Orden_Nodo;char;0;6
MenuOptDerechos;Orden;char;0;6
MenuOptDerechos;Nombre;char;0;40
MenuOptDerechos;Nivel;int;0;4
MenuOptDerechos;Derecho;char;0;20
MenuOptDerechosFull;Orden_Nodo;char;0;6
MenuOptDerechosFull;Orden;char;0;6
MenuOptDerechosFull;Nombre;char;0;40
MenuOptDerechosFull;Nivel;int;0;4
MenuOptDerechosFull;Derecho;char;0;20
MenuPersonal;Orden_Nodo;char;0;10
MenuPersonal;Orden;char;0;10
MenuPersonal;Nombre;char;0;50
MenuPersonal;Nivel;int;0;4
MenuPersonal;Derecho;varchar;0;20
MenuPersonal;Usuario;char;0;10
Mesas;CodPais;char;0;3
Mesas;Dealer;int;0;4
Mesas;Tda;char;0;7
Mesas;MesaNo;int;0;4
Mesas;Descripcion;varchar;0;50
Mesas;Capacidad;smallint;0;2
Mesas;UAct;char;0;14
MesContable;CodPais;char;0;3
MesContable;Dealer;int;0;4
MesContable;Mes;char;0;5
MesContable;Numero;smallint;0;2
MesContable;Descripcion;char;0;12
MesContable;Año;smallint;0;2
MesContable;Cerrar;bit;0;1
Meses;Codigo;smallint;0;2
Meses;Descripcion;char;0;30
MESES_COBRO;CodPais;char;0;3
MESES_COBRO;Dealer;int;0;4
MESES_COBRO;Codigo;smallint;0;2
MESES_COBRO;Descripcion;char;0;20
MESES_COBRO;HayCobro;bit;0;1
MESES_COBRO;FechaLimite;datetime;0;8
MesFlujoCaja;CodPais;char;0;3
MesFlujoCaja;Dealer;int;0;4
MesFlujoCaja;Mes;smallint;0;2
MesFlujoCaja;Año;smallint;0;2
MesFlujoCaja;Descripcion;char;0;12
MesFlujoCaja;Directorio;char;0;5
MesFlujoCaja;Postear;bit;0;1
MesPresupuesto;CodPais;char;0;3
MesPresupuesto;Dealer;int;0;4
MesPresupuesto;Numero;smallint;0;2
MesPresupuesto;Descripcion;char;0;12
MesPresupuesto;Año;smallint;0;2
MesPresupuesto;Mes;char;0;5
MesPresupuesto;Cerrar;bit;0;1
MiembroComite;CodPais;char;0;3
MiembroComite;Dealer;int;0;4
MiembroComite;Usuario;char;0;30
MiembroComite;Nivel;smallint;0;2
MiembroComite;Password;char;0;15
MinMax;CodPais;char;0;3
MinMax;Dealer;smallint;0;2
MinMax;Codigo;char;0;20
MinMax;Mes;smallint;0;2
MinMax;Min;int;0;4
MinMax;Max;int;0;4
ModificadoInv;RowNumber;bigint;1;8
ModificadoInv;referencing_entity_name;nvarchar;1;256
ModificadoInv;referencing_desciption;nvarchar;1;120
ModificadoInv;referenced_entity_name;nvarchar;1;256
ModificadoInv;Aplicado;int;0;4
Modulo;GrupoCliente;int;0;4
Modulo;Modulo;char;0;20
Modulo;Descripcion;char;0;75
Modulo;Activo;bit;0;1
Modulo;Programa;char;0;1
Modulo;Precio;float;1;8
Molde;CodPais;char;0;3
Molde;Dealer;int;0;4
Molde;Codigo;varchar;0;10
Molde;Descripcion;varchar;1;75
Molde;Tipo;smallint;1;2
Molde;MontoAdquisicion;decimal;1;9
Molde;NumeroColada;int;1;4
Molde;PiezaColada;int;1;4
Molde;CicloColada;int;1;4
Molde;Alto;decimal;1;5
Molde;Profundo;decimal;1;5
Molde;Ancho;decimal;1;5
Molde;Volumen;decimal;1;5
Molde;DepreciacionM3;decimal;1;9
Molde;MaximaColada;int;0;4
Molde;VidaProbable;int;0;4
Molde;KwHora;decimal;0;5
Moneda;ISO;char;0;5
Moneda;Simbolo;char;0;4
Moneda;Descripcion;char;0;20
Moneda;TipoCambio;decimal;0;9
MotivoCierre;CodPais;char;0;3
MotivoCierre;MotivoCierre;char;0;4
MotivoCierre;Descripcion;char;0;25
MotivoCompra;CodPais;char;0;3
MotivoCompra;Dealer;int;0;4
MotivoCompra;CdCosto;char;0;4
MotivoCompra;Motivo;char;0;25
MotivoCompra;CuentaContable;char;0;15
MotivoCompra;RUF0;char;0;15
MotivoCompra;RUF1;char;0;15
MotivoCompra;Tipo;char;0;2
MotivoNoConforme;CodPais;char;0;3
MotivoNoConforme;Codigo;int;0;4
MotivoNoConforme;Descripcion;char;0;60
MotivoRecord;CodPais;char;0;3
MotivoRecord;Dealer;int;0;4
MotivoRecord;Tipo;char;0;15
MotivoRecord;Descripcion;char;0;40
MotivoRequisicion;CodPais;char;0;3
MotivoRequisicion;Dealer;int;0;4
MotivoRequisicion;Codigo;char;0;2
MotivoRequisicion;Descripcion;char;0;150
MotivoRequisicion;CContable;char;0;15
MotivoRequisicion;Uso;char;1;5
MotivoRequisicion;Tipo;char;0;1
MotivoRequisicion;CCosto;smallint;0;2
MotivosDevolucion;CodPais;char;0;3
MotivosDevolucion;Dealer;smallint;0;2
MotivosDevolucion;Codigo;smallint;0;2
MotivosDevolucion;Descripcion;char;0;50
Motorista;CodPais;char;0;3
Motorista;Dealer;int;0;4
Motorista;Codigo;int;0;4
Motorista;Nombre;char;0;50
Motorista;Empleado;int;0;4
MovBanco;CodPais;char;0;3
MovBanco;Dealer;int;0;4
MovBanco;Tipo;char;0;2
MovBanco;Documento;char;0;15
MovBanco;CtaContable;char;0;15
MovBanco;Fecha;datetime;0;8
MovBanco;CtaBanco;char;0;20
MovBanco;Cargo;float;0;8
MovBanco;Abono;float;0;8
MovBanco;RUBRO;int;0;4
MovDispo;CodPais;char;0;3
MovDispo;Dealer;int;0;4
MovDispo;Tipo;char;0;2
MovDispo;CtaContable;char;0;15
MovDispo;Fecha;datetime;0;8
MovDispo;Documento;char;0;15
MovDispo;CargoReal;float;0;8
MovDispo;Abono;float;0;8
MovDispo;Concepto;char;0;75
MovDispo;CtaBanco;char;0;20
MovDispo;MvtoGenerado;bit;0;1
Movimiento;CodPais;char;0;3
Movimiento;Dealer;int;0;4
Movimiento;Mes;char;0;5
Movimiento;Fecha;datetime;0;8
Movimiento;Partida;char;0;10
Movimiento;Correlativo;int;0;4
Movimiento;Codigo;char;0;15
Movimiento;Documento;char;0;15
Movimiento;Concepto;char;0;250
Movimiento;Debe;decimal;0;9
Movimiento;Haber;decimal;0;9
Movimiento;CdCosto;smallint;0;2
MovimientoError;CodPais;char;0;3
MovimientoError;Dealer;int;0;4
MovimientoError;Mes;char;0;5
MovimientoError;Fecha;datetime;0;8
MovimientoError;Partida;char;0;10
MovimientoError;Correlativo;int;0;4
MovimientoError;Codigo;char;0;15
MovimientoError;Documento;char;0;15
MovimientoError;Concepto;char;0;250
MovimientoError;Debe;decimal;0;9
MovimientoError;Haber;decimal;0;9
MovimientoError;CdCosto;smallint;0;2
MovimientoPresup;CodPais;char;0;3
MovimientoPresup;Dealer;int;0;4
MovimientoPresup;Mes;char;0;5
MovimientoPresup;Fecha;datetime;0;8
MovimientoPresup;Partida;char;0;5
MovimientoPresup;Correlativo;int;0;4
MovimientoPresup;Codigo;char;0;15
MovimientoPresup;Documento;char;0;15
MovimientoPresup;Concepto;char;0;100
MovimientoPresup;Debe;decimal;0;9
MovimientoPresup;Haber;decimal;0;9
MovimientoPresup;CdCosto;smallint;0;2
MOVIMIENTOS;CodPais;char;0;3
MOVIMIENTOS;Dealer;int;0;4
MOVIMIENTOS;Cuenta;char;0;20
MOVIMIENTOS;TipoMov;char;0;10
MOVIMIENTOS;Valor;float;0;8
MOVIMIENTOS;Efectivo;bit;0;1
MOVIMIENTOS;Cheque;bit;0;1
MOVIMIENTOS;Referencia;char;0;20
MOVIMIENTOS;Boleta;char;0;20
MOVIMIENTOS;Fecha;datetime;0;8
MOVIMIENTOS;Hora;char;0;6
MOVIMIENTOS;ID;int;0;4
MOVIMIENTOS;Descripcion;char;0;250
MOVIMIENTOS;Usuario;char;0;20
MovimientoTemporal;CodPais;char;0;3
MovimientoTemporal;Dealer;int;0;4
MovimientoTemporal;Mes;char;0;5
MovimientoTemporal;Fecha;datetime;0;8
MovimientoTemporal;Partida;char;0;10
MovimientoTemporal;Correlativo;int;0;4
MovimientoTemporal;Codigo;char;0;15
MovimientoTemporal;Documento;char;0;15
MovimientoTemporal;Concepto;char;0;250
MovimientoTemporal;Debe;decimal;0;9
MovimientoTemporal;Haber;decimal;0;9
MovimientoTemporal;CdCosto;smallint;0;2
MovimientoTemporal;Usuario;char;0;20
MovMateriales;CodPais;char;0;3
MovMateriales;Dealer;smallint;0;2
MovMateriales;Serie;char;0;3
MovMateriales;Orden;int;0;4
MovMateriales;Fecha;datetime;0;8
MovMateriales;Tipo;char;0;3
MovMateriales;Numero;int;0;4
MovMateriales;Bodega;char;0;4
MovMateriales;Codigo;char;0;20
MovMateriales;Cantidad;decimal;0;9
MovMateriales;Importe;decimal;0;9
MovPend;CodPais;char;0;3
MovPend;Dealer;int;0;4
MovPend;Mes;char;0;5
MovPend;Banco;char;0;15
MovPend;Tipo;char;0;2
MovPend;Documento;char;0;10
MovPend;FechaAplicado;datetime;0;8
MovPend;Cargo;float;0;8
MovPend;Abono;float;0;8
MovPend;Contabilizado;bit;0;1
MovPend;AplicadoBco;bit;0;1
MovPend;RUBRO;int;0;4
MovTemp;CodPais;char;0;3
MovTemp;Dealer;int;0;4
MovTemp;Tda;char;0;7
MovTemp;Cuenta;char;0;15
MovTemp;Serie;char;0;10
MovTemp;ChequeNo;int;0;4
MovTemp;Correlativo;int;0;4
MovTemp;Mes;char;0;5
MovTemp;Fecha;datetime;0;8
MovTemp;Partida;char;0;7
MovTemp;Codigo;char;0;15
MovTemp;Documento;char;0;10
MovTemp;Concepto;char;0;60
MovTemp;Debe;decimal;0;9
MovTemp;Haber;decimal;0;9
MovTemp;CdCosto;smallint;1;2
MovTemp;Retaceo;int;1;4
MSerieInvFisico;CodPais;char;0;3
MSerieInvFisico;Dealer;int;0;4
MSerieInvFisico;Codigo;char;0;20
MSerieInvFisico;Lectura;char;0;20
MSerieInvFisico;Vencimiento;date;1;3
MSerieInvFisico;Cantidad;int;0;4
MSerieInvFisico;Usuario;char;1;20
Municipio;CodPais;char;0;3
Municipio;Codigo;smallint;0;2
Municipio;SubZona;smallint;0;2
Municipio;Nombre;char;0;75
Municipio;UltimoCliente;decimal;0;9
Municipio;CodigoPostal;char;0;10
Municipio;NCodigo;smallint;0;2
N_CREDITO;CodPais;char;0;3
N_CREDITO;Dealer;int;0;4
N_CREDITO;Tda;char;0;7
N_CREDITO;No;int;0;4
N_CREDITO;Serie_NC;char;0;10
N_CREDITO;Doc_No;int;0;4
N_CREDITO;Serie_Doc;char;0;10
N_CREDITO;Tipo_Doc;char;0;2
N_CREDITO;Cliente_No;char;0;12
N_CREDITO;Fecha;datetime;0;8
N_CREDITO;Valor_Productos;float;0;8
N_CREDITO;IVA;float;0;8
N_CREDITO;Retencion;float;0;8
N_CREDITO;Total;float;0;8
N_CREDITO;Ultima_Linea;smallint;0;2
N_CREDITO;Dev_No;int;0;4
N_CREDITO;Impresa;bit;0;1
N_CREDITO;Concepto_rebaja;char;0;100
N_CREDITO;Nota_Abono;bit;0;1
N_CREDITO;Declarada;bit;0;1
N_CREDITO;Caja;char;0;4
N_CREDITO;Aplicada;bit;0;1
N_CREDITO;User_Creador;char;0;8
N_CREDITO;User_Modify;char;0;8
N_CREDITO;Fecha_Natural;datetime;0;8
N_CREDITO;Percepc;float;0;8
NC_Malas;CodPais;char;0;3
NC_Malas;Dealer;int;0;4
NC_Malas;Tda;char;0;7
NC_Malas;Fecha;datetime;1;8
NC_Malas;SerieNC;char;0;10
NC_Malas;No;int;0;4
NC_Malas;Descuento;decimal;1;9
NC_Malas;Gravadas;decimal;1;9
NC_Malas;NewGravada;numeric;1;9
NC_Malas;IVA;decimal;1;9
NC_Malas;NewIVA;numeric;1;13
NC_Malas;Percepcion;decimal;1;9
NC_Malas;Total;decimal;1;9
NC_Malas;NewTotal;decimal;1;9
NC_Malas;Diferencia;decimal;1;9
NcProveedor;CodPais;char;0;3
NcProveedor;Dealer;int;0;4
NcProveedor;Tda;char;0;7
NcProveedor;NoNotaAbono;int;0;4
NcProveedor;NoCompra;int;0;4
NcProveedor;TipoDoc;char;0;1
NcProveedor;DocNo;char;0;50
NcProveedor;Proveedor;char;0;14
NcProveedor;Fecha;datetime;0;8
NcProveedor;IVA;decimal;0;9
NcProveedor;Gravadas;decimal;0;9
NcProveedor;Exentas;decimal;0;9
NcProveedor;Retencion;decimal;0;9
NcProveedor;Total;decimal;0;9
NcProveedor;Estatus;char;0;1
NcProveedor;UltimaLinea;smallint;0;2
NcProveedor;CuentaCargar;char;0;15
NcProveedor;CuentaAbonar;char;0;15
NcProveedor;Documento2;char;0;8
NcProveedor;FechaReclamo;datetime;0;8
NcProveedor;Declarada;bit;0;1
NcProveedor;Despachado;bit;0;1
NcProveedor;DespachadoPor;char;0;10
NcProveedor;FechaDespacho;datetime;0;8
NcProveedor;HoraDespacho;char;0;6
NcProveedor;Concepto;char;0;100
NcProveedor;Serie;char;0;50
NcProveedor;Percepcion;decimal;1;9
NcProveedor;UserCreador;char;1;20
NcProveedor;UserModify;char;1;20
NcProveedor;SerieDoc;char;0;50
NcProveedor;FacturaNo;char;0;50
NcProveedor;NoAutorizacion;char;0;50
NcProveedor;NotaAbono;bit;0;1
NCRetencion;CodPais;char;0;3
NCRetencion;Dealer;int;0;4
NCRetencion;Tda;char;0;7
NCRetencion;SerieNC;char;0;20
NCRetencion;No;int;0;4
NCRetencion;SerieDoc;char;0;20
NCRetencion;DocNo;int;0;4
NCRetencion;Proveedor;char;0;14
NCRetencion;Fecha;date;0;3
NCRetencion;Gravado;decimal;0;9
NCRetencion;Retenido;decimal;0;9
NCRetencion;ConceptoRebaja;char;0;200
NCRetencion;Aplicada;bit;0;1
NCRetencion;ERPKey;nvarchar;0;100
NCRetencion;UserCreador;char;0;20
NCRetencion;UserModify;char;0;20
NCRetencion;FechaNatural;datetime;0;8
NivelEducacion;CodPais;char;0;3
NivelEducacion;Dealer;int;0;4
NivelEducacion;Nivel;smallint;0;2
NivelEducacion;Descripcion;char;0;40
Niveles;CodPais;char;0;3
Niveles;Dealer;int;0;4
Niveles;Codigo;smallint;0;2
Niveles;Descripcion;char;0;25
NivelSalario;CodPais;char;0;3
NivelSalario;Dealer;int;0;4
NivelSalario;Nivel;smallint;0;2
NivelSalario;Descripcion;char;0;40
NivelTecnico;CodPais;char;0;3
NivelTecnico;Dealer;smallint;0;2
NivelTecnico;CodNivel;smallint;0;2
NivelTecnico;Descripcion;char;0;75
NivelTecnico;TasaHoraBasica;float;0;8
NivelTecnico;CtaContable;char;0;15
NominaEmpleado;CodPais;char;0;3
NominaEmpleado;Dealer;int;0;4
NominaEmpleado;Numero;int;0;4
NominaEmpleado;Estatus;char;0;1
NominaEmpleado;Nombre;nchar;0;100
NominaEmpleado;PrimerApellido;nchar;0;50
NominaEmpleado;SegundoApellido;nchar;0;50
NominaEmpleado;ApellidoCasada;nchar;0;50
NominaEmpleado;Departamento;char;0;6
NominaEmpleado;Direccion;char;0;150
NominaEmpleado;Telefono;char;0;8
NominaEmpleado;ISSSNo;nchar;0;30
NominaEmpleado;DUI;nchar;0;30
NominaEmpleado;CargoDesempeñado;char;0;6
NominaEmpleado;CuentaNo;nchar;0;40
NominaEmpleado;FechaIngreso;datetime;0;8
NominaEmpleado;UltimaLiquidacion;datetime;0;8
NominaEmpleado;ProfesionOficio;varchar;0;75
NominaEmpleado;Nacionalidad;char;0;15
NominaEmpleado;LugarNacimiento;char;0;50
NominaEmpleado;FechaNacimiento;datetime;0;8
NominaEmpleado;DescuentoISSS;smallint;0;2
NominaEmpleado;PeriodoPago;smallint;0;2
NominaEmpleado;Sueldo;decimal;0;9
NominaEmpleado;AFP;smallint;0;2
NominaEmpleado;CodigoContable;char;0;15
NominaEmpleado;HoraExtra;char;0;15
NominaEmpleado;PorcentajeBono;decimal;0;9
NominaEmpleado;PromedioMensual;decimal;0;9
NominaEmpleado;NIT;nchar;0;40
NominaEmpleado;UltimoAguinaldo;datetime;0;8
NominaEmpleado;UltimaVacacion;datetime;0;8
NominaEmpleado;HoraEntrada;char;0;8
NominaEmpleado;HoraSalida;char;0;8
NominaEmpleado;MinutoTarde;char;0;8
NominaEmpleado;SubsidioMensual;decimal;0;9
NominaEmpleado;SubsidioOtorgado;decimal;0;9
NominaEmpleado;CdCosto;char;0;6
NominaEmpleado;Foto;image;1;16
NominaEmpleado;NUP;nchar;0;24
NominaEmpleado;TrabajaHoraExtra;char;0;1
NominaEmpleado;PorcentajeAhorro;char;0;3
NominaEmpleado;NombreSegunISSS;char;0;100
NominaEmpleado;Sexo;char;0;1
NominaEmpleado;EstadoCivil;char;0;1
NominaEmpleado;TipoAfiliado;char;0;1
NominaEmpleado;TipoCotizacionVoluntaria;char;0;1
NominaEmpleado;TipoCotizacionVoluntariaEmp;char;0;1
NominaEmpleado;CotizacionVoluntariaAfi;decimal;0;9
NominaEmpleado;CotizacionVoluntariaEmpl;decimal;0;9
NominaEmpleado;HoraTrabajo;smallint;0;2
NominaEmpleado;CotizantePensionado;bit;0;1
NominaEmpleado;TipoCuenta;char;0;2
NominaEmpleado;NumeroEmpleado;char;0;10
NominaEmpleado;BancoCtaDeposito;nchar;0;50
NominaEmpleado;VacacionDesde;datetime;0;8
NominaEmpleado;VacacionHasta;datetime;0;8
NominaEmpleado;FormaPago;char;0;2
NominaEmpleado;Sindicato;char;0;2
NominaEmpleado;TipoPlanilla;smallint;0;2
NominaEmpleado;Caracter;char;0;10
NominaEmpleado;Turno;char;0;10
NominaEmpleado;MarcaHorario;bit;0;1
NominaEmpleado;ReferenciaFSV;char;0;15
NominaEmpleado;CuentaCxpAhorro;char;0;15
NominaEmpleado;CuentaCxpPrestamo;char;0;15
NominaEmpleado;SolicitudEmpleoNo;int;0;4
NominaEmpleado;CuentaPersonal;char;0;15
NominaEmpleado;SueldoAnterior;decimal;1;9
NominaEmpleado;FechaUltimoAumento;datetime;1;8
NominaEmpleado;DuiExpedidoEn;char;1;25
NominaEmpleado;DuiExpiraEn;datetime;1;8
NominaEmpleado;NombreNIT;varchar;1;-1
NominaEmpleado;FechaAlta;datetime;1;8
NominaEmpleado;TipoDocumento;char;1;10
NominaEmpleado;CCosto;smallint;1;2
NominaEmpleado;Correo;varchar;1;50
NominaEmpleado;CodMunicipio;smallint;1;2
NominaEmpleado;ConocidoPor;char;1;50
NominaEmpleado;FechaFallecimiento;datetime;1;8
NominaEmpleado;Organigrama;char;1;30
NominaEmpleado;Gerencia;char;1;50
NominaEmpleado;Division;char;0;7
NominaEmpleado;CodOcupacion;char;0;7
NominaEmpleado;NoINPEP;char;0;15
NominaEmpleado;FinContrato;date;0;3
NominaEmpleado;Expatriado;bit;0;1
NominaEmpleado;Especialidad;char;0;50
NominaEmpleado;Jefe;char;0;100
NominaEmpleado;TipoDoc;char;0;50
NominaEmpleado;ValorDoc;char;0;50
NominaEmpleado;Superior;int;0;4
NominaEmpleado;Imagen;char;0;150
NotaAbono;CodPais;char;0;3
NotaAbono;Dealer;int;0;4
NotaAbono;Tda;char;0;7
NotaAbono;Serie;char;0;6
NotaAbono;DocNo;int;0;4
NotaAbono;Fecha;datetime;0;8
NotaAbono;ClienteNo;char;0;10
NotaAbono;UltimaLinea;int;0;4
NotaAbono;Total;float;0;8
NotaAbono;Estatus;smallint;0;2
NotaAbono;idFijacion;int;0;4
NotaCotizacion;CodPais;char;0;3
NotaCotizacion;Dealer;int;0;4
NotaCotizacion;Tda;char;0;7
NotaCotizacion;Tipo;char;0;2
NotaCotizacion;Correlativo;int;0;4
NotaCotizacion;Proveedor_Numero;smallint;0;2
NotaCotizacion;Nota;char;0;200
NotaCredito;CodPais;char;0;3
NotaCredito;Dealer;int;0;4
NotaCredito;Tda;char;0;7
NotaCredito;SerieNC;char;0;10
NotaCredito;No;int;0;4
NotaCredito;SerieDoc;char;0;10
NotaCredito;TipoDoc;char;0;2
NotaCredito;DocNo;int;0;4
NotaCredito;ClienteNo;char;0;10
NotaCredito;Fecha;datetime;0;8
NotaCredito;Descuento;decimal;0;9
NotaCredito;Gravadas;decimal;0;9
NotaCredito;IVA;decimal;0;9
NotaCredito;Retencion;decimal;0;9
NotaCredito;Exentas;decimal;0;9
NotaCredito;Total;decimal;0;9
NotaCredito;UltimaLinea;smallint;0;2
NotaCredito;Devolucion;int;0;4
NotaCredito;Impresa;bit;0;1
NotaCredito;ConceptoRebaja;char;0;200
NotaCredito;NotaAbono;bit;0;1
NotaCredito;Declarada;bit;0;1
NotaCredito;Aplicada;bit;0;1
NotaCredito;UserCreador;char;0;20
NotaCredito;UserModify;char;0;20
NotaCredito;FechaNatural;datetime;0;8
NotaCredito;Vendedor;char;0;7
NotaCredito;Percepcion;decimal;0;9
NotaCredito;TipoNC;char;0;4
NotaCredito;MotivoDevolucion;smallint;0;2
NotaCredito;TdaDoc;char;0;7
NotaCredito;IdTrans;char;1;50
NotaCredito;ClasePedido;char;1;2
NotaCredito;Refactura;bit;1;1
NotaCredito;Caja;char;1;4
NotaCredito;USerie;char;0;20
NotaCredito;UDocNo;char;0;20
NotaCredito;Contingencia;int;0;4
NotaCredito;ERPKey;nvarchar;0;100
NotaCredito;Fovial;decimal;0;9
NotaHojaProduccion;CodPais;char;0;3
NotaHojaProduccion;Dealer;int;0;4
NotaHojaProduccion;Tda;char;0;7
NotaHojaProduccion;Hoja;int;0;4
NotaHojaProduccion;LineaNo;int;0;4
NotaHojaProduccion;Descripcion;varchar;1;150
NotaHojaProduccion;Desde;char;1;6
NotaHojaProduccion;Hasta;char;1;6
NotaHojaProduccion;NoCosteable;int;1;4
NotaOrdene;CodPais;char;0;3
NotaOrdene;Dealer;int;0;4
NotaOrdene;Tda;char;0;7
NotaOrdene;Correlativo;int;0;4
NotaOrdene;Nota;char;0;200
NotaOrdenes;CodPais;char;0;3
NotaOrdenes;Dealer;int;0;4
NotaOrdenes;Tda;char;0;7
NotaOrdenes;Correlativo;int;0;4
NotaOrdenes;Nota;char;0;200
NotaPedido;CodPais;char;0;3
NotaPedido;Dealer;int;0;4
NotaPedido;Tda;char;0;7
NotaPedido;Tipo;char;0;2
NotaPedido;Correlativo;int;0;4
NotaPedido;Nota;char;0;200
NotaPlanilla;CodPais;char;0;3
NotaPlanilla;Dealer;int;0;4
NotaPlanilla;Planilla;smallint;0;2
NotaPlanilla;Empleado;int;0;4
NotaPlanilla;Literal;char;0;1
NotaPlanilla;Departamento;char;0;4
NotaPlanilla;Texto;varbinary;0;182
NotaRemision;CodPais;char;0;3
NotaRemision;Dealer;int;0;4
NotaRemision;Tda;char;0;7
NotaRemision;RemisionNo;int;0;4
NotaRemision;Fecha;datetime;0;8
NotaRemision;Solicita;smallint;0;2
NotaRemision;Entrega;smallint;0;2
NotaRemision;ClienteNo;char;0;10
NotaRemision;UltimaLinea;smallint;0;2
NotaRemision;Justificacion;char;0;200
NotaRemision;Destino;char;0;1
NotaRemision;Estatus;char;0;1
NotaRemision;Validez;smallint;0;2
NotaRemision;Vence;datetime;0;8
NotaRemision;Usuario;char;0;30
NotaRemision;UltModFecha;datetime;0;8
NotaRemision;UltModHora;char;0;6
NotaRemision;EnviarA;char;0;75
NotaRemision;Referencia;char;1;40
NotaRemision;NombreDestinatario;char;1;60
NotaRemision;TelefonoDestinatario;char;1;15
NotaRemision;Parentesco;char;1;15
NotaRemision;NombreRemitente;char;1;60
NotaRemision;TipoDoc;char;1;2
NotaRemision;Serie;char;1;10
NotaRemision;DocNo;int;1;4
NotaRemision;TdaDoc;char;1;7
NotaRemision;FechaEntrega;datetime;1;8
NotaRemision;EnvioNo;char;1;12
NotaRemision;MotivoDevolucion;smallint;1;2
NotaRemision;AnulacionNo;char;1;40
NotaRemision;FechaAnulacion;datetime;1;8
NotaRemision;Subzona;smallint;1;2
NotaRemision;Municipio;smallint;1;2
NotaRemision;IdTrans;char;1;50
NotaRemision;BodegaSale;char;1;7
NotaRemision;BodegaEntra;char;1;7
NotaRemision;ERPKey;nvarchar;1;100
NotaRemision;Estatus2;char;1;1
NotaRemision;UserRecibe;char;1;10
NotaRemision;FechaRecibido;datetime;1;8
NotaRemision;HoraRecibido;varchar;1;10
NotaRemision;FechaNatRecibido;datetime;1;8
NotaRemision;PedidoNo;int;0;4
NotaRemision;TasaIVA;int;0;4
NotaRemision;Subtotal;decimal;0;9
NotaRemision;Gravadas;decimal;0;9
NotaRemision;IVA;decimal;0;9
NotaRemision;Percepcion;decimal;0;9
NotaRemision;Retencion;decimal;0;9
NotaRemision;Exentas;decimal;0;9
NotaRemision;NoSujetas;decimal;0;9
NotaRemision;Flete;decimal;0;9
NotaRemision;AdValoren;decimal;0;9
NotaRemision;Fovial;decimal;0;9
NotaRemision;Descuento;decimal;0;9
NotaRemision;Total;decimal;0;9
NotaRemision;Saldo;decimal;0;9
NotaRemision;Seleccionado;bit;0;1
NotaRemision;Vendedor;char;0;7
NotaRemision;Cajero;char;0;7
NotaRemision;OrdenCompra;varchar;0;30
NotaRemision;BienTitulo;char;0;2
NotaRemision;SerieNR;varchar;0;20
NotasDevolucionA;CodPais;char;0;3
NotasDevolucionA;Dealer;int;0;4
NotasDevolucionA;Devolucion_No;int;0;4
NotasDevolucionA;Fecha;datetime;0;8
NotasDevolucionA;Partida;char;0;5
NotasDevolucionA;Entrega;smallint;0;2
NotasDevolucionA;Bodeguero;smallint;0;2
NotasDevolucionA;Cliente;char;0;10
NotasDevolucionA;Total_Devolucion;float;0;8
NotasDevolucionA;Ultima_Linea;smallint;0;2
NotasDevolucionA;Justificacion;char;0;50
NotasDevolucionA;Usuario;char;0;30
NotasDevolucionA;Ultima_Modificacion_Fecha;datetime;0;8
NotasDevolucionA;Ultima_Modificacion_Hora;char;0;6
NotasDevolucionA;Estatus;char;0;1
NotasDevolucionA;Recibida;bit;0;1
NotasDevolucionA;Recibida_X;char;0;10
NotasDevolucionA;Fecha_Recibido;datetime;0;8
NotasDevolucionA;Hora_Recibido;char;0;6
NotasPV;CodPais;char;0;3
NotasPV;Dealer;int;0;4
NotasPV;Tda;char;0;7
NotasPV;LineaNo;smallint;0;2
NotasPV;Descripcion;char;0;150
NotasPV;CorrLinea;int;0;4
NotasPV;Usuario;char;0;20
NotasPVCola;CodPais;char;0;3
NotasPVCola;Dealer;int;0;4
NotasPVCola;Tda;char;0;7
NotasPVCola;LineaNo;smallint;0;2
NotasPVCola;Descripcion;char;0;150
NotasPVCola;CorrLinea;int;0;4
NotasPVCola;NoCola;int;0;4
NotasPVCola;Terminal;int;0;4
NotasPVCola;Usuario;char;0;20
NotasPVCola;FechaNatural;datetime;0;8
NotaTarja;CodPais;char;0;3
NotaTarja;Dealer;int;0;4
NotaTarja;Correlativo;int;0;4
NotaTarja;NoContrato;char;0;20
NotaTarja;NoTarja;char;0;20
NotaTarja;PuertoOrigen;char;0;30
NotaTarja;Buque;char;0;30
NotaTarja;FechaIngreso;date;0;3
NotaTarja;Consignatario;int;0;4
NotaTarja;Producto;char;0;15
NotaTarja;Manifiesto;decimal;0;9
NotaTarja;Recibido;decimal;0;9
NotaTarja;UbicacionBodega;char;0;8
NotaTarja;FechaBuque;date;0;3
NPatronal;CodPais;char;0;3
NPatronal;Dealer;int;0;4
NPatronal;Tda;char;0;7
NPatronal;NoPatronal;char;0;15
NuevoCodigo;Código;nvarchar;1;510
NuevoCodigo;Descripción;nvarchar;1;510
NuevoRight;CodPais;char;0;3
NuevoRight;Dealer;int;0;4
NuevoRight;ParentIDRGT;char;0;20
NuevoRight;UniqueIDRGT;char;0;20
NuevoRight;UserIDRGT;char;0;130
NuevoRight;RightRGT;char;0;30
Numero;TipoUnidad;smallint;0;2
Numero;Numero;smallint;0;2
Numero;Nombre1;char;0;20
Numero;Nombre2;char;0;20
NumeroBanco;TipoUnidad;smallint;0;2
NumeroBanco;Numero;smallint;0;2
NumeroBanco;Nombre1;char;0;20
NumeroBanco;Nombre2;char;0;20
NUMEROS;Tipo_de_Unidad;smallint;0;2
NUMEROS;Numero;smallint;0;2
NUMEROS;Nombre_1;char;0;20
NUMEROS;Nombre_2;char;0;20
Obligacion;CodPais;char;0;3
Obligacion;Dealer;int;0;4
Obligacion;Contrato;float;0;8
Obligacion;Tipo;char;0;1
Obligacion;Obligacion;char;0;75
Obligacion;Empleado;int;0;4
ObligAsig;CodPais;char;0;3
ObligAsig;Dealer;int;0;4
ObligAsig;Empleado;int;0;4
ObligAsig;Codigo;int;0;4
ObligAsig;Decripcion;char;0;35
Obliglab;CodPais;char;0;3
Obliglab;Dealer;int;0;4
Obliglab;Codigo;int;0;4
Obliglab;Decripcion;char;0;35
OBSERVACIONES;CodPais;char;0;3
OBSERVACIONES;Dealer;int;0;4
OBSERVACIONES;CodTipoFalta;smallint;0;2
OBSERVACIONES;Descripcion;char;0;250
OBSERVACIONES;CodAlumno;char;0;13
OBSERVACIONES;Corr;int;0;4
OBSERVACIONES;Fecha;datetime;0;8
OBSERVACIONES;Hora;char;0;6
OBSERVACIONES;USUARIO;char;0;10
OCompraTemp;CodPais;char;0;3
OCompraTemp;Dealer;int;0;4
OCompraTemp;Usuario;varchar;0;20
OCompraTemp;Codigo;char;0;20
OCompraTemp;Descripcion;varchar;0;100
OCompraTemp;Tipo;char;0;1
OCompraTemp;Presentacion;char;0;2
OCompraTemp;CantidadCombo;decimal;0;9
OCompraTemp;Cantidad;decimal;0;9
OCompraTemp;PrecioLista;decimal;0;9
OCompraTemp;Unitario;decimal;0;9
OCompraTemp;Importe;decimal;0;9
OCompraTemp;Foto;varchar;0;250
OCompraTemp;CodProveedor;char;0;20
OCompraTemp;DescProveedor;varchar;0;100
OCSel;CodPais;char;0;3
OCSel;Dealer;int;0;4
OCSel;Tda;char;0;7
OCSel;OcSelNo;int;0;4
OCSel;Fecha;datetime;0;8
OCSel;Proveedor;char;0;14
OCSel;RetaceoNo;int;0;4
OCSel;Bodega;char;0;7
OCSel;FacturaNo;char;0;20
OCSel;FechaDoc;datetime;0;8
OCSel;CtaContable;char;0;15
OCSel;DiasCredito;smallint;0;2
OCSel;MonedaOrigen;char;0;5
OCSel;Tasa1;decimal;0;9
OCSel;Tasa2;decimal;0;9
OCSel;CambioOficial;decimal;0;9
OCSel;Usuario;char;0;20
OCSel;BL;char;0;20
OCSel;Total;decimal;0;9
OCSel;Aplicada;bit;0;1
Ocupacion;CodPais;char;0;3
Ocupacion;Dealer;int;0;4
Ocupacion;Codigo;char;0;7
Ocupacion;Descripcion;char;1;150
OfertaGlobalVta;CodPais;char;0;3
OfertaGlobalVta;Dealer;int;0;4
OfertaGlobalVta;ID;int;0;4
OfertaGlobalVta;FechaDesde;date;1;3
OfertaGlobalVta;FechaHasta;date;1;3
OfertaGlobalVta;HoraDesde;char;1;6
OfertaGlobalVta;HoraHasta;char;1;6
OfertaGlobalVta;MontoArribaDe;decimal;1;9
OfertaGlobalVta;PorcDescto;smallint;1;2
OfertaGlobalVta;Descripcion;varchar;1;50
OfertaGlobalVta;Tipo;char;1;1
OfertaGlobalVta;HoraEspecifica;bit;1;1
OfertaGlobalVta;Activo;bit;1;1
OfertasAniversario;Codigo;nvarchar;1;510
OfertasAniversario;FechaDesde;datetime;1;8
OfertasAniversario;FechaHasta;datetime;1;8
OfertasAniversario;PrecioOferta;float;1;8
OfertasAniversario;Descripcion;nvarchar;1;510
OfertaVta;CodPais;char;0;3
OfertaVta;Dealer;int;0;4
OfertaVta;Codigo;char;0;20
OfertaVta;FechaDesde;datetime;0;8
OfertaVta;FechaHasta;datetime;0;8
OfertaVta;PrecioOferta;decimal;0;9
Ofrecimientos;CodPais;char;0;3
Ofrecimientos;Dealer;int;0;4
Ofrecimientos;Puesto;char;0;6
Ofrecimientos;Corr;smallint;0;2
Ofrecimientos;Ofrecimientos;char;0;50
Opcion;CodPais;char;0;3
Opcion;Dealer;int;0;4
Opcion;Tda;char;0;7
Opcion;Activo;smallint;0;2
Opcion;A;bit;0;1
Opcion;B;bit;0;1
Opcion;C;bit;0;1
Opcion;D;bit;0;1
Opcion;E;bit;0;1
Opcion;F;bit;0;1
Opcion;G;bit;0;1
Opcion;H;bit;0;1
Opcion;I;bit;0;1
Opcion;J;bit;0;1
Opciones;CodPais;char;0;3
Opciones;Dealer;int;0;4
Opciones;Tda;char;0;7
Opciones;Activo;smallint;0;2
Opciones;A;bit;0;1
Opciones;B;bit;0;1
Opciones;C;bit;0;1
Opciones;D;bit;0;1
Opciones;E;bit;0;1
Opciones;F;bit;0;1
Opciones;G;bit;0;1
Opciones;H;bit;0;1
Opciones;I;bit;0;1
Opciones;J;bit;0;1
Operacion;CodPais;char;0;3
Operacion;Dealer;int;0;4
Operacion;Estilo;char;0;10
Operacion;Operacion;smallint;0;2
Operacion;Descripcion;char;0;40
Operacion;Maquina;smallint;0;2
Operacion;SAM;float;0;8
Operacion;FactorPrecioUnidad;float;0;8
Operacion;Tiempo;float;0;8
Operador;CodPais;char;0;3
Operador;Dealer;int;0;4
Operador;Usuario;char;0;15
Operador;Codigo;char;0;7
Operador;Nombre;char;0;75
Operador;Departamento;char;0;6
OperadorProd;CodPais;char;0;3
OperadorProd;Dealer;int;0;4
OperadorProd;Codigo;varchar;0;10
OperadorProd;Descripcion;varchar;1;75
OperadorProd;Sueldo;decimal;1;9
OperadorProd;FactorCosto;decimal;1;5
OperadorProd;SueldoDiario;decimal;1;9
OperadorProd;SueldoDiaroReal;decimal;1;9
OperadorProd;CostoMDO;decimal;1;9
OperadorProd;Activo;bit;0;1
OperadorProd;Empleado;int;0;4
OptDivision;CodPais;char;0;3
OptDivision;Dealer;int;0;4
OptDivision;Tda;char;0;7
OptDivision;Division;smallint;0;2
OptDivision;OTLibre;bit;0;1
OptDivision;ReqSinReserva;bit;0;1
OrdenCluster;Usuario;char;0;10
OrdenCluster;DivDesde;smallint;0;2
OrdenCluster;DivHasta;smallint;0;2
OrdenCompra;CodPais;char;0;3
OrdenCompra;Dealer;int;0;4
OrdenCompra;Tda;char;0;7
OrdenCompra;OrdenCompra;int;0;4
OrdenCompra;Tipo;char;0;2
OrdenCompra;NoPedido;int;0;4
OrdenCompra;Fecha;datetime;0;8
OrdenCompra;SolicitadoPor;smallint;0;2
OrdenCompra;Departamento;char;0;4
OrdenCompra;Estatus;char;0;2
OrdenCompra;Motivo;char;0;25
OrdenCompra;AutorizacionPor;char;0;30
OrdenCompra;UltimaLinea;smallint;0;2
OrdenCompra;TotalGravadas;float;0;8
OrdenCompra;TotalIVA;float;0;8
OrdenCompra;TotalExentas;float;0;8
OrdenCompra;TotalFOVIAL;float;0;8
OrdenCompra;RetIVA;float;0;8
OrdenCompra;TotalOrden;float;0;8
OrdenCompra;Plantilla;char;0;3
OrdenCompra;FechaEntrega;datetime;0;8
OrdenCompra;LugarEntrega;char;0;40
OrdenCompra;Proveedor;char;0;14
OrdenCompra;FormaPago;char;0;15
OrdenCompra;Dias;int;0;4
OrdenCompra;TiempoEntrega;char;0;15
OrdenCompra;Periodo;smallint;0;2
OrdenCompra;Seccion;smallint;0;2
OrdenCompra;GastosEnvio;float;0;8
OrdenCompra;RetencionRenta;float;0;8
OrdenCompra;Bodega;char;1;7
OrdenCompra;Percepcion;decimal;1;9
OrdenCompra;UserCreador;char;1;10
OrdenCompra;UserModify;char;1;10
OrdenCompra;TasaIVA;float;0;8
OrdenCompra;Tarima;float;0;8
OrdenCompra;PO;varchar;0;20
OrdenCompra;Solicita;char;0;4
OrdenCompra;Autoriza;char;0;4
OrdenCompraCallejas;ID;int;0;4
OrdenCompraCallejas;FECHACREACION;datetime;0;8
OrdenCompraCallejas;FECHADESPACHO;datetime;0;8
OrdenCompraCallejas;ORDENNO;nvarchar;0;60
OrdenCompraCallejas;IDCLIENTE;nvarchar;0;60
OrdenCompraCallejas;IDPROVEEDOR;nvarchar;0;60
OrdenCompraCallejas;CODIGOEAN;nvarchar;0;60
OrdenCompraCallejas;CANTIDADPEDIDA;decimal;0;9
OrdenCompraCallejas;PRECIOARTICULO;decimal;0;9
OrdenCompraCallejas;DESCUENTO;decimal;0;9
OrdenCompraCallejas;ENTREGAR_EN;nvarchar;0;60
OrdenCompraCallejas;CANTIDADLINEAS;int;0;4
OrdenCompraCallejas;TIPO_ORDEN;nvarchar;1;60
OrdenCompraCallejas;ARCHIVO;nvarchar;0;200
OrdenCompraCallejas;ESTATUS1;char;1;3
OrdenCompraCallejas;ESTATUS2;char;1;3
OrdenCompraCallejas;ESTATUS3;char;1;3
OrdenCompraCallejas;DISP_01;nvarchar;1;100
OrdenCompraCallejas;DISP_02;nvarchar;1;100
OrdenCompraCallejas;DISP_03;nvarchar;1;100
OrdenCompraCallejas;FECHASUBIDA;datetime;1;8
OrdenCompraCallejas;FECHAARCHIVO;datetime;1;8
OrdenCompraCallejas;LINEANO;int;1;4
OrdenCompraCallejas;COMENTARIO;varchar;1;100
OrdenCompraSucursales;CodPais;char;0;3
OrdenCompraSucursales;Dealer;int;0;4
OrdenCompraSucursales;Tda;char;0;7
OrdenCompraSucursales;NoOrdenRecibida;int;0;4
OrdenCompraSucursales;TodasSucursales;char;0;500
OrdenesProduccion;CodPais;char;0;3
OrdenesProduccion;Dealer;int;0;4
OrdenesProduccion;Numero_Orden;int;0;4
OrdenesProduccion;Fecha_Inicio;datetime;0;8
OrdenesProduccion;Ultimo_Movimiento;datetime;0;8
OrdenesProduccion;Codigo;char;0;20
OrdenesProduccion;Cantidad_en_produccion;float;0;8
OrdenesProduccion;Partida;char;0;10
OrdenesProduccion;Cantidad_terminada;float;0;8
OrdenesProduccion;Costo_total;float;0;8
OrdenesProduccion;Estatus;char;0;3
OrdenesProduccion;Contabilidad;bit;0;1
OrdenesProduccion;Materiales_estimados;float;0;8
OrdenesProduccion;Mano_Obra_estimada;float;0;8
OrdenesProduccion;Gastos_directos_estimados;float;0;8
OrdenesProduccion;Gastos_Indirectos_estimados;float;0;8
OrdenesProduccion;Materiales;float;0;8
OrdenesProduccion;Mano_de_Obra;float;0;8
OrdenesProduccion;Gastos_directos;float;0;8
OrdenesProduccion;Gastos_Indirectos;float;0;8
OrdenesProduccion;Explosion_Lista;bit;0;1
OrdenesProduccion;Cuenta_de_Proyecto;char;0;15
OrdenesProduccion;MOTIVO;char;0;2
OrdenesProduccion;Tipo;char;0;2
OrdenesProduccion;UE_de_Orden;float;0;8
OrdenesProduccion;User_Creador;char;0;8
OrdenesProduccion;User_Modify;char;0;8
OrdenesProduccion;Serie;char;0;3
OrdenesProduccion;Rendimiento;float;0;8
OrdenesProduccion;Descripcion;char;0;100
OrdenFacturada;CodPais;char;0;3
OrdenFacturada;Dealer;smallint;0;2
OrdenFacturada;Tienda;char;0;7
OrdenFacturada;Serie;char;0;6
OrdenFacturada;TipoDoc;char;0;2
OrdenFacturada;DocNo;int;0;4
OrdenFacturada;OT;int;0;4
OrdenFacturada;ValorVta;decimal;0;9
OrdenFacturada;ValorDescuento;decimal;0;9
OrdenMedicaEmpresarial;CodPais;char;0;3
OrdenMedicaEmpresarial;Dealer;int;0;4
OrdenMedicaEmpresarial;Tda;char;0;7
OrdenMedicaEmpresarial;OrdenNo;varchar;0;20
OrdenMedicaEmpresarial;Fecha;date;1;3
OrdenMedicaEmpresarial;ClienteNo;char;1;10
OrdenMedicaEmpresarial;Responsable;varchar;1;150
OrdenMedicaEmpresarial;Departamento;smallint;1;2
OrdenMedicaEmpresarial;Municipio;smallint;1;2
OrdenMedicaEmpresarial;Direccion;varchar;1;150
OrdenMedicaEmpresarial;TipoDocumento;char;0;2
OrdenMedicaEmpresarial;NoDocumento;varchar;1;20
OrdenMedicaEmpresarial;PorcDescuento;decimal;1;5
OrdenMedicaEmpresarial;TipoFactura;char;1;2
OrdenMedicaEmpresarial;Gravadas;decimal;1;9
OrdenMedicaEmpresarial;Descuento;decimal;1;9
OrdenMedicaEmpresarial;Subtotal;decimal;1;9
OrdenMedicaEmpresarial;IVA;decimal;1;9
OrdenMedicaEmpresarial;Total;decimal;1;9
OrdenMedicaEmpresarial;Retencion;decimal;1;9
OrdenMedicaEmpresarial;Recibido;decimal;1;9
OrdenMedicaEmpresarial;Cambio;decimal;1;9
OrdenMedicaEmpresarial;FormaPago;char;1;1
OrdenMedicaEmpresarial;Observaciones;varchar;1;250
OrdenMedicaEmpresarial;Retiene;bit;1;1
OrdenMedicaEmpresarial;Anulado;bit;1;1
OrdenMedicaEmpresarial;Imprime;varchar;1;150
OrdenMedicaEmpresarial;FechaNatural;date;0;3
OrdenMedicaExterna;CodPais;char;0;3
OrdenMedicaExterna;Dealer;int;0;4
OrdenMedicaExterna;Tda;char;0;7
OrdenMedicaExterna;OrdenNo;varchar;0;20
OrdenMedicaExterna;Fecha;date;1;3
OrdenMedicaExterna;TipoDocumento;char;0;2
OrdenMedicaExterna;NoDocumento;varchar;1;20
OrdenMedicaExterna;Nombre;varchar;1;150
OrdenMedicaExterna;Apellido;varchar;1;150
OrdenMedicaExterna;Telefono;char;1;8
OrdenMedicaExterna;Sexo;char;1;1
OrdenMedicaExterna;FechaNacimiento;date;1;3
OrdenMedicaExterna;Departamento;smallint;1;2
OrdenMedicaExterna;Municipio;smallint;1;2
OrdenMedicaExterna;Direccion;varchar;1;150
OrdenMedicaExterna;Responsable;varchar;1;150
OrdenMedicaExterna;idMedico;char;1;10
OrdenMedicaExterna;ClienteNo;char;1;10
OrdenMedicaExterna;Tipo;char;1;2
OrdenMedicaExterna;Motivo;char;1;4
OrdenMedicaExterna;Autoriza;varchar;1;100
OrdenMedicaExterna;SubClasifica;smallint;1;2
OrdenMedicaExterna;OrdenAfiliada;smallint;1;2
OrdenMedicaExterna;Parentesco;smallint;1;2
OrdenMedicaExterna;Referido;bit;1;1
OrdenMedicaExterna;Prometida;bit;1;1
OrdenMedicaExterna;OrdenPropia;bit;1;1
OrdenMedicaExterna;MuestraTomada;bit;1;1
OrdenMedicaExterna;Retiene;bit;1;1
OrdenMedicaExterna;PorcCOPAGO;decimal;1;5
OrdenMedicaExterna;PorcDeducible;decimal;1;5
OrdenMedicaExterna;PorcEmpresa;decimal;1;5
OrdenMedicaExterna;PorcPaciente;decimal;1;5
OrdenMedicaExterna;TipoFactura;char;1;2
OrdenMedicaExterna;Gravadas;decimal;1;9
OrdenMedicaExterna;Descuento;decimal;1;9
OrdenMedicaExterna;Recargo;decimal;1;9
OrdenMedicaExterna;Subtotal;decimal;1;9
OrdenMedicaExterna;IVA;decimal;1;9
OrdenMedicaExterna;Total;decimal;1;9
OrdenMedicaExterna;FormaPago;char;1;1
OrdenMedicaExterna;Tarjeta;char;1;4
OrdenMedicaExterna;Abono;decimal;1;9
OrdenMedicaExterna;PagoAbono;char;1;2
OrdenMedicaExterna;TarjetaAbono;char;1;4
OrdenMedicaExterna;Saldo;decimal;1;9
OrdenMedicaExterna;Retencion;decimal;1;9
OrdenMedicaExterna;Recibido;decimal;1;9
OrdenMedicaExterna;Cambio;decimal;1;9
OrdenMedicaExterna;Email;varchar;1;75
OrdenMedicaExterna;TipoEmail;smallint;1;2
OrdenMedicaExterna;Cita;varchar;1;250
OrdenMedicaExterna;Anulado;bit;1;1
OrdenMedicaExterna;Impreso;bit;1;1
OrdenMedicaExterna;FechaNatural;datetime;0;8
OrdenMedicaExterna;Edad;int;0;4
OrdenMedicaExterna;FactNombre;varchar;0;150
OrdenMedicaExterna;Estatus;char;0;2
OrdenMedicaExterna;EstatusFactura;char;0;2
OrdenMedicaExterna;SerieDoc;varchar;0;20
OrdenMedicaExterna;DocNo;int;0;4
OrdenMedicaExterna;TipoFactEmpresa;char;0;2
OrdenMedicaExterna;SerieDocEmpresa;varchar;0;20
OrdenMedicaExterna;DocNoEmpresa;int;0;4
OrdenMedicaExterna;TipoEnvio;smallint;0;2
OrdenMedicaExterna;TipoDocEmpresa;char;0;2
OrdenMedicaExterna;Coseguro;char;0;3
OrdenMedicaExterna;TipoCliente;smallint;0;2
OrdenMedicaExterna;NIT;varchar;0;20
OrdenMedicaExterna;NRC;varchar;0;25
OrdenMedicaExterna;ActividadEconomica;int;0;4
OrdenMedicaExterna;Percibe;bit;0;1
OrdenMedicaExterna;DepartamentoContrib;smallint;0;2
OrdenMedicaExterna;MunicipioContrib;smallint;0;2
OrdenMedicaExterna;DireccionContrib;varchar;0;150
OrdenMedicaExterna;EmailContrib;varchar;0;75
OrdenMedicaExterna;TelefonoContrib;char;0;8
OrdenMedicaExterna;Medico;varchar;0;75
OrdenMedicaExterna;Boleta;bit;0;1
OrdenMedicaExterna;SubTotalCalculado;decimal;0;9
OrdenMedicaExterna;Usuario;char;0;20
OrdenMedicaExterna;CreadoPor;varchar;0;75
OrdenMedicaExterna;Monto;decimal;0;9
OrdenMedicaExterna;TotalPaciente;decimal;0;9
OrdenMedicaExterna;TotalEmpresa;decimal;0;9
OrdenMedicaExterna;Exento;bit;0;1
OrdenMedicaExterna;NoExencionIVA;char;0;20
OrdenMedicaExterna;Recibido2;decimal;0;9
OrdenMedicaExterna;TipoPago;smallint;0;2
OrdenMedicaExterna;TipoPago2;smallint;0;2
OrdenMedicaExterna;FPago;char;0;1
OrdenMedicaExterna;FPago2;char;0;1
OrdenMedicaExterna;Referencia;varchar;0;20
OrdenMedicaExterna;Banco;varchar;0;30
OrdenMedicaExterna;PagoRemesa;decimal;0;9
OrdenMedicaExterna;PagoCheque;decimal;0;9
OrdenMedicaExterna;ChequeNo;varchar;0;20
OrdenMedicaExterna;BancoCheque;varchar;0;30
OrdenMedicaHospital;CodPais;char;0;3
OrdenMedicaHospital;Dealer;int;0;4
OrdenMedicaHospital;Tda;char;0;7
OrdenMedicaHospital;OrdenNo;varchar;0;20
OrdenMedicaHospital;Fecha;date;1;3
OrdenMedicaHospital;TipoPaciente;smallint;1;2
OrdenMedicaHospital;Expediente;char;1;15
OrdenMedicaHospital;TipoDocumento;char;0;2
OrdenMedicaHospital;NoDocumento;varchar;1;20
OrdenMedicaHospital;Nombre;varchar;1;150
OrdenMedicaHospital;Apellido;varchar;1;150
OrdenMedicaHospital;Sexo;char;1;1
OrdenMedicaHospital;FechaNacimiento;date;1;3
OrdenMedicaHospital;Empresa;varchar;1;150
OrdenMedicaHospital;Responsable;varchar;1;150
OrdenMedicaHospital;Empleado;int;1;4
OrdenMedicaHospital;idMedico;char;1;5
OrdenMedicaHospital;idHospital;smallint;1;2
OrdenMedicaHospital;ReciboNo;int;1;4
OrdenMedicaHospital;RecargoExtra;bit;1;1
OrdenMedicaHospital;PorcDescuento;decimal;1;5
OrdenMedicaHospital;MuestraTomada;bit;1;1
OrdenMedicaHospital;Gravadas;decimal;1;9
OrdenMedicaHospital;Recargo;decimal;1;9
OrdenMedicaHospital;Descuento;decimal;1;9
OrdenMedicaHospital;IVA;decimal;1;9
OrdenMedicaHospital;Total;decimal;1;9
OrdenMedicaHospital;FechaNatural;date;0;3
OrdenMedicaHospital;Estatus;char;0;2
OrdenMedicaHospital;EstatusFactura;char;0;2
OrdenMedicaHospital;Habitacion;varchar;0;20
OrdenPartida;CodPais;char;0;3
OrdenPartida;Dealer;int;0;4
OrdenPartida;idCosecha;int;0;4
OrdenPartida;SerieOrden;char;0;3
OrdenPartida;OrdenProduccion;int;0;4
OrdenPartida;idPartidaCafe;int;0;4
OrdenPartida;idTipoCafe;int;0;4
OrdenPartida;Cantidad;decimal;0;9
OrdenPartida;idOrdenPartida;int;0;4
OrdenProcesada;Cliente;char;0;10
OrdenProcesada;OrdenCompra;char;0;50
OrdenProcesada;FechaProceso;datetime;0;8
OrdenProcesada;NoLineas;int;0;4
OrdenProduccion;CodPais;char;0;3
OrdenProduccion;Dealer;int;0;4
OrdenProduccion;Serie;char;0;10
OrdenProduccion;OrdenNo;int;0;4
OrdenProduccion;FechaInicio;datetime;1;8
OrdenProduccion;UltimoMovimiento;datetime;1;8
OrdenProduccion;Codigo;char;1;20
OrdenProduccion;Cantidad;decimal;1;9
OrdenProduccion;CantidadTerminada;decimal;1;9
OrdenProduccion;CostoTotal;decimal;1;9
OrdenProduccion;Estatus;char;1;3
OrdenProduccion;Contabilidad;bit;1;1
OrdenProduccion;MaterialEstimado;decimal;1;9
OrdenProduccion;ManoObraEstimada;decimal;1;9
OrdenProduccion;GastoDirectoEstimado;decimal;1;9
OrdenProduccion;GastoIndirectoEstimado;decimal;1;9
OrdenProduccion;Material;decimal;1;9
OrdenProduccion;ManoObra;decimal;1;9
OrdenProduccion;GastoDirecto;decimal;1;9
OrdenProduccion;GastoIndirecto;decimal;1;9
OrdenProduccion;ExplosionLista;bit;1;1
OrdenProduccion;CuentaProyecto;char;1;15
OrdenProduccion;Motivo;char;1;2
OrdenProduccion;Tipo;char;1;2
OrdenProduccion;UEOrden;decimal;1;9
OrdenProduccion;UserCreador;char;1;10
OrdenProduccion;UserModify;char;1;10
OrdenProduccion;PedidoNo;int;1;4
OrdenProduccion;Traslado;int;1;4
OrdenProduccion;TipoDoc;char;1;1
OrdenProduccion;Rendimiento;decimal;1;9
OrdenProduccion;Descripcion;char;1;50
OrdenProduccion;Partida;char;1;5
OrdenProduccion;Autorizada;bit;1;1
OrdenRecibo;CodPais;char;0;3
OrdenRecibo;Dealer;int;0;4
OrdenRecibo;idCosecha;int;0;4
OrdenRecibo;SerieOrden;char;0;3
OrdenRecibo;OrdenProduccion;int;0;4
OrdenRecibo;idReciboCafe;int;0;4
OrdenRecibo;idTipoCafe;int;0;4
OrdenRecibo;Cantidad;float;0;8
OrdenRecibo;idOrdenRecibo;int;0;4
OrdenServicio;CodPais;char;0;3
OrdenServicio;Dealer;int;0;4
OrdenServicio;Tda;char;0;7
OrdenServicio;OT;int;0;4
OrdenServicio;Fecha;datetime;0;8
OrdenServicio;ClienteNo;char;0;10
OrdenServicio;Hora;char;0;6
OrdenServicio;Reporte1;char;0;140
OrdenServicio;Reporte2;char;0;140
OrdenServicio;Reporte3;char;0;140
OrdenServicio;ComentGcia;char;0;200
OrdenServicio;ComentCampo;char;0;200
OrdenServicio;Estatus;char;0;2
OrdenServicio;Vendedor;char;0;4
OrdenServicio;Tecnico;smallint;0;2
OrdenServicio;TotalMDO;float;0;8
OrdenServicio;TotalMateriales;float;0;8
OrdenServicio;TipoServicio;char;0;2
OrdenServicio;VtaMat;float;0;8
OrdenServicio;VtaServ;float;0;8
OrdenServicio;TotalGastos;float;0;8
OrdenServicio;TipoDoc;char;0;2
OrdenServicio;DocNo;int;0;4
OrdenServicio;ZonaMetrop;bit;0;1
OrdenServicio;UltimaLinea;smallint;0;2
OrdenServicio;Division;smallint;0;2
OrdenServicio;RV;int;0;4
OrdenServicio;FinTrabajos;datetime;0;8
OrdenServicio;OTOrigen;int;0;4
OrdenServicio;AEntregar;bit;0;1
OrdenServicio;Recibida_Adv;bit;0;1
OrdenServicio;RecibidaConta;bit;0;1
OrdenServicio;EntregaNo;float;0;8
OrdenServicio;Devuelta;bit;0;1
OrdenUser;Usuario;char;0;10
OrdenUser;DivDesde;smallint;0;2
OrdenUser;DivHasta;smallint;0;2
OSCorrelativo;CodPais;char;0;3
OSCorrelativo;Dealer;int;0;4
OSCorrelativo;Tda;char;0;7
OSCorrelativo;Division;smallint;0;2
OSCorrelativo;min;int;0;4
OSCorrelativo;max;int;0;4
OtDocsPresent;CodPais;char;0;3
OtDocsPresent;Dealer;int;0;4
OtDocsPresent;SolicitudNo;smallint;0;2
OtDocsPresent;Documento;char;0;40
OtrosDatosEmpleados;CodPais;char;0;3
OtrosDatosEmpleados;Dealer;int;0;4
OtrosDatosEmpleados;Empleado;int;0;4
OtrosDatosEmpleados;TipoPlanilla;smallint;0;2
OtrosDatosEmpleados;FormaContrato;char;0;2
OtrosDatosEmpleados;FormaPago;char;0;2
OtrosDatosEmpleados;VacacionesDesde;datetime;0;8
OtrosDatosEmpleados;VacacionesHasta;datetime;0;8
OtrosDatosEmpleados;TipoContratacion;char;0;2
OtrosEstudios;CodPais;char;0;3
OtrosEstudios;Dealer;int;0;4
OtrosEstudios;SolicitudNo;int;0;4
OtrosEstudios;CursosSeminarios;char;0;30
OtrosEstudios;Impartido;char;0;30
OtrosEstudios;Año;smallint;0;2
PacienteLCD;CodPais;char;0;3
PacienteLCD;Dealer;int;0;4
PacienteLCD;TipoDocumento;char;0;2
PacienteLCD;DocumentoNo;varchar;0;20
PacienteLCD;Nombre;varchar;0;75
PacienteLCD;Apellido1;varchar;0;75
PacienteLCD;Apellido2;varchar;0;75
PacienteLCD;Sexo;char;0;1
PacienteLCD;FechaNacimiento;date;0;3
PacienteLCD;Telefono;char;0;8
PacienteLCD;Direccion;varchar;0;150
PacienteLCD;Responsable;varchar;0;150
PacienteLCD;edad;smallint;1;2
PacienteLCD;fecNacLCD;char;1;10
PacienteLCD;Email;char;0;75
PacienteLCD;TipoPaciente;char;0;2
PacienteLCD;ClienteNo;char;0;10
PacienteLCD;NRC;char;0;8
PacienteLCD;NIT;char;0;20
PacienteLCD;FacturarA;varchar;0;150
PacienteLCD;Giro;int;0;4
PacienteLCD;Departamento;int;0;4
PacienteLCD;Municipio;int;0;4
PacienteLCD;EmailContrib;varchar;0;75
PacienteLCD;TelefonoContrib;char;0;8
PacienteLCD;Retiene;bit;0;1
PacienteLCD;DireccionContrib;varchar;0;150
PADRINOS;CodPais;char;0;3
PADRINOS;Dealer;int;0;4
PADRINOS;Nombre;char;0;100
PADRINOS;Codigo;int;0;4
PADRINOS;DPI;char;0;15
PADRINOS;Nacionalidad;char;0;20
PADRINOS;Sexo;smallint;0;2
PADRINOS;Fecha_Nacimiento;datetime;0;8
PADRINOS;TipoBecas;smallint;0;2
PADRINOS;MaximoBecados;smallint;0;2
PADRINOS;Telefono;char;0;11
PADRINOS;Celular;char;0;11
PADRINOS;Estatus;bit;1;1
PagoEfectivo;CodPais;char;0;3
PagoEfectivo;Dealer;smallint;0;2
PagoEfectivo;idCosecha;int;0;4
PagoEfectivo;IdPagoEfectivo;int;0;4
PagoEfectivo;IdContratoCafe;int;0;4
PagoEfectivo;Proveedor;char;0;14
PagoEfectivo;Fecha;date;0;3
PagoEfectivo;Tipo;char;0;10
PagoEfectivo;Cajero;char;0;7
PagoEfectivo;CuentaContable;char;0;15
PagoEfectivo;RemesaNo;int;0;4
PagoEfectivo;Valor;float;0;8
PagoEfectivo;Concepto;varchar;0;250
PagoEfectivo;TipoPago;int;0;4
PAGOS;CodPais;char;0;3
PAGOS;Dealer;int;0;4
PAGOS;CodAlumno;char;0;13
PAGOS;CodMes;smallint;0;2
PAGOS;FechaPago;datetime;0;8
PAGOS;DiasRetraso;smallint;0;2
PAGOS;Valor;float;0;8
PAGOS;Referencia;char;0;10
PAGOS;CodAnio;smallint;0;2
PagosBM_Inicial$;Empresa;float;1;8
PagosBM_Inicial$;Sucursal;nvarchar;1;510
PagosBM_Inicial$;SerieDoc;nvarchar;1;510
PagosBM_Inicial$;TipoDoc;nvarchar;1;510
PagosBM_Inicial$;DocNo;float;1;8
PagosBM_Inicial$;Fecha;datetime;1;8
PagosBM_Inicial$;Valor;float;1;8
PagosBM_Inicial$;ReciboCaja;nvarchar;1;510
PagosBM_Inicial$;FormaPago;nvarchar;1;510
PagosBM_Inicial$;Concepto;nvarchar;1;510
PagosBM_Inicial$;Cajero;nvarchar;1;510
PagosBMInicial$O;Empresa;float;1;8
PagosBMInicial$O;Sucursal;nvarchar;1;510
PagosBMInicial$O;SerieDoc;nvarchar;1;510
PagosBMInicial$O;TipoDoc;nvarchar;1;510
PagosBMInicial$O;DocNo;float;1;8
PagosBMInicial$O;Fecha;datetime;1;8
PagosBMInicial$O;Valor;float;1;8
PagosBMInicial$O;ReciboCaja;nvarchar;1;510
PagosBMInicial$O;FormaPago;nvarchar;1;510
PagosBMInicial$O;Concepto;nvarchar;1;510
PagosBMInicial$O;Cajero;nvarchar;1;510
PagosBMmarAgo25;Empresa;int;1;4
PagosBMmarAgo25;Sucursal;char;1;7
PagosBMmarAgo25;SerieDoc;char;1;20
PagosBMmarAgo25;TipoDoc;char;1;2
PagosBMmarAgo25;DocNo;int;1;4
PagosBMmarAgo25;Fecha;datetime;1;8
PagosBMmarAgo25;Valor;decimal;1;9
PagosBMmarAgo25;ReciboCaja;nvarchar;1;510
PagosBMmarAgo25;FormaPago;nvarchar;1;510
PagosBMmarAgo25;Concepto;nvarchar;1;510
PagosBMmarAgo25;Cajero;nvarchar;1;510
PagosBMMarAgo25_2;Empresa;float;1;8
PagosBMMarAgo25_2;Sucursal;nvarchar;1;510
PagosBMMarAgo25_2;SerieDoc;nvarchar;1;510
PagosBMMarAgo25_2;TipoDoc;nvarchar;1;510
PagosBMMarAgo25_2;DocNo;float;1;8
PagosBMMarAgo25_2;Fecha;datetime;1;8
PagosBMMarAgo25_2;Valor;float;1;8
PagosBMMarAgo25_2;ReciboCaja;nvarchar;1;510
PagosBMMarAgo25_2;FormaPago;nvarchar;1;510
PagosBMMarAgo25_2;Concepto;nvarchar;1;510
PagosBMMarAgo25_2;Cajero;nvarchar;1;510
PagosCxCLCDEneAbr25;ClienteNo;nvarchar;1;510
PagosCxCLCDEneAbr25;NombreCliente;nvarchar;1;510
PagosCxCLCDEneAbr25;Empresa;float;1;8
PagosCxCLCDEneAbr25;Sucursal;nvarchar;1;510
PagosCxCLCDEneAbr25;SerieDoc;nvarchar;1;510
PagosCxCLCDEneAbr25;TipoDoc;nvarchar;1;510
PagosCxCLCDEneAbr25;DocNo;float;1;8
PagosCxCLCDEneAbr25;Fecha;datetime;1;8
PagosCxCLCDEneAbr25;Valor;money;1;8
PagosCxCLCDEneAbr25;Fecha doc;datetime;1;8
PagosCxCLCDEneAbr25;ReciboCaja;float;1;8
PagosCxCLCDEneAbr25;FormaPago;nvarchar;1;510
PagosCxCLCDEneAbr25;Concepto;nvarchar;1;510
PagosCxCLCDEneAbr25;Cajero;nvarchar;1;510
PagosCxCLCDEneFeb;ClienteNo;nvarchar;1;510
PagosCxCLCDEneFeb;NombreCliente;nvarchar;1;510
PagosCxCLCDEneFeb;Empresa;float;1;8
PagosCxCLCDEneFeb;Sucursal;nvarchar;1;510
PagosCxCLCDEneFeb;SerieDoc;nvarchar;1;510
PagosCxCLCDEneFeb;TipoDoc;nvarchar;1;510
PagosCxCLCDEneFeb;DocNo;float;1;8
PagosCxCLCDEneFeb;Fecha;datetime;1;8
PagosCxCLCDEneFeb;Valor;money;1;8
PagosCxCLCDEneFeb;ReciboCaja;float;1;8
PagosCxCLCDEneFeb;FormaPago;nvarchar;1;510
PagosCxCLCDEneFeb;Concepto;nvarchar;1;510
PagosCxCLCDEneFeb;Cajero;nvarchar;1;510
PagosCxCLCDEneFeb;Fecha doc;datetime;1;8
PagosCxCLCDMayOct25;ClienteNo;nvarchar;1;510
PagosCxCLCDMayOct25;NombreCliente;nvarchar;1;510
PagosCxCLCDMayOct25;Empresa;float;1;8
PagosCxCLCDMayOct25;Sucursal;nvarchar;1;510
PagosCxCLCDMayOct25;SerieDoc;nvarchar;1;510
PagosCxCLCDMayOct25;TipoDoc;nvarchar;1;510
PagosCxCLCDMayOct25;DocNo;nvarchar;1;510
PagosCxCLCDMayOct25;Fecha;datetime;1;8
PagosCxCLCDMayOct25;Valor;money;1;8
PagosCxCLCDMayOct25;Fecha doc;datetime;1;8
PagosCxCLCDMayOct25;ReciboCaja;float;1;8
PagosCxCLCDMayOct25;FormaPago;nvarchar;1;510
PagosCxCLCDMayOct25;Concepto;nvarchar;1;510
PagosCxCLCDMayOct25;Cajero;nvarchar;1;510
PagosCxCLCDMayOct25;F15;nvarchar;1;510
PagosTemp;CodPais;char;0;3
PagosTemp;Dealer;int;0;4
PagosTemp;Tda;char;0;7
PagosTemp;Serie;char;0;20
PagosTemp;TipoDoc;char;0;2
PagosTemp;DocNo;int;0;4
PagosTemp;ClienteNo;char;0;10
PagosTemp;Fecha;datetime;0;8
PagosTemp;Total;float;0;8
PagosTemp;FormaPago;char;0;1
PagosTemp;Dias;smallint;0;2
PagosTemp;SaldoFactura;float;0;8
PagosTemp;APagar;float;0;8
PagosTemp;FactNombre;char;0;100
PagosTemp;Seleccionar;bit;0;1
PagosTemp;Generado;bit;0;1
PagosTemp;Cajero;char;0;7
PagosTempCxP;CodPais;char;0;3
PagosTempCxP;Dealer;int;0;4
PagosTempCxP;Tda;char;0;7
PagosTempCxP;CompraNo;int;0;4
PagosTempCxP;TipoDoc;char;0;1
PagosTempCxP;SerieDoc;varchar;0;50
PagosTempCxP;FacturaNo;varchar;0;50
PagosTempCxP;Proveedor;char;0;14
PagosTempCxP;Nombre;varchar;0;150
PagosTempCxP;Fecha;date;0;3
PagosTempCxP;Vencimiento;date;0;3
PagosTempCxP;Saldo;decimal;0;9
PagosTempCxP;Abono;decimal;0;9
PagosTempCxP;Seleccionar;bit;0;1
PagosTempCxP;Generado;bit;0;1
PagosTempCxP;FormaPago;char;0;2
PagoTarjeta;CodPais;char;0;3
PagoTarjeta;Dealer;int;0;4
PagoTarjeta;Tda;char;0;7
PagoTarjeta;SerieDoc;char;0;10
PagoTarjeta;TipoDoc;char;0;2
PagoTarjeta;DocNo;int;0;4
PagoTarjeta;Fecha;datetime;0;8
PagoTarjeta;Tarjeta;char;0;6
PagoTarjeta;TarjetaNo;char;0;25
PagoTarjeta;AprobacionNo;char;0;20
PagoTarjeta;NombreHabiente;char;0;75
PagoTarjeta;Valor;float;0;8
PagoTarjeta;Cajero;char;0;4
PagoTarjeta;Recargo;decimal;0;9
PagoVacacion;CodPais;char;0;3
PagoVacacion;Dealer;smallint;0;2
PagoVacacion;Empleado;int;0;4
PagoVacacion;FechaInicio;datetime;0;8
PagoVacacion;FechaFin;datetime;0;8
PagoVacacion;Dias;smallint;0;2
PagoVacacion;SolicitadoPor;char;0;50
PagoVacacion;AutorizadoPor;char;0;50
PagoVacacion;Usuario;char;0;20
PagoVacacion;FechaApl;datetime;0;8
PagoVacacion;HoraApl;char;0;6
PagoVacacion;PlanillaNo;int;0;4
Pais;CodPais;char;0;3
Pais;Nombre;char;0;50
Pais;Moneda;char;0;50
Pais;TipoCambio;float;0;8
Pais;Simbolo;char;0;10
Pais;CodigoPostal;varchar;0;10
Pais;CodigoInternacional;int;0;4
pais2;CodPais;char;0;3
pais2;Nombre;char;0;50
pais2;Moneda;char;0;50
pais2;TipoCambio;float;0;8
pais2;Simbolo;char;0;10
PAISES;CodPais;char;0;3
PAISES;Nombre;char;0;60
PAISES;Moneda;char;0;50
PAISES;Tipo_Cambio;float;0;8
PAISES;Simbolo;char;0;10
Param;CodPais;char;0;3
Param;Dealer;int;0;4
Param;Tda;char;0;7
Param;Area;char;0;5
Param;BodCentral;char;0;7
Param;BodAverias;char;0;7
Param;BodServicio;char;0;7
Param;CodCliente;char;0;12
Parametros;CodPais;char;0;3
Parametros;Dealer;int;0;4
Parametros;Tda;char;0;7
Parametros;Parametro;char;0;50
Parametros;Texto;char;0;250
Parametros;No;int;0;4
Parametros;Valor;decimal;0;9
Parametros;Fecha;date;0;3
Parametros;Hora;char;0;6
Parametros;Activo;bit;0;1
ParametrosGlobal;CodPais;char;0;3
ParametrosGlobal;Dealer;int;0;4
ParametrosGlobal;Parametro;char;0;50
ParametrosGlobal;Texto;char;0;250
ParametrosGlobal;No;int;0;4
ParametrosGlobal;Valor;decimal;0;9
ParametrosGlobal;Fecha;date;0;3
ParametrosGlobal;Hora;char;0;6
ParametrosGlobal;Activo;bit;0;1
ParametrosSFATemp;CodPais;char;0;3
ParametrosSFATemp;Dealer;int;0;4
ParametrosSFATemp;FechaDesde;datetime;0;8
ParametrosSFATemp;FechaHasta;datetime;0;8
ParametrosSFATemp;Vendedor;char;0;20
ParamPlanilla;CodPais;char;0;3
ParamPlanilla;Dealer;int;0;4
ParamPlanilla;No;int;0;4
ParamPlanilla;Codigo;int;0;4
ParamPlanilla;Descripcion;char;0;50
ParamPlanilla;Tipo;char;0;1
ParamPlanilla;Porcentaje;decimal;0;5
ParamPlanilla;ValorFijo;decimal;0;9
ParamPlanilla;UsaDevengo;bit;0;1
ParamPlanilla;DescSujRenta;bit;0;1
ParamPlanilla;Casilla;char;0;20
ParBanco;CodPais;char;0;3
ParBanco;Dealer;smallint;0;2
ParBanco;BorrarPartida;bit;0;1
ParBanco;CuentaCajaGeneral;char;0;15
ParBanco;CuentaOtroIngreso;char;0;15
ParBanco;UltimoEgreso;decimal;0;9
ParBanco;CuentaChequeRechazado;char;1;15
ParBanco;RevisaAnticipo;bit;0;1
Parentesco;CodPais;char;0;3
Parentesco;Dealer;int;0;4
Parentesco;Parentesco;smallint;0;2
Parentesco;Descripcion;char;0;40
Parplanilla;CodPais;char;0;3
Parplanilla;Dealer;int;0;4
Parplanilla;CuentaIsssCxp;char;0;15
Parplanilla;CuentaRentaCxp;char;0;15
Parplanilla;UltimoEgreso;int;0;4
Parplanilla;CodificacionSueldos;bit;0;1
Parplanilla;PartidasxPlanilla;bit;0;1
Parplanilla;Nousado1;bit;0;1
Parplanilla;NoUsado2;bit;0;1
Parplanilla;NoUsado3;bit;0;1
Parplanilla;Ciudad;char;0;25
Parplanilla;Departamento;char;0;25
Parplanilla;NombrePag;char;0;25
Parplanilla;CargoPag;char;0;25
Parplanilla;CodigoComDesde;smallint;0;2
Parplanilla;CodigoComHasta;smallint;0;2
PartAct;CodPais;char;0;3
PartAct;Dealer;int;0;4
PartAct;Empleado;int;0;4
PartAct;Codigo;int;0;4
PartAct;Descripcion;char;0;35
PartAct;Fecha;datetime;0;8
PartActiv;CodPais;char;0;3
PartActiv;Dealer;int;0;4
PartActiv;Empleado;int;0;4
PartActiv;Codigo;int;0;4
PartActiv;Descripcion;char;0;35
PartActiv;Fecha;datetime;0;8
Partida;CodPais;char;0;3
Partida;Dealer;int;0;4
Partida;Mes;char;0;5
Partida;Fecha;datetime;0;8
Partida;Partida;char;0;10
Partida;Cargo;decimal;0;9
Partida;Abono;decimal;0;9
Partida;Balance;decimal;0;9
Partida;Concepto;char;0;300
Partida;Modificable;bit;0;1
Partida;Linea;int;0;4
PartidaFija;CodPais;char;0;3
PartidaFija;Dealer;int;0;4
PartidaFija;Departamento;char;0;4
PartidaFija;Descripcion;char;0;30
PartidaFija;Vacaciones;char;0;15
PartidaFija;VacacionesCc;smallint;0;2
PartidaFija;Porcentaje;real;0;4
PartidaFija;Valor;real;0;4
PartidaFija;CuentaProvision;char;0;15
PartidaFija;AfpPatronal;char;0;15
PartidaFija;AfpPatronalCc;smallint;0;2
PartidaFija;Porcentaje2;real;0;4
PartidaFija;Valor2;real;0;4
PartidaFija;CuentaProvision2;char;0;15
PartidaFija;IsssPatronal;char;0;15
PartidaFija;IsssPatronalCc;smallint;0;2
PartidaFija;Porcentaje3;real;0;4
PartidaFija;Valor3;real;0;4
PartidaFija;CuentaProvision3;char;0;15
PartidaFija;Aguinaldo;char;0;15
PartidaFija;AguinaldoCc;smallint;0;2
PartidaFija;Porcentaje4;real;0;4
PartidaFija;Valor4;real;0;4
PartidaFija;CuentaProvision4;char;0;15
PartidaFija;Indemnizacion;char;0;15
PartidaFija;IndemnizacionCc;smallint;0;2
PartidaFija;Porcentaje5;real;0;4
PartidaFija;Valor5;real;0;4
PartidaFija;CuentaProvision5;char;0;15
PartidaFija;UniformesPersonal;char;0;15
PartidaFija;UniformesPersonalCc;smallint;0;2
PartidaFija;Porcentaje6;real;0;4
PartidaFija;Valor6;real;0;4
PartidaFija;CuentaProvision6;char;0;15
PartidaFija;ActividadesDeportivas;char;0;15
PartidaFija;ActividadesDeportivasCc;smallint;0;2
PartidaFija;Porcentaje7;real;0;4
PartidaFija;Valor7;real;0;4
PartidaFija;Cuenta_de_Provision7;char;0;15
PartidaFija;FestejoNavidenyo;char;0;15
PartidaFija;FestejoNavidenyoCc;smallint;0;2
PartidaFija;Porcentaje8;real;0;4
PartidaFija;Valor8;real;0;4
PartidaFija;CuentaProvision8;char;0;15
PartidaFija;RUF;char;0;15
PartidaFija;RUFCc;smallint;0;2
PartidaFija;Porcentaje9;real;0;4
PartidaFija;Valor9;real;0;4
PartidaFija;CuentaProvision9;char;0;15
PartidaFija;RUF2;char;0;15
PartidaFija;RUFCc2;smallint;0;2
PartidaFija;Porcentaje10;real;0;4
PartidaFija;Valor10;real;0;4
PartidaFija;CuentaProvision10;char;0;15
PartidaPresup;CodPais;char;0;3
PartidaPresup;Dealer;int;0;4
PartidaPresup;Mes;char;0;5
PartidaPresup;Fecha;datetime;0;8
PartidaPresup;Partida;char;0;5
PartidaPresup;Cargo;decimal;0;9
PartidaPresup;Abono;decimal;0;9
PartidaPresup;Balance;decimal;0;9
PartidaPresup;Concepto;varchar;0;-1
PartidaPresup;Modificable;bit;0;1
PartTemp;CodPais;char;0;3
PartTemp;Dealer;int;0;4
PartTemp;Tda;char;0;7
PartTemp;Cuenta;char;0;15
PartTemp;Serie;char;0;10
PartTemp;ChequeNo;int;0;4
PartTemp;Mes;char;0;5
PartTemp;Fecha;datetime;0;8
PartTemp;Partida;char;0;7
PartTemp;Cargo;decimal;0;9
PartTemp;Abono;decimal;0;9
PartTemp;Balance;decimal;0;9
PartTemp;Concepto;char;0;300
PartTemp;Modificable;bit;0;1
PartTemp;Linea;int;0;4
Pedido;CodPais;char;0;3
Pedido;Dealer;int;0;4
Pedido;Tda;char;0;7
Pedido;SolicitudNo;int;0;4
Pedido;Fecha;datetime;0;8
Pedido;SolicitadoPor;int;0;4
Pedido;CentroProceso;char;0;4
Pedido;Estatus;char;0;2
Pedido;Motivo;char;0;25
Pedido;AutorizacionPor;char;0;30
Pedido;UltimaLinea;smallint;0;2
Pedido;TotalGravada;float;0;8
Pedido;TotalIVA;float;0;8
Pedido;TotalExenta;float;0;8
Pedido;TotalSolicitud;float;0;8
Pedido;Plantilla;char;0;3
Pedido;CierreOferta;datetime;0;8
Pedido;LugarEntrega;char;0;40
Pedido;Seccion;smallint;0;2
Pedido;Periodo;smallint;0;2
Pedido;Tipo;char;0;2
Pedido;ValorFOB;float;0;8
Pedido;GastoEnvio;float;0;8
Pedido;ViaDespacho;char;0;15
Pedido;OrdenTrabajo;bit;0;1
PedidoBods;CodPais;char;0;3
PedidoBods;Dealer;int;0;4
PedidoBods;Tda;char;0;7
PedidoBods;TipoPedido;char;0;2
PedidoBods;PedidoNo;nvarchar;0;60
PedidoBods;FechaPedido;datetime;0;8
PedidoBods;DeBodega;char;0;7
PedidoBods;ABodega;char;0;7
PedidoBods;ClienteNo;char;1;10
PedidoBods;Justificacion;char;1;256
PedidoBods;Estatus;char;1;2
PedidoBods;UltimaLinea;int;0;4
PedidoBods;Total;decimal;0;9
PedidoBods;Solicita;smallint;0;2
PedidoBods;Entrega;smallint;0;2
PedidoBods;EnvioNo;char;0;12
PedidoBods;Vehiculo;smallint;1;2
PedidoBods;FechaNatural;datetime;1;8
PedidoBods;HoraNatural;nvarchar;1;20
PedidoBods;UserCreador;nchar;0;24
PedidoBods;UserModify;nchar;0;24
PedidoBods;Estatus2;char;1;2
PedidoBods;IngBodega;int;1;4
PedidoBods;ValidezDias;int;0;4
PedidoBods;FechaVencimiento;datetime;0;8
PedidoBods;ERPKey;nchar;1;100
PedidoBods;EnviarA;char;1;75
PedidoCompra;CodPais;char;0;3
PedidoCompra;Dealer;smallint;0;2
PedidoCompra;Tda;char;0;7
PedidoCompra;Proveedor;char;0;14
PedidoCompra;TipoPedido;char;0;2
PedidoCompra;PedidoNo;int;0;4
PedidoCompra;Anticipo;float;0;8
PedidoCompra;Codigo;char;0;20
PedidoCompra;Cantidad;float;0;8
PedidoCompra;Usuario;char;0;20
PedidoCompra;Fecha;datetime;0;8
PedidoCompra;Hora;char;0;8
PedidoCompra;Autorizado;bit;0;1
PedidoCompra;CantAutorizada;float;0;8
PedidoCompra;UsuarioAut;char;0;20
PedidoCompra;FechaAut;datetime;0;8
PedidoCompra;HoraAut;char;0;8
PedidoCompra;Aplicada;bit;0;1
PedidoCompra;OrdenNo;int;0;4
PedidoCompra;TipoUnidad;char;0;2
PedidoDescarga;CodPais;char;0;3
PedidoDescarga;Dealer;int;0;4
PedidoDescarga;Tda;char;0;7
PedidoDescarga;PedidoNo;int;0;4
PedidoDescarga;Saldo;decimal;1;9
PedidoDescarga;Abono;decimal;1;9
PedidoDescarga;Fecha;date;1;3
PedidoDescarga;ClienteNo;char;1;10
PedidoDescarga;Nombre;varchar;1;150
PedidoDescarga;Total;decimal;1;9
PedidoDescarga;Facturado;decimal;1;9
PedidoDescarga;Liquidado;bit;0;1
PedidoSugerido;CodPais;char;0;3
PedidoSugerido;Dealer;int;0;4
PedidoSugerido;Tda;char;0;7
PedidoSugerido;Año;int;0;4
PedidoSugerido;SDA;int;0;4
PedidoSugerido;Codigo;char;0;20
PedidoSugerido;LineaNo;int;0;4
PedidoSugerido;Comentario;char;1;75
PedidoSugerido;Base;decimal;1;9
PedidoSugerido;Dia1;decimal;1;9
PedidoSugerido;Dia2;decimal;1;9
PedidoSugerido;Dia3;decimal;1;9
PedidoSugerido;Dia4;decimal;1;9
PedidoSugerido;Dia5;decimal;1;9
PedidoSugerido;Dia6;decimal;1;9
PedidoSugerido;Dia7;decimal;1;9
PedidoTraslado;CodPais;char;0;3
PedidoTraslado;Dealer;smallint;0;2
PedidoTraslado;Tda;char;0;7
PedidoTraslado;DeBodega;char;0;7
PedidoTraslado;ParaBodega;char;0;7
PedidoTraslado;TipoPedido;char;0;2
PedidoTraslado;PedidoNo;int;0;4
PedidoTraslado;Anticipo;float;0;8
PedidoTraslado;Codigo;char;0;20
PedidoTraslado;Cantidad;float;0;8
PedidoTraslado;Usuario;char;0;20
PedidoTraslado;Fecha;datetime;0;8
PedidoTraslado;Hora;char;0;8
PedidoTraslado;Autorizado;bit;0;1
PedidoTraslado;CantAutorizada;float;0;8
PedidoTraslado;UsuarioAut;char;0;20
PedidoTraslado;FechaAut;datetime;0;8
PedidoTraslado;HoraAut;char;0;8
PedidoTraslado;Aplicada;bit;0;1
PedidoTraslado;SerieTraslado;char;0;6
PedidoTraslado;TrasladoNo;int;0;4
PedidoTraslado;TipoUnidad;char;0;2
PedidoVta;CodPais;char;0;3
PedidoVta;Dealer;int;0;4
PedidoVta;Tda;char;0;7
PedidoVta;TipoPedido;char;0;2
PedidoVta;Pedido;int;0;4
PedidoVta;ClienteNo;char;0;10
PedidoVta;Bodega;char;0;7
PedidoVta;UltimaLinea;int;0;4
PedidoVta;Fecha;datetime;0;8
PedidoVta;HoraPedido;char;0;6
PedidoVta;Descuento;decimal;0;9
PedidoVta;Gravada;decimal;0;9
PedidoVta;IVA;decimal;0;9
PedidoVta;Exenta;decimal;0;9
PedidoVta;Total;decimal;0;9
PedidoVta;FormaPago;char;0;1
PedidoVta;Dia;smallint;0;2
PedidoVta;Vencimiento;datetime;0;8
PedidoVta;Vendedor;char;0;7
PedidoVta;Estatus;char;0;2
PedidoVta;SaldoPedido;decimal;0;9
PedidoVta;FechaAprobado;datetime;0;8
PedidoVta;HoraAprobado;char;0;6
PedidoVta;FechaPreparacion;datetime;0;8
PedidoVta;HoraPreparado;char;0;6
PedidoVta;FechaFactura;datetime;0;8
PedidoVta;HoraFactura;char;0;6
PedidoVta;FechaDespacho;datetime;0;8
PedidoVta;HoraDespacho;char;0;6
PedidoVta;FechaEntrega;datetime;0;8
PedidoVta;Comentario;varchar;0;-1
PedidoVta;TipoFactura;char;0;2
PedidoVta;FacturaNo;int;0;4
PedidoVta;SerieFactura;char;0;10
PedidoVta;UserCreado;char;0;20
PedidoVta;UserModify;char;0;20
PedidoVta;UserAprobado;char;0;20
PedidoVta;Campaña;char;0;10
PedidoVta;UAct;char;0;14
PedidoVta;TipoCliente;smallint;0;2
PedidoVta;DealerOriginal;int;0;4
PedidoVta;OrdenCompra;nchar;0;60
PedidoVta;PedidoOriginal;int;0;4
PedidoVta;ClasePedido;char;0;2
PedidoVta;UserRechaza;char;0;12
PedidoVta;FechaRechaza;datetime;0;8
PedidoVta;HoraRechaza;char;0;10
PedidoVta;DescuentoGral;decimal;0;9
PedidoVta;PedidoWeb;bit;0;1
PedidoVta;PedidoNIT;char;0;20
PedidoVta;PedidoNombre;char;0;100
PedidoVta;PedidoDireccion;varchar;0;250
PedidoVta;PedidoTelefono;char;0;15
PedidoVta;Percepcion;decimal;0;9
PedidoVta;Retencion;decimal;0;9
PedidoVta;Cantidad;int;0;4
PedidoVta;EstatusHerraje;char;0;2
PedidoVta;Email;varchar;0;75
PedidoVta;Seleccionar;bit;0;1
PedidoVta;Consolidado;bit;0;1
PedidoVta;ConsolidadoNo;int;0;4
PedidoVtaAbono;CodPais;char;1;3
PedidoVtaAbono;Dealer;int;1;4
PedidoVtaAbono;Tda;char;1;7
PedidoVtaAbono;PedidoNo;int;1;4
PedidoVtaAbono;Usuario;varchar;1;20
PedidoVtaAbono;Fecha;datetime;0;8
PedidoVtaAbono;Abono;decimal;1;9
PedidoVtaAbono;Id;int;0;4
PedidoVtaComentarios;Id;bigint;0;8
PedidoVtaComentarios;CodPais;char;1;3
PedidoVtaComentarios;Dealer;int;1;4
PedidoVtaComentarios;Tda;char;1;7
PedidoVtaComentarios;TipoPedido;char;1;2
PedidoVtaComentarios;Pedido;int;1;4
PedidoVtaComentarios;UserComenta;char;1;100
PedidoVtaComentarios;Comentario;varchar;1;1000
PedidoVtaComentarios;Fecha;date;1;3
PedidoVtaComentarios;Hora;varchar;1;8
PedidoVtaCualidad;CodPais;char;0;3
PedidoVtaCualidad;Dealer;int;0;4
PedidoVtaCualidad;Codigo;varchar;0;10
PedidoVtaCualidad;Descripcion;varchar;0;75
PedidoVtaCualidad;Activo;bit;0;1
PedidoVtaTemp;Usuario;varchar;0;20
PedidoVtaTemp;Bodega;varchar;0;7
PedidoVtaTemp;Codigo;char;0;20
PedidoVtaTemp;Descripcion;varchar;0;100
PedidoVtaTemp;Tipo;char;0;1
PedidoVtaTemp;Presentacion;char;0;2
PedidoVtaTemp;TipoCliente;int;0;4
PedidoVtaTemp;CantidadCombo;decimal;0;9
PedidoVtaTemp;Cantidad;decimal;0;9
PedidoVtaTemp;PrecioLista;decimal;0;9
PedidoVtaTemp;PrecioMinimo;decimal;0;9
PedidoVtaTemp;PrecioOferta;decimal;0;9
PedidoVtaTemp;HayOferta;bit;0;1
PedidoVtaTemp;PrecioConcedido;decimal;0;9
PedidoVtaTemp;HayConcesion;bit;0;1
PedidoVtaTemp;PrecioAutorizado;decimal;0;9
PedidoVtaTemp;Unitario;decimal;0;9
PedidoVtaTemp;Importe;decimal;0;9
PedidoVtaTemp;Existencia;decimal;0;9
PedidoVtaTemp;Foto;varchar;0;250
PedidoVtaTemp;PrecioMod;bit;0;1
PedidoVtaTemp;PrecioTarjeta;decimal;0;9
PedidoVtaTemp;PrecioWompi;decimal;0;9
PedidoVtaTemp;PrecioGerencia;decimal;0;9
PedidoVtaTemp;ExistTotal;decimal;0;9
PerfilPuesto;CodPais;char;0;3
PerfilPuesto;Dealer;int;0;4
PerfilPuesto;Cargo;char;0;6
PerfilPuesto;Corr;smallint;0;2
PerfilPuesto;Requisito;char;0;50
Permiso;CodPais;char;0;3
Permiso;Dealer;int;0;4
Permiso;Fecha;datetime;0;8
Permiso;Empleado;int;0;4
Permiso;Tipo;char;0;2
Permiso;Plaza;char;0;14
Permiso;HoraIngresoTarde;char;0;6
Permiso;HoraSalidaPrematura;char;0;6
Permiso;Rubro;char;0;30
Permiso;Observaciones;char;0;150
PersonalTecnico;CodPais;char;0;3
PersonalTecnico;Dealer;smallint;0;2
PersonalTecnico;Tda;char;0;7
PersonalTecnico;Tecnico;smallint;0;2
PersonalTecnico;Especializacion;char;0;40
PersonalTecnico;TasaHora;float;0;8
PersonalTecnico;NivelTecnico;smallint;0;2
PersonalTecnico;Activo;bit;0;1
PesosAv;CodPais;char;0;3
PesosAv;Dealer;int;0;4
PesosAv;Serie;char;0;20
PesosAv;OrdenNo;int;0;4
PesosAv;Fecha;date;0;3
PesosAv;Lbs;float;0;8
PesosAv;Kgs;float;0;8
PesosRetaceo;CodPais;char;0;3
PesosRetaceo;Dealer;int;0;4
PesosRetaceo;Retaceo;int;0;4
PesosRetaceo;Manifestado;float;0;8
PesosRetaceo;Recibido;float;0;8
PesosRetaceo;Aplicado;bit;0;1
PesosRetaceo;Lote;char;0;20
PivotTable;Usuario;char;0;20
PivotTable;Fila1;char;0;150
PivotTable;Fila2;char;0;150
PivotTable;Fila3;char;0;150
PivotTable;Fila4;char;0;150
PivotTable;Fila5;char;0;150
PivotTable;Fila6;char;0;150
PivotTable;Fila7;char;0;150
PivotTable;Fila8;char;0;150
PivotTable;Columna;char;0;50
PivotTable;Cantidad;int;0;4
PivotTable;Valor;decimal;0;9
PivotTable;ID;int;0;4
PlanAfiliado;CodPais;char;0;3
PlanAfiliado;Dealer;int;0;4
PlanAfiliado;Empleado;char;0;16
PlanAfiliado;Administrador;char;0;10
PlanAfiliado;AnyoPlanilla;char;0;4
PlanAfiliado;MesPlanilla;char;0;2
PlanAfiliado;CodExcepcion;char;0;1
PlanAfiliado;CodAfiliado;char;0;12
PlanAfiliado;MonPlanAfiliado;decimal;0;9
PlanAfiliado;DiaPlanAfiliado;smallint;0;2
PlanAfiliado;HoraPlanAfiliado;smallint;0;2
PlanAfiliado;CodigoMotivo;char;0;9
PlanAfiliado;CvaPlanAfiliado;decimal;0;9
PlanAfiliado;CvePlanAfiliado;decimal;0;9
PlanAfiliado;Codigo;char;0;4
PlanCons;CodPais;char;0;3
PlanCons;Dealer;int;0;4
PlanCons;Codigo;char;0;6
PlanCons;Descripcion;char;0;60
PlanCons;ValorMes;decimal;0;9
PlanCons;TipoCliente;int;0;4
PlanCons;Activo;bit;0;1
PlanDscto;CodPais;char;0;3
PlanDscto;CodPlan;char;0;6
PlanDscto;Descripcion;char;0;60
PlanDscto;Tipo;char;0;10
PlanDscto;Tipo_Doc;char;0;15
PlanDscto;Activo;bit;0;1
PlanDscto;Vigencia_Desde;datetime;0;8
PlanDscto;Vigencia_Hasta;datetime;0;8
PlanDscto;Maximo_Compra;smallint;0;2
PlanDscto;Tienda;bit;0;1
PlanDscto;Movil;bit;0;1
PlanDscto;Affinity;bit;0;1
PlanDscto;Ruta;bit;0;1
Planilla;CodPais;char;0;3
Planilla;Dealer;int;0;4
Planilla;Planilla;smallint;0;2
Planilla;Fecha;datetime;0;8
Planilla;Descripcion;char;0;70
Planilla;Sueldos;decimal;0;9
Planilla;Nocturnidad;decimal;0;9
Planilla;ExtraDiurno;decimal;0;9
Planilla;ExtraNocturno;decimal;0;9
Planilla;ExtrasDomingo;decimal;0;9
Planilla;ExtrasDomingoNocturnas;decimal;0;9
Planilla;DiasDobles;decimal;0;9
Planilla;ExtrasTotales;decimal;0;9
Planilla;OtrosDevengos;decimal;0;9
Planilla;Devengado;decimal;0;9
Planilla;Isss;decimal;0;9
Planilla;Afp;decimal;0;9
Planilla;Renta;decimal;0;9
Planilla;OtrosDescuentos;decimal;0;9
Planilla;DescuentosTotales;decimal;0;9
Planilla;LiquidoRecibir;decimal;0;9
Planilla;Estatus;smallint;0;2
Planilla;Periodo;smallint;0;2
Planilla;TipoPlanilla;smallint;0;2
Planilla;MarcacionDesde;datetime;0;8
Planilla;MarcacionHasta;datetime;0;8
Planilla;ClasePlanilla;char;0;5
Planilla;RentaFijo;decimal;0;9
PlanillaInformal;CodPais;char;0;3
PlanillaInformal;Dealer;int;0;4
PlanillaInformal;Tda;char;0;7
PlanillaInformal;CompraNo;int;0;4
PlanillaInformal;FacturaNo;char;0;20
PlanillaInformal;Nombre;char;0;70
PlanillaInformal;NIT;char;0;14
PlanillaPaisAFP;CodigoPais;char;0;6
PlanillaPaisAFP;Nombre;char;0;40
PlanillaPaisAFP;Nacionalidad;char;0;40
PlantCartas;CodPais;char;0;3
PlantCartas;Dealer;int;0;4
PlantCartas;NoPlantilla;char;0;2
PlantCartas;Nombre;char;0;35
PlantCartas;A1;char;0;40
PlantCartas;A2;char;0;40
PlantCartas;A3;char;0;40
PlantCartas;A4;char;0;800
PlantCartas;A5;char;0;600
PlantCartas;A6;char;0;600
PlantCartas;A7;char;0;40
PlantCartas;A8;char;0;40
PlantCartas;A9;char;0;40
PlantCartas;A10;char;0;40
PlantCartas;A11;char;0;40
PlantCartas;A12;char;0;40
PlantCartas;A13;char;0;40
PlantCartas;A14;char;0;40
PlantCartas;A15;char;0;40
PlantCartas;A16;char;0;40
PlantCostoMaquinaria;CodPais;char;0;3
PlantCostoMaquinaria;Dealer;int;0;4
PlantCostoMaquinaria;PlantillaNo;int;0;4
PlantCostoMaquinaria;Maquinaria;varchar;0;10
PlantCostoMaquinaria;TiempoUso;decimal;1;9
PlantCostoMaquinaria;Proceso;char;1;4
PlantCostoMaquinaria;DepreciacionHora;decimal;1;9
PlantCostoMaquinaria;Codigo;char;0;20
PlantCostoMaquinariaBack;CodPais;char;0;3
PlantCostoMaquinariaBack;Dealer;int;0;4
PlantCostoMaquinariaBack;PlantillaNo;int;0;4
PlantCostoMaquinariaBack;Maquinaria;varchar;0;10
PlantCostoMaquinariaBack;TiempoUso;decimal;1;9
PlantCostoMaquinariaBack;Proceso;char;1;4
PlantCostoMaquinariaBack;DepreciacionHora;decimal;1;9
PlantCostoMaquinariaBack;Codigo;char;0;20
PlantCotRec;CodPais;char;0;3
PlantCotRec;Dealer;int;0;4
PlantCotRec;Numero;char;0;3
PlantCotRec;Descripcion;char;0;30
PlantCotRec;A1;char;0;40
PlantCotRec;A2;char;0;40
PlantCotRec;B1;char;0;40
PlantCotRec;B2;char;0;40
PlantCotRec;C1;char;0;40
PlantCotRec;D1;char;0;400
PlantCotRec;D2;char;0;40
PlantCotRec;E1;char;0;400
PlantCotRec;F1;bit;0;1
PlantCotRec;F11;char;0;20
PlantCotRec;F12;char;0;300
PlantCotRec;G1;bit;0;1
PlantCotRec;G11;char;0;20
PlantCotRec;G12;char;0;300
PlantCotRec;H1;bit;0;1
PlantCotRec;H11;char;0;20
PlantCotRec;H12;char;0;300
PlantCotRec;FormaPago;bit;0;1
PlantCotRec;TiempoEntrega;bit;0;1
PlantCotRec;ValidezOferta;bit;0;1
Plantilla;CodPais;char;0;3
Plantilla;Dealer;int;0;4
Plantilla;Numero;char;0;3
Plantilla;Nombre;char;0;30
Plantilla;F1;char;0;75
Plantilla;F2;char;0;75
Plantilla;F3;char;0;75
Plantilla;F4;char;0;75
Plantilla;F5;char;0;75
Plantilla;F6;char;0;125
PlantillaColor;CodPais;char;0;3
PlantillaColor;Dealer;int;0;4
PlantillaColor;No;int;0;4
PlantillaColor;Color1;smallint;0;2
PlantillaColor;Color2;smallint;0;2
PlantillaColor;Resaltado;smallint;0;2
PlantillaCosto;CodPais;char;0;3
PlantillaCosto;Dealer;int;0;4
PlantillaCosto;PlantillaNo;int;0;4
PlantillaCosto;FechaInicio;date;1;3
PlantillaCosto;UltimoMovimiento;date;1;3
PlantillaCosto;Codigo;char;1;20
PlantillaCosto;Cantidad;decimal;0;9
PlantillaCosto;CantidadTerminada;decimal;0;9
PlantillaCosto;Molde;varchar;1;10
PlantillaCosto;ColadaNo;int;1;4
PlantillaCosto;PiezaColada;int;1;4
PlantillaCosto;CicloColada;decimal;1;5
PlantillaCosto;MP1;decimal;0;9
PlantillaCosto;MP2;decimal;0;9
PlantillaCosto;MODP;decimal;0;9
PlantillaCosto;MateriaPrima;decimal;0;9
PlantillaCosto;ManoObra;decimal;0;9
PlantillaCosto;GastoIndirecto;decimal;0;9
PlantillaCosto;CostoTotal;decimal;0;9
PlantillaCosto;UltimoProceso;char;1;4
PlantillaCosto;Estatus;char;1;2
PlantillaCosto;Observaciones;varchar;1;500
PlantillaCosto;UserCreador;char;1;10
PlantillaCosto;UserModify;char;1;10
PlantillaCosto;Alto;decimal;1;5
PlantillaCosto;Profundo;decimal;1;5
PlantillaCosto;Ancho;decimal;1;5
PlantillaCosto;Volumen;decimal;1;5
PlantillaCosto;DepreciacionM3;decimal;1;9
PlantillaCosto;ProductoTerminado;bit;0;1
PlantillaCosto;ProductoEnsamblado;bit;0;1
PlantillaCosto;Tipo;char;0;2
PlantillaCosto;CodigoMezcla;char;0;20
PlantillaCostoBack;CodPais;char;0;3
PlantillaCostoBack;Dealer;int;0;4
PlantillaCostoBack;PlantillaNo;int;0;4
PlantillaCostoBack;FechaInicio;date;1;3
PlantillaCostoBack;UltimoMovimiento;date;1;3
PlantillaCostoBack;Codigo;char;1;20
PlantillaCostoBack;Cantidad;decimal;0;9
PlantillaCostoBack;CantidadTerminada;decimal;0;9
PlantillaCostoBack;Molde;varchar;1;10
PlantillaCostoBack;ColadaNo;int;1;4
PlantillaCostoBack;PiezaColada;int;1;4
PlantillaCostoBack;CicloColada;decimal;1;5
PlantillaCostoBack;MP1;decimal;0;9
PlantillaCostoBack;MP2;decimal;0;9
PlantillaCostoBack;MODP;decimal;0;9
PlantillaCostoBack;MateriaPrima;decimal;0;9
PlantillaCostoBack;ManoObra;decimal;0;9
PlantillaCostoBack;GastoIndirecto;decimal;0;9
PlantillaCostoBack;CostoTotal;decimal;0;9
PlantillaCostoBack;UltimoProceso;char;1;4
PlantillaCostoBack;Estatus;char;1;2
PlantillaCostoBack;Observaciones;varchar;1;500
PlantillaCostoBack;UserCreador;char;1;10
PlantillaCostoBack;UserModify;char;1;10
PlantillaCostoBack;Alto;decimal;1;5
PlantillaCostoBack;Profundo;decimal;1;5
PlantillaCostoBack;Ancho;decimal;1;5
PlantillaCostoBack;Volumen;decimal;1;5
PlantillaCostoBack;DepreciacionM3;decimal;1;9
PlantillaCostoBack;ProductoTerminado;bit;0;1
PlantillaCostoBack;ProductoEnsamblado;bit;0;1
PlantillaCostoBack;Tipo;char;0;2
PlantillaCostoBack;CodigoMezcla;char;0;20
PlantillaCotizacion;CodPais;char;0;3
PlantillaCotizacion;Dealer;int;0;4
PlantillaCotizacion;Tda;char;0;7
PlantillaCotizacion;No;char;0;3
PlantillaCotizacion;Descripcion;char;0;30
PlantillaCotizacion;Logo;bit;0;1
PlantillaCotizacion;A1;char;0;40
PlantillaCotizacion;A2;char;0;40
PlantillaCotizacion;B1;char;0;40
PlantillaCotizacion;B2;char;0;40
PlantillaCotizacion;C1;char;0;40
PlantillaCotizacion;D1;char;0;400
PlantillaCotizacion;D2;char;0;40
PlantillaCotizacion;E1;char;0;400
PlantillaCotizacion;F1;bit;0;1
PlantillaCotizacion;F11;char;0;20
PlantillaCotizacion;F12;char;0;300
PlantillaCotizacion;G1;bit;0;1
PlantillaCotizacion;G11;char;0;20
PlantillaCotizacion;G12;char;0;300
PlantillaCotizacion;H1;bit;0;1
PlantillaCotizacion;H11;char;0;20
PlantillaCotizacion;H12;char;0;300
PlantillaCotizacion;FormaPago;bit;0;1
PlantillaCotizacion;TiempoEntrega;bit;0;1
PlantillaCotizacion;ValidezOferta;bit;0;1
PlantillaOC;CodPais;char;0;3
PlantillaOC;Dealer;int;0;4
PlantillaOC;Numero;char;0;3
PlantillaOC;Descripcion;char;0;30
PlantillaOC;Logo;bit;0;1
PlantillaOC;A1;char;0;40
PlantillaOC;A2;char;0;40
PlantillaOC;B1;char;0;40
PlantillaOC;B2;char;0;40
PlantillaOC;C1;char;0;40
PlantillaOC;D1;char;0;400
PlantillaOC;D2;char;0;40
PlantillaOC;E1;char;0;400
PlantillaOC;F1;bit;0;1
PlantillaOC;F11;char;0;20
PlantillaOC;F12;char;0;300
PlantillaOC;G1;bit;0;1
PlantillaOC;G11;char;0;20
PlantillaOC;G12;char;0;300
PlantillaOC;H1;bit;0;1
PlantillaOC;H11;char;0;20
PlantillaOC;H12;char;0;300
PlantillaOC;FormaPago;bit;0;1
PlantillaOC;TiempoEntrega;bit;0;1
PlantillaOC;ValidezOferta;bit;0;1
PlantillaPartida;CodPais;char;0;3
PlantillaPartida;Dealer;int;0;4
PlantillaPartida;PlantillaNo;smallint;0;2
PlantillaPartida;Descripcion;varchar;0;50
PlantillasColor;CodPais;char;0;3
PlantillasColor;Dealer;smallint;0;2
PlantillasColor;No;int;0;4
PlantillasColor;Color1;smallint;0;2
PlantillasColor;Color2;smallint;0;2
PlantillasColor;Resaltado;smallint;0;2
PlantillaSol;CodPais;char;0;3
PlantillaSol;Dealer;int;0;4
PlantillaSol;Numero;char;0;3
PlantillaSol;Descripcion;char;0;30
PlantillaSol;Logo;bit;0;1
PlantillaSol;A1;char;0;40
PlantillaSol;A2;char;0;40
PlantillaSol;B1;char;0;40
PlantillaSol;B2;char;0;40
PlantillaSol;C1;char;0;40
PlantillaSol;D1;char;0;400
PlantillaSol;D2;char;0;40
PlantillaSol;E1;char;0;400
PlantillaSol;F1;bit;0;1
PlantillaSol;F11;char;0;20
PlantillaSol;F12;char;0;300
PlantillaSol;G1;bit;0;1
PlantillaSol;G11;char;0;20
PlantillaSol;G12;char;0;300
PlantillaSol;H1;bit;0;1
PlantillaSol;H11;char;0;20
PlantillaSol;H12;char;0;300
PlantillaSol;FormaPago;bit;0;1
PlantillaSol;TiempoEntrega;bit;0;1
PlantillaSol;ValidezOferta;bit;0;1
Plaza;CodPais;char;0;3
Plaza;Dealer;int;0;4
Plaza;Empleado;int;0;4
Plaza;Plaza;char;0;14
Plaza;CodigoPatrimonio;char;0;13
Plaza;PuestoFuncion;char;0;6
Plaza;CdCosto;char;0;6
Plaza;Dependencia;char;0;6
Plaza;Turno;char;0;10
Plaza;MarcacionRequerida;bit;0;1
Plaza;Autorizador;int;0;4
Plaza;Digitador;char;0;30
Plaza;ClasePersonal;char;0;3
Plaza;HorasContratadas;real;0;4
Plaza;Sueldo;float;0;8
Plaza;DerechoAlimentacion;bit;0;1
Plaza;DerechoTransporte;bit;0;1
Plaza;Clase;int;0;4
Plaza;Intervalo;int;0;4
Plaza;Unidad;smallint;0;2
Plaza;Linea;smallint;0;2
Plaza;TipoPlanilla;smallint;0;2
Plaza;TipoContratacion;char;0;2
Plaza;FormaContratacion;char;0;2
Plaza;DescuentoIsss;smallint;0;2
PorcionesRecetas;CodPais;char;0;3
PorcionesRecetas;Dealer;int;0;4
PorcionesRecetas;Tda;char;0;7
PorcionesRecetas;Fecha;datetime;0;8
PorcionesRecetas;Tiempo;char;0;15
PorcionesRecetas;Producto;char;0;20
PorcionesRecetas;Vendido;float;0;8
PorcionesRecetas;Sobrantes;float;0;8
PorcionesRecetas;Combos;float;0;8
PorcionesRecetas;Porciones;float;0;8
PorcionesRecetas;CostoUnitario;float;0;8
PrecioCliente;CodPais;char;0;3
PrecioCliente;Dealer;int;0;4
PrecioCliente;Tda;char;0;7
PrecioCliente;Codigo;char;0;20
PrecioCliente;ClienteNo;char;0;10
PrecioCliente;Precio1;decimal;0;9
PrecioCliente;Precio2;decimal;0;9
PrecioCliente;Precio3;decimal;0;9
PrecioCliente;Precio4;decimal;0;9
PrecioCliente;Precio5;decimal;0;9
PrecioContrato;CodPais;char;0;3
PrecioContrato;Dealer;int;0;4
PrecioContrato;ClienteNo;char;0;10
PrecioContrato;Codigo;char;0;20
PrecioContrato;Precio;decimal;0;9
PrecioContrato;Precio2;decimal;0;9
PrecioContrato;Precio3;decimal;0;9
PrecioContrato;Precio4;decimal;0;9
PrecioEspecial;CodPais;char;0;3
PrecioEspecial;Dealer;int;0;4
PrecioEspecial;Cliente;char;0;10
PrecioEspecial;Codigo;char;0;20
PrecioEspecial;Desde;int;0;4
PrecioEspecial;Hasta;int;0;4
PrecioEspecial;Precio;float;0;8
PrecioEspecialSub;CodPais;char;0;3
PrecioEspecialSub;Dealer;int;0;4
PrecioEspecialSub;Cliente;char;0;10
PrecioEspecialSub;Sublinea;char;0;3
PrecioEspecialSub;Desde;int;0;4
PrecioEspecialSub;Hasta;int;0;4
PrecioEspecialSub;Precio;float;0;8
PrecioPVSubLinea;CodPais;char;0;3
PrecioPVSubLinea;Dealer;smallint;0;2
PrecioPVSubLinea;Bodega;char;0;7
PrecioPVSubLinea;SubLinea;char;0;7
PrecioPVSubLinea;Codigo;char;0;20
PrecioPVSubLinea;Existencia;decimal;1;9
PrecioPVSubLinea;Cantidad;float;0;8
PrecioPVSubLinea;Usuario;char;0;10
Precios;CodPais;char;0;3
Precios;Dealer;int;0;4
Precios;Codigo;char;0;20
Precios;Desde;int;0;4
Precios;Hasta;int;0;4
Precios;Precio;float;0;8
Precios;UAct;char;0;14
PreciosdeCompra;CodPais;char;0;3
PreciosdeCompra;Dealer;smallint;0;2
PreciosdeCompra;FechaDesde;datetime;0;8
PreciosdeCompra;FechaHasta;datetime;0;8
PreciosdeCompra;Producto;char;0;10
PreciosdeCompra;Precio;numeric;0;9
PreciosdeCompra;Porcentaje;real;0;4
PreciosSubProductos;CodPais;char;0;3
PreciosSubProductos;Dealer;int;0;4
PreciosSubProductos;Fecha;datetime;0;8
PreciosSubProductos;Codigo;char;0;20
PreciosSubProductos;PrecioEstimado;decimal;0;9
PrecioTda;CodPais;char;0;3
PrecioTda;Dealer;int;0;4
PrecioTda;Tda;char;0;7
PrecioTda;Codigo;char;0;20
PrecioTda;TipoCliente;smallint;0;2
PrecioTda;Precio1;decimal;0;9
PrecioTda;Precio2;decimal;0;9
PrecioTda;Precio3;decimal;0;9
PrecioTda;Precio4;decimal;0;9
PrecioTda;Precio5;decimal;0;9
Preliquidacion;CodPais;char;0;3
Preliquidacion;Dealer;smallint;0;2
Preliquidacion;Tda;char;0;7
Preliquidacion;LiquidacionNo;int;0;4
Preliquidacion;DespachoEntrega;int;1;4
Preliquidacion;Fecha;datetime;1;8
Preliquidacion;Hora;char;1;6
Preliquidacion;Total;decimal;1;9
Preliquidacion;Liquidado;bit;1;1
Preliquidacion;HechoPor;char;1;10
Preliquidacion;Saldo;decimal;1;9
Preliquidacion;OrigenFacturas;char;1;1
Preliquidacion;DocEntregas;smallint;1;2
Preliquidacion;Vendedor;char;1;7
Preliquidacion;Transportista;smallint;1;2
Preliquidacion;NoDocs;smallint;1;2
PreparacionAcademica;CodPais;char;0;3
PreparacionAcademica;Dealer;int;0;4
PreparacionAcademica;Codigo;smallint;0;2
PreparacionAcademica;Nivel;smallint;0;2
PreparacionAcademica;DescripcionNivel;char;0;40
PreparacionAcademica;CentroEstudio;char;0;60
PreparacionAcademica;Desde;datetime;0;8
PreparacionAcademica;Hasta;datetime;0;8
PreparacionAcademica;TituloObtenido;char;0;50
PreparacionAcademica;Tema;char;0;175
PreparacionAcademica;Departamento;char;0;4
PreparacionRecetas;CodPais;char;0;3
PreparacionRecetas;Dealer;int;0;4
PreparacionRecetas;Tda;char;0;7
PreparacionRecetas;Fecha;datetime;0;8
PreparacionRecetas;Tiempo;char;0;15
PreparacionRecetas;Producto;char;0;20
PreparacionRecetas;Ingrediente;char;0;20
PreparacionRecetas;Cantidad;float;0;8
PreparacionRecetas;CostoUnitario;float;0;8
PreparacionRecetas;Sobrante;bit;0;1
PreparacionRecetas;FechaSob;datetime;0;8
PreparacionRecetas;TiempoSob;char;0;15
PrepaRecetas;CodPais;char;0;3
PrepaRecetas;Dealer;int;0;4
PrepaRecetas;Tda;char;0;7
PrepaRecetas;Fecha;datetime;0;8
PrepaRecetas;Tiempo;char;0;15
PrepaRecetas;Producto;char;0;20
PrepaRecetas;Cantidad;decimal;0;9
PrepPedido;CodPais;char;0;3
PrepPedido;Dealer;int;0;4
PrepPedido;Tda;char;0;7
PrepPedido;TipoPedido;char;0;2
PrepPedido;PedidoNo;int;0;4
PrepPedido;Bodega;char;0;7
PrepPedido;Codigo;char;0;20
PrepPedido;Cantidad;decimal;1;9
PrepPedido;UltimoMovimiento;datetime;1;8
PresGlo;CodPais;char;0;3
PresGlo;Dealer;int;0;4
PresGlo;Codigo;int;0;4
PresGlo;Fecha;datetime;0;8
PresGlo;Total;float;0;8
PresGlo;TotalItem;smallint;0;2
PresGlo;TotalPersona;smallint;0;2
PresMaterial;CodPais;char;0;3
PresMaterial;Dealer;smallint;0;2
PresMaterial;Orden;float;0;8
PresMaterial;Codigo;char;0;12
PresMaterial;Correlativo;smallint;0;2
PresMaterial;Componente;char;0;12
PresMaterial;Cantidad;float;0;8
PresMaterial;CostoUnitario;float;0;8
PresMaterial;ImporteComponente;float;0;8
Prestacion;CodPais;char;0;3
Prestacion;Dealer;int;0;4
Prestacion;Codigo;int;0;4
Prestacion;Descripcion;char;0;35
PrestASig;CodPais;char;0;3
PrestASig;Dealer;int;0;4
PrestASig;CodigioEmpleado;int;0;4
PrestASig;Codigo;int;0;4
PrestASig;Descripcion;char;0;35
PresuPer;CodPais;char;0;3
PresuPer;Dealer;int;0;4
PresuPer;Codigo;int;0;4
PresuPer;Fecha;datetime;0;8
PresuPer;Total;float;0;8
PresuPer;TotalItem;smallint;0;2
PresupMaterial;CodPais;char;0;3
PresupMaterial;Dealer;smallint;0;2
PresupMaterial;Codigo;char;0;20
PresupMaterial;Correlativo;smallint;0;2
PresupMaterial;Componente;char;0;20
PresupMaterial;Cantidad;float;0;8
PresupMaterial;CostoUnitario;float;0;8
PresupMaterial;ImporteComponente;float;0;8
PresupMaterial;Orden;float;0;8
PRESUPUESTO_PROYECTOS;Id;char;0;10
PRESUPUESTO_PROYECTOS;Id_proyecto;char;0;3
PRESUPUESTO_PROYECTOS;Id_rubro;char;0;2
PRESUPUESTO_PROYECTOS;Id_subrubro;char;0;2
PRESUPUESTO_PROYECTOS;Id_detalle;char;0;2
PRESUPUESTO_PROYECTOS;Detalle;char;0;100
PRESUPUESTO_PROYECTOS;Estatus_presupuesto;char;0;1
PRESUPUESTO_PROYECTOS;Monto_presupuestado;float;0;8
PRESUPUESTO_PROYECTOS;Monto_ejecutado;float;0;8
PRESUPUESTO_PROYECTOS;Cantidad_presupuestada;float;0;8
PRESUPUESTO_PROYECTOS;Cantidad_ejecutada;float;0;8
PresupuestoGlobal;CodPais;char;0;3
PresupuestoGlobal;Dealer;int;0;4
PresupuestoGlobal;Codigo;int;0;4
PresupuestoGlobal;Fecha;datetime;0;8
PresupuestoGlobal;Total;decimal;0;9
PresupuestoGlobal;TotalItems;smallint;0;2
PresupuestoGlobal;TotalPersonas;smallint;0;2
PresupuestoPersona;CodPais;char;0;3
PresupuestoPersona;Dealer;int;0;4
PresupuestoPersona;Codigo;int;0;4
PresupuestoPersona;Fecha;datetime;0;8
PresupuestoPersona;Total;decimal;0;9
PresupuestoPersona;TotalItems;smallint;0;2
PresupuestoProyecto;CodPais;char;0;3
PresupuestoProyecto;Dealer;int;0;4
PresupuestoProyecto;Tda;char;0;7
PresupuestoProyecto;Id;char;0;10
PresupuestoProyecto;IdProyecto;char;0;3
PresupuestoProyecto;IdRubro;char;0;2
PresupuestoProyecto;IdSubRubro;char;0;2
PresupuestoProyecto;IdDetalle;char;0;2
PresupuestoProyecto;Detalle;char;0;100
PresupuestoProyecto;Estatus;char;0;1
PresupuestoProyecto;Monto;decimal;0;9
PresupuestoProyecto;Ejecutado;char;0;8
PresupuestoProyecto;CantidadPresupuestada;decimal;0;9
PresupuestoProyecto;CantidadEjecutada;decimal;0;9
PresupuestoProyecto;Gastadodic15;decimal;1;9
Procedimiento;CodPais;char;0;3
Procedimiento;Codigo;int;0;4
Procedimiento;Descripcion;char;0;60
ProcesoProdTemp;CodPais;char;0;3
ProcesoProdTemp;Dealer;int;0;4
ProcesoProdTemp;Operador;char;0;10
ProcesoProdTemp;Proceso;char;0;4
ProcesoProdTemp;Usuario;varchar;0;20
ProcesoProductivo;CodPais;char;0;3
ProcesoProductivo;Dealer;int;0;4
ProcesoProductivo;Codigo;char;0;4
ProcesoProductivo;Descripcion;char;0;30
ProcesoProductivo;RealizadoPor;int;0;4
ProcesoProductivo;TiempoEstimado;char;0;6
ProcesoProductivo;Maquina;varchar;0;10
ProdCostoCeroSAL17;Codigo;nvarchar;1;510
ProdCostoCeroSAL17;Descripcion;nvarchar;1;510
ProdCostoCeroSAL17;PrecioCIVA;float;1;8
ProdCostoCeroSAL17;CostoUnitario;float;1;8
ProdCostoCeroSAL17;ExistBod001;float;1;8
ProdCostoCeroSAL17;ExistBod002;float;1;8
ProdCostoCeroSAL17;PreciSIVA;float;1;8
ProdCostoCeroSAL17;Costo;float;1;8
ProdMotivoAlmacenadora;CodPais;char;0;3
ProdMotivoAlmacenadora;Dealer;int;0;4
ProdMotivoAlmacenadora;Producto;char;0;12
ProdMotivoAlmacenadora;Tipo;char;0;1
ProdMotivoAlmacenadora;MotivoM2;char;0;2
ProdMotivoBuque;Cod;char;0;3
ProdMotivoBuque;Dealer;int;0;4
ProdMotivoBuque;Producto;char;0;12
ProdMotivoBuque;Tipo;char;0;1
ProdMotivoBuque;MotivoM1;char;0;2
Produccion;CodPais;char;0;3
Produccion;Dealer;int;0;4
Produccion;Tda;char;0;7
Produccion;OrdenNo;int;0;4
Produccion;Fecha;date;0;3
Produccion;ClienteNo;char;0;10
Produccion;PedidoNombre;varchar;0;150
Produccion;Cantidad;int;0;4
Produccion;Estatus;char;0;2
Produccion;PedidoNo;int;0;4
Produccion;FechaEntrega;date;0;3
Produccion;Comentario;varchar;0;250
Produccion;FechaNatural;datetime;0;8
Produccion;UserCreador;varchar;0;20
Produccion;UserModify;varchar;0;20
ProduccionAv;CodPais;char;0;3
ProduccionAv;Dealer;smallint;0;2
ProduccionAv;Serie;char;0;20
ProduccionAv;OrdenNo;int;0;4
ProduccionAv;Linea;int;0;4
ProduccionAv;TipoOrden;char;0;2
ProduccionAv;Granja;int;0;4
ProduccionAv;Galera;int;0;4
ProduccionAv;Codigo;int;0;4
ProduccionAv;Manada;char;0;20
ProduccionAv;Lote;char;0;20
ProduccionAv;FechaIngreso;date;0;3
ProduccionAv;FechaTraslado;date;0;3
ProduccionAv;CantidadInicial;decimal;0;5
ProduccionAv;Estatus;char;0;3
ProduccionAvTemp;CodPais;char;0;3
ProduccionAvTemp;Dealer;int;0;4
ProduccionAvTemp;Serie;char;0;20
ProduccionAvTemp;OrdenNo;int;0;4
ProduccionAvTemp;Linea;int;0;4
ProduccionAvTemp;TipoOrden;char;0;2
ProduccionAvTemp;Granja;int;0;4
ProduccionAvTemp;Galera;int;0;4
ProduccionAvTemp;Codigo;int;0;4
ProduccionAvTemp;Manada;char;0;20
ProduccionAvTemp;Lote;char;0;20
ProduccionAvTemp;LineaNo;int;0;4
ProduccionAvTemp;Fecha;date;0;3
ProduccionAvTemp;CantInicial;int;0;4
ProduccionAvTemp;CantMuertas;int;0;4
ProduccionAvTemp;CantDescarte;int;0;4
ProduccionAvTemp;CantVendidas;int;0;4
ProduccionAvTemp;CantOtras;int;0;4
ProduccionAvTemp;Jumbo;int;0;4
ProduccionAvTemp;Grande;int;0;4
ProduccionAvTemp;Mediano;int;0;4
ProduccionAvTemp;Pequeno;int;0;4
ProduccionAvTemp;Chico;int;0;4
ProduccionAvTemp;Extrachico;int;0;4
ProduccionAvTemp;Piwi;int;0;4
ProduccionAvTemp;Yema;int;0;4
ProduccionAvTemp;Roto;int;0;4
ProduccionAvTemp;Sucio;int;0;4
ProduccionAvTemp;Observaciones;char;0;250
ProduccionAvTemp;Liquidado;bit;0;1
ProduccionAvTemp;Aplicado;bit;0;1
ProduccionAvTemp;Usuario;char;0;20
ProgMarca;CodPais;char;0;3
ProgMarca;Dealer;int;0;4
ProgMarca;Fecha;datetime;0;8
ProgMarca;Empleado;int;0;4
ProgMarca;Plaza;char;0;14
ProgMarca;Turno;char;0;10
ProgMarca;CdCosto;char;0;6
ProgMarca;Entrada;char;0;6
ProgMarca;SalidaComida;char;0;6
ProgMarca;EntradaComida;char;0;6
ProgMarca;Salida;char;0;6
ProgMarca;Tipo;char;0;2
Programa;Codigo;char;0;1
Programa;Nombre;varchar;1;75
Programa;Descripcion;varchar;1;100
Programa;Precio;float;1;8
Programa;Descuento;int;1;4
Programacion;CodPais;char;0;3
Programacion;Dealer;int;0;4
Programacion;Tda;char;0;7
Programacion;FechaProgramacion;datetime;0;8
Programacion;BcoDefecto;char;0;15
Promocion;CodPais;char;0;3
Promocion;Dealer;int;0;4
Promocion;Empleado;int;0;4
Promocion;FechaPromocion;datetime;0;8
Promocion;Cargo;char;0;6
Promocion;Sueldo;float;0;8
Promocion;Autorizado;char;0;10
Promocion;Fecha;datetime;0;8
Propuesta;CodPais;char;0;3
Propuesta;Dealer;smallint;0;2
Propuesta;Tda;char;0;7
Propuesta;ID;int;0;4
Propuesta;Prospecto;int;0;4
Prospecto;CodPais;char;0;3
Prospecto;Dealer;smallint;0;2
Prospecto;ProspectoNo;char;0;10
Prospecto;Empresa;char;0;150
Prospecto;Sucursal;char;0;50
Prospecto;Gerente;char;0;100
Prospecto;Financiero;char;0;100
Prospecto;Encargado;char;0;100
Prospecto;Direccion;char;0;125
Prospecto;Direccion_Instalacion;char;0;125
Prospecto;Registro;char;0;10
Prospecto;Giro;char;0;100
Prospecto;NIT;char;0;25
Prospecto;Departamento;smallint;0;2
Prospecto;Municipio;smallint;0;2
Prospecto;Colonia;int;0;4
Prospecto;Sector;smallint;0;2
Prospecto;Categoría;smallint;0;2
Prospecto;Estatus;smallint;0;2
Prospecto;Vendedor;char;0;7
Prospecto;Tipo_Negocio;smallint;0;2
Prospecto;Telefono;char;0;11
Prospecto;Email;varchar;0;255
Prospecto;Interes;char;0;10
Prospecto;Sistema;bit;0;1
Prospecto;TiempoUso;smallint;0;2
Prospecto;Valuacion;char;0;10
Prospecto;ClienteNo;char;0;10
Prospecto;DUI;char;0;20
Proveedor;CodPais;char;0;3
Proveedor;Dealer;int;0;4
Proveedor;Codigo;char;0;14
Proveedor;Nombre;char;0;100
Proveedor;Direccion;char;0;250
Proveedor;NRC;char;0;14
Proveedor;Giro;char;0;256
Proveedor;Ciudad;char;0;25
Proveedor;Telefono1;char;0;20
Proveedor;Telefono2;char;0;20
Proveedor;Fax;char;0;20
Proveedor;SaldoInicial;decimal;0;9
Proveedor;Cargo;decimal;0;9
Proveedor;Abono;decimal;0;9
Proveedor;SaldoActual;decimal;0;9
Proveedor;UltimoPago;datetime;0;8
Proveedor;ProximoPago;datetime;0;8
Proveedor;CodigoContable;char;0;15
Proveedor;ValorProximoPago;decimal;0;9
Proveedor;UltimoPedidoPagado;int;0;4
Proveedor;Vendedor;char;0;40
Proveedor;Dia;smallint;0;2
Proveedor;Pais;char;0;30
Proveedor;NIT;char;0;14
Proveedor;SujetoRetencion;bit;0;1
Proveedor;Contacto;char;0;100
Proveedor;PagoDeposito;bit;0;1
Proveedor;Email;char;0;150
Proveedor;Origen;char;0;1
Proveedor;Percibe;bit;0;1
Proveedor;PorcRetRenta;decimal;1;9
Proveedor;NombreComercial;char;1;100
Proveedor;NombreBanco;char;1;60
Proveedor;CuentaBanco;char;1;20
Proveedor;ContactoPral;char;1;100
Proveedor;TelefonoContacto;char;1;20
Proveedor;Centroamérica;bit;1;1
Proveedor;UserCreador;char;1;20
Proveedor;UserModify;char;1;20
Proveedor;Retiene_5pc;bit;1;1
Proveedor;Estatus;bit;1;1
Proveedor;Tipo;char;1;1
Proveedor;DescPP;float;1;8
Proveedor;DescVol;float;1;8
Proveedor;TasaIVA;float;0;8
Proveedor;Clase;char;0;1
Proveedor;RetencionNo;smallint;0;2
Proveedor;ISR;bit;0;1
Proveedor;ActividadEconomica;int;0;4
Proveedor;CodDepartamento;int;0;4
Proveedor;CodMunicipio;int;0;4
Proveedor;PorcRetIVA;decimal;0;9
Proveedor2;CodPais;char;0;3
Proveedor2;Dealer;int;0;4
Proveedor2;Proveedor;char;0;14
Proveedor2;Cedula;char;0;15
Proveedor2;Beneficiario;char;0;75
Proveedor2;Cuenta1;char;0;5
Proveedor2;NoCTa1;char;0;20
Proveedor2;Nombre1;char;0;75
Proveedor2;Cuenta2;char;0;5
Proveedor2;NoCTa2;char;0;20
Proveedor2;Nombre2;char;0;75
Proveedor2;Cuenta3;char;0;5
Proveedor2;NoCTa3;char;0;20
Proveedor2;Nombre3;char;0;75
Proveedor2;Cuenta4;char;0;5
Proveedor2;NoCTa4;char;0;20
Proveedor2;Nombre4;char;0;75
Proveedor2;Cuenta5;char;0;5
Proveedor2;NoCTa5;char;0;20
Proveedor2;Nombre5;char;0;75
Proveedor2;Imagen1;varchar;0;250
Proveedor2;Imagen2;varchar;0;250
Proveedor2;Imagen3;varchar;0;250
Proveedor2;Imagen4;varchar;0;250
Proveedor2;Imagen5;varchar;0;250
Proveedor2;PedidosTransito;char;0;15
ProveedoresCajaChica;CodPais;char;0;3
ProveedoresCajaChica;Dealer;int;0;4
ProveedoresCajaChica;Codigo;char;0;10
ProveedoresCajaChica;Nombre;char;0;60
ProveedoresCajaChica;Direccion;char;0;60
ProveedoresCajaChica;NoRegistroIVA;char;0;8
ProveedoresCajaChica;Giro;char;0;50
ProveedoresCajaChica;Ciudad;char;0;25
ProveedoresCajaChica;Telefono1;char;0;7
ProveedoresCajaChica;Telefono2;char;0;7
ProveedoresCajaChica;Fax;int;0;4
ProveedoresCajaChica;SaldoInicial;decimal;0;9
ProveedoresCajaChica;Cargos;decimal;0;9
ProveedoresCajaChica;Abonos;decimal;0;9
ProveedoresCajaChica;SaldoActual;decimal;0;9
ProveedoresCajaChica;FechaUltimoPago;datetime;0;8
ProveedoresCajaChica;FechaProximoPago;datetime;0;8
ProveedoresCajaChica;CodigoContable;char;0;15
ProveedoresCajaChica;Valor;decimal;0;9
ProveedoresCajaChica;UltimoPedidoPagado;int;0;4
ProveedoresCajaChica;Vendedor;char;0;20
ProveedoresCajaChica;Dias;smallint;0;2
ProveedoresCajaChica;Pais;char;0;30
ProveedoresCajaChica;NIT;char;0;14
ProveedoresCajaChica;RetenerAntIVA;bit;0;1
ProveedoresCajaChica;CodigoAnterior;char;0;10
ProveedoresCajaChica;CodigoAlpha;char;0;10
ProveedoresCajaChica;CodigoNumerico;decimal;0;9
ProveedorRelacionado;CodPais;char;0;3
ProveedorRelacionado;Dealer;int;0;4
ProveedorRelacionado;NRC;char;0;8
ProvisionContrato;CodPais;char;0;3
ProvisionContrato;Dealer;int;0;4
ProvisionContrato;Tda;char;0;7
ProvisionContrato;ContratoNo;int;0;4
ProvisionContrato;Cuota;smallint;0;2
ProvisionContrato;Desde;datetime;0;8
ProvisionContrato;Hasta;datetime;0;8
ProvisionContrato;Descripcion;char;0;75
ProvisionContrato;Facturada;bit;0;1
ProvisionContrato;FechaFact;datetime;0;8
ProvisionContrato;HoraFact;char;0;8
ProvisionContrato;Impresa;bit;0;1
ProvisionContrato;FechaImp;datetime;0;8
ProvisionContrato;HoraImp;char;0;8
ProvisionContrato;Quedan;bit;0;1
ProvisionContrato;FechaQuedan;datetime;0;8
ProvisionContrato;Serie;char;0;20
ProvisionContrato;TipoDoc;char;0;2
ProvisionContrato;DocNo;int;0;4
ProvisionContrato;ProvisionNo;int;0;4
ProvisionGerencia;CodPais;char;0;3
ProvisionGerencia;Dealer;int;0;4
ProvisionGerencia;Proveedor;char;0;10
ProvisionGerencia;CtaGasto;char;0;15
ProvisionGerencia;FechaVencimiento;datetime;0;8
ProvisionGerencia;Descripcion;char;0;100
ProvisionGerencia;Valor;decimal;0;9
ProvisionGerencia;Vigente;bit;0;1
ProvisionGerencia;Usuario;char;0;15
ProyeccionCxC;CodPais;char;0;3
ProyeccionCxC;Dealer;smallint;0;2
ProyeccionCxC;Vendedor;char;0;7
ProyeccionCxC;ClienteNo;char;0;10
ProyeccionCxC;TipoDoc;char;0;2
ProyeccionCxC;DocNo;int;0;4
ProyeccionCxC;Serie;char;0;10
ProyeccionCxC;DiasMora;int;0;4
ProyeccionCxC;Saldo;decimal;0;9
ProyeccionCxC;Cobro;decimal;0;9
ProyeccionCxC;Aplica;bit;0;1
ProyeccionCxC;UserCreador;char;0;20
ProyeccionCxC;FechaHoraCreacion;datetime;0;8
ProyeccionCxC;Mes;char;0;5
ProyeccionCxC;SemanaMes;int;0;4
ProyeccionCxC;SemanaAnio;int;0;4
ProyeccionCxC;FechaEmision;datetime;0;8
ProyeccionCxC;FechaVencimiento;datetime;0;8
Proyecto;CodPais;char;0;3
Proyecto;Dealer;int;0;4
Proyecto;Id;char;0;3
Proyecto;NombreProyecto;char;0;100
Proyecto;Activo;bit;1;1
Proyectos;CodPais;char;0;3
Proyectos;Dealer;int;0;4
Proyectos;Id;char;0;3
Proyectos;NombreProyecto;char;0;100
Proyectos;CuentaContable;char;0;15
PruebaLCD;GrupoCliente;int;0;4
PruebaLCD;Codigo;char;0;20
PruebaLCD;Descripcion;varchar;0;150
PruebaLCD;Area;char;0;10
PruebaLCD;TipoResultado;char;0;1
PuntosPremio;CodPais;char;0;3
PuntosPremio;Dealer;int;0;4
PuntosPremio;Codigo;char;0;20
PuntosPremio;Puntos;decimal;0;9
pv_cola_GUA20;CodPais;char;0;3
pv_cola_GUA20;Dealer;int;0;4
pv_cola_GUA20;Tda;char;0;7
pv_cola_GUA20;Bodega;char;0;7
pv_cola_GUA20;Codigo;char;0;20
pv_cola_GUA20;Cantidad;float;0;8
pv_cola_GUA20;PrecioUnitario;float;0;8
pv_cola_GUA20;Importe;float;0;8
pv_cola_GUA20;Gravado;char;0;1
pv_cola_GUA20;SIM;char;0;20
pv_cola_GUA20;IMEI;char;0;15
pv_cola_GUA20;TelNo;char;0;11
pv_cola_GUA20;Serie;char;0;25
pv_cola_GUA20;Kit;bit;0;1
pv_cola_GUA20;NoCola;int;0;4
pv_cola_GUA20;Corr;int;0;4
pv_cola_GUA20;Terminal;int;0;4
pv_cola_GUA20;Usuario;char;0;20
pv_cola_GUA20;FechaNatural;datetime;0;8
pv_cola_GUA20;PorDesc;decimal;0;5
pv2;tabla;sysname;0;256
pv2;columna;nvarchar;1;256
pv2;Tipo;sysname;0;256
pv2;Longitud;int;1;4
pv2;collation;sysname;1;256
PVta;PedidoNo;int;0;4
PVta;TipoPedido;char;0;2
PVta;ClienteNo;char;0;10
PVta;Fecha;datetime;0;8
PVta;FechaEntrega;datetime;0;8
PVta;Usuario;char;0;10
PVta;Comentario;char;0;200
PVta;UAct;char;0;14
PVta;id;int;0;4
QuedanCxc;CodPais;char;0;3
QuedanCxc;Dealer;int;0;4
QuedanCxc;Tda;char;0;7
QuedanCxc;Cliente;char;0;12
QuedanCxc;Serie;char;0;6
QuedanCxc;Tipo_doc;char;0;2
QuedanCxc;Doc_No;int;0;4
QuedanCxc;NoQuedan;int;0;4
QuedanCxc;Valor;decimal;0;9
QuedanCxc;Emision;datetime;0;8
QuedanCxc;FechaProg;datetime;0;8
QuedanCxc;SDA;smallint;0;2
QuedanCxc;DDS;smallint;0;2
QuedanCxc;Año;smallint;0;2
QuedanCxc;Estatus;char;0;2
QuedanCxc;Saldo;decimal;0;9
QuedanCxc;Quincena;smallint;0;2
QuedanCxP;CodPais;char;0;3
QuedanCxP;Dealer;int;0;4
QuedanCxP;Tda;char;0;7
QuedanCxP;QuedanNo;int;0;4
QuedanCxP;Emision;datetime;0;8
QuedanCxP;Proveedor;char;0;10
QuedanCxP;FechaPago;datetime;0;8
QuedanCxP;Total;decimal;0;9
QuedanCxP;FechaNatural;datetime;0;8
QuedanCxP;UserCreador;char;0;8
QuedanCxP;UserModify;char;0;8
QuedanCxP;UltimaLinea;smallint;0;2
QuedanCxP;Saldo;decimal;0;9
QuedanCxP;PagarTodos;bit;0;1
Razon;CodPais;char;0;3
Razon;Dealer;int;0;4
Razon;Razon;char;0;25
Razon;Posicion;smallint;0;2
RecargoTarjeta;CodPais;char;0;3
RecargoTarjeta;Dealer;int;0;4
RecargoTarjeta;No;int;0;4
RecargoTarjeta;CodTarjeta;char;1;6
RecargoTarjeta;NoCuotas;int;1;4
RecargoTarjeta;Descripcion;char;1;40
RecargoTarjeta;ValorFijo;decimal;0;5
RecargoTarjeta;Formula;decimal;0;5
RecargoTarjeta;Porcentaje;decimal;0;5
RecargoTarjeta;Codigo;char;1;20
RecargoTarjeta;Monto;decimal;0;9
RECDATA;CodPais;char;0;3
RECDATA;Dealer;int;0;4
RECDATA;Correlativo;int;0;4
RECDATA;CuentaBancaria;char;0;15
RECDATA;RemesaNo;char;0;15
RECDATA;Fecha;datetime;0;8
RECDATA;Efectivo;decimal;0;9
RECDATA;Propio;decimal;0;9
RECDATA;OtroBanco;decimal;0;9
RECDATA;Total;decimal;0;9
RECDATA;Disponible;decimal;0;9
RECDATA;Compensacion;decimal;0;9
RECDATA;Rubro;smallint;0;2
RECDATA;Concepto;char;0;100
RECDATA;Disponibilidad;bit;0;1
RECDATA;Partida;char;0;5
RECDATA;Cargo;decimal;0;9
RECDATA;Abono;decimal;0;9
RECDATA;Balance;decimal;0;9
RECDATA;Linea;int;0;4
RECDATA;FechaCorte;datetime;0;8
RECDATA;Cajero;char;1;12
RECDATA;Fecha_Otras_Remesas;datetime;1;8
RECDATA;FechaRegistro;datetime;1;8
RECDATA;FechaDireccionamiento;datetime;1;8
RECDATA;UsrRegistro;nchar;1;20
RECDATA;UsrDirecciono;nchar;1;20
Receta;CodPais;char;0;3
Receta;Dealer;int;0;4
Receta;Codigo;char;0;20
Receta;Descripcion;nvarchar;0;1000
Receta;Rinde;float;0;8
Receta;Imagen;nvarchar;1;1000
RecetaEmpleado;CodPais;char;0;3
RecetaEmpleado;Dealer;int;0;4
RecetaEmpleado;FechaConsulta;datetime;0;8
RecetaEmpleado;Empleado;int;0;4
RecetaEmpleado;Doctor;smallint;0;2
RecetaEmpleado;NombreMedicamento;char;0;35
RecetaEmpleado;Cantidad;smallint;0;2
RecetaEmpleado;PrecioUnitario;float;0;8
RecetaEmpleado;Importe;float;0;8
RechazoPedido;CodPais;char;0;3
RechazoPedido;Dealer;int;0;4
RechazoPedido;Tda;char;0;7
RechazoPedido;PedidoNo;int;0;4
RechazoPedido;Fecha;datetime;0;8
RechazoPedido;Hora;char;0;6
RechazoPedido;Motivo;char;0;15
RechazoPedido;Comentario;char;0;40
RechazoPedido;Usuario;char;0;10
RechazoPedido;AvaladoVendedor;bit;0;1
RechazoPedido;UsuarioAval;char;0;10
RechazoPedido;FechaAval;datetime;0;8
RechazoPedido;HoraAval;char;0;6
RecibirCompra;CodPais;char;0;3
RecibirCompra;Dealer;int;0;4
RecibirCompra;Tda;char;0;7
RecibirCompra;CompraNo;int;0;4
RecibirCompra;LineaNo;int;0;4
RecibirCompra;TdaIngreso;char;1;7
RecibirCompra;Codigo;char;1;20
RecibirCompra;TipoUnidad;char;1;2
RecibirCompra;Cantidad;decimal;1;5
RecibirCompra;DeBodega;char;1;7
RecibirCompra;ParaBodega;char;1;7
RecibirCompra;CantidadIngresada;decimal;1;5
RecibirCompra;Aplicado;bit;0;1
RecibirCompra;Fecha;date;0;3
RecibirCompra;Hora;time;0;5
RecibirCompra;PrecioUnidad;decimal;0;9
Recibo;CodPais;char;0;3
Recibo;Dealer;int;0;4
Recibo;Tda;char;0;7
Recibo;Serie;char;0;20
Recibo;Recibo;int;0;4
Recibo;ClienteNo;char;1;10
Recibo;Bodega;char;1;7
Recibo;Cajero;char;1;7
Recibo;Fecha;date;1;3
Recibo;UltimaLinea;smallint;0;2
Recibo;Gravadas;decimal;0;9
Recibo;Exentas;decimal;0;9
Recibo;NoSujetas;decimal;0;9
Recibo;Descuento;decimal;0;9
Recibo;PorcDescto;decimal;0;5
Recibo;DescuentoGlobal;decimal;0;9
Recibo;Subtotal;decimal;0;9
Recibo;IVA;decimal;0;9
Recibo;Retencion;decimal;0;9
Recibo;Percepcion;decimal;0;9
Recibo;RetencionRenta;decimal;0;9
Recibo;NoGravado;decimal;0;9
Recibo;Total;decimal;0;9
Recibo;Saldo;decimal;0;9
Recibo;Nombre;varchar;0;200
Recibo;OrdenNo;varchar;0;20
Recibo;TasaIVA;int;0;4
Recibo;Usuario;char;1;20
Recibo;FechaNatural;datetime;0;8
Recibo;Anulado;bit;0;1
Recibo;FechaAnulado;datetime;0;8
Recibo;MotivoAnulacion;varchar;0;150
ReciboCafe;CodPais;char;0;3
ReciboCafe;Dealer;smallint;0;2
ReciboCafe;idCosecha;int;0;4
ReciboCafe;idReciboCafe;int;0;4
ReciboCafe;Transaccion;smallint;0;2
ReciboCafe;Fecha;date;0;3
ReciboCafe;Placa;char;0;20
ReciboCafe;Chofer;char;0;50
ReciboCafe;Producto;int;0;4
ReciboCafe;Proveedor;char;0;14
ReciboCafe;Condicion;int;0;4
ReciboCafe;Ubicacion;int;0;4
ReciboCafe;Observacion;char;0;250
ReciboCafe;IdContratoCafe;int;0;4
ReciboCafe;Bruto;float;0;8
ReciboCafe;Tara;float;0;8
ReciboCafe;Lata;float;0;8
ReciboCafe;Neto;float;0;8
ReciboCafe;PesoSaco;float;0;8
ReciboCafe;Colilla;int;0;4
ReciboCafe;OrdenProd;int;0;4
ReciboCafe;Calidad;char;0;10
ReciboCafe;Rendimiento;real;0;4
ReciboCafe;Bodega;char;0;7
ReciboCafe;Estiba;char;0;7
ReciboCafe;Lote;char;0;15
ReciboCafe;Sector;char;0;7
ReciboCafe;Partida;char;0;15
ReciboCafe;Usuario;char;0;10
ReciboCafe;Creado;datetime;0;8
ReciboCafe;ReciboOrigen;int;0;4
ReciboCafe;Liquidado;bit;0;1
RecintoFiscal;CodPais;char;0;3
RecintoFiscal;Codigo;char;0;2
RecintoFiscal;Descripcion;varchar;1;50
RecordEmpleado;CodPais;char;0;3
RecordEmpleado;Dealer;int;0;4
RecordEmpleado;Empleado;int;0;4
RecordEmpleado;Fecha;datetime;0;8
RecordEmpleado;Tipo;char;0;10
RecordEmpleado;SancionNo;smallint;0;2
RecordEmpleado;Observaciones;char;0;300
RecordEmpleado;Vigente;bit;0;1
RecordEmpleado;Autorizada;int;0;4
RecordEmpleado;Digitada;char;0;30
RecordEmpleado;MotivoRecord;char;0;30
ReferenciaPersonal;CodPais;char;0;3
ReferenciaPersonal;Dealer;int;0;4
ReferenciaPersonal;SolicitudNo;int;0;4
ReferenciaPersonal;Nombre;char;0;35
ReferenciaPersonal;Telefono;char;0;8
ReferenciaPersonal;DireccionResidencia;char;0;40
ReferenciaPersonal;LugarTrabajo;char;0;35
ReferenciaPersonal;cargo;char;0;30
ReferenciaPersonal;Comentario;char;0;150
ReferenciasBanco;CodPais;char;0;3
ReferenciasBanco;Dealer;int;0;4
ReferenciasBanco;SolicitudNo;int;0;4
ReferenciasBanco;Corr;int;0;4
ReferenciasBanco;Institucion;char;0;75
ReferenciasBanco;Tipo;char;0;3
ReferenciasBanco;Monto;float;0;8
ReferenciasBanco;Saldo;float;0;8
ReferenciasBanco;Cuota;float;0;8
ReferenciasBanco;Vencimiento;datetime;0;8
ReferenciasComercio;CodPais;char;0;3
ReferenciasComercio;Dealer;int;0;4
ReferenciasComercio;SolicitudNo;int;0;4
ReferenciasComercio;Corr;int;0;4
ReferenciasComercio;Empresa;char;0;75
ReferenciasComercio;Telefono;char;0;11
ReferenciasComercio;Monto;float;0;8
ReferenciasComercio;Antiguedad;datetime;0;8
ReferenciasComercio;Plazo;smallint;0;2
ReferenciasComercio;Vencimiento;datetime;0;8
Regalia;CodPais;char;0;3
Regalia;Dealer;int;0;4
Regalia;No;int;0;4
Regalia;Descripcion;char;1;50
Regalia;Tipo;char;0;1
Regalia;Meta;decimal;0;9
Regalia;Recursivo;bit;0;1
Regalia;Activo;bit;0;1
RegBascula;CodPais;char;0;3
RegBascula;Dealer;int;0;4
RegBascula;Tda;char;0;7
RegBascula;Fecha;datetime;0;8
RegBascula;Hora;char;0;6
RegBascula;Correlativo_pesa;float;0;8
RegBascula;Tipo_operacion;char;0;1
RegBascula;Tipo_documento_terceros;char;0;1
RegBascula;Documento_terceros;char;0;10
RegBascula;Placa;char;0;8
RegBascula;Codigo_motorista;smallint;0;2
RegBascula;Nombre_motorista;char;0;50
RegBascula;Peso_Inicial;float;0;8
RegBascula;Hora_PI;char;0;6
RegBascula;Peso_Final;float;0;8
RegBascula;Hora_PF;char;0;6
RegBascula;Tipo_documento;char;0;2
RegBascula;Documento_interno;int;0;4
RegBascula;Serie_documento;char;0;6
RegBascula;Peso_declarado;float;0;8
RegBascula;Peso_tarimas;float;0;8
RegBascula;Peso_neto;float;0;8
RegBascula;Producto;char;0;12
RegBascula;Descripcion;char;0;40
RegBascula;Observaciones;char;0;100
RegBascula;Usuario;char;0;10
RegDatos;CodPais;char;0;3
RegDatos;Dealer;int;0;4
RegDatos;Tienda;char;0;7
RegDatos;Serie;char;0;6
RegDatos;TipoDoc;char;0;2
RegDatos;DocNo;int;0;4
RegDatos;SrSraSrita;char;1;5
RegDatos;PrimerNombre;char;1;50
RegDatos;SegundoNombre;char;1;50
RegDatos;PrimerApellido;char;1;50
RegDatos;SegundoApellido;char;1;50
RegDatos;FechaNacimiento;datetime;1;8
RegDatos;TelContacto;char;1;8
RegDatos;Direccion;char;1;200
RegDatos;Municipio;char;1;50
RegDatos;Departamento;char;1;50
RegDatos;TipoId;char;1;10
RegDatos;OtrosId;char;1;15
RegDatos;IDNo;char;1;20
RegimenesPago;CodPais;char;0;3
RegimenesPago;Dealer;int;0;4
RegimenesPago;Codigo;smallint;0;2
RegimenesPago;Descripcion;char;0;25
RegimenesPago;Beca;bit;0;1
RegimenExp;CodPais;char;0;3
RegimenExp;Codigo;char;0;20
RegimenExp;Descripcion;char;1;200
Registro;Usuario;char;0;20
Registro;Tipo;char;0;2
Registro;Fecha;datetime;0;8
Registro;Hora;char;0;6
Registro;Registro;char;1;25
Registro;IP;char;0;15
Registro;ID;int;0;4
RegistroBascula;CodPais;char;0;3
RegistroBascula;Dealer;int;0;4
RegistroBascula;Tda;char;0;7
RegistroBascula;Fecha;datetime;0;8
RegistroBascula;Hora;char;0;6
RegistroBascula;CorrPesa;float;0;8
RegistroBascula;TipoOperacion;char;0;1
RegistroBascula;TipoDocTercero;char;0;1
RegistroBascula;DocTercero;char;0;10
RegistroBascula;Placa;char;0;8
RegistroBascula;CodMotorista;smallint;0;2
RegistroBascula;NombreMotorista;char;0;50
RegistroBascula;PesoInicial;float;0;8
RegistroBascula;HoraPI;char;0;6
RegistroBascula;PesoFinal;float;0;8
RegistroBascula;HoraPF;char;0;6
RegistroBascula;TipoDoc;char;0;2
RegistroBascula;DocInterno;int;0;4
RegistroBascula;SerieDoc;char;0;6
RegistroBascula;PesoDeclarado;float;0;8
RegistroBascula;PesoTarima;float;0;8
RegistroBascula;PesoNeto;float;0;8
RegistroBascula;Producto;char;0;20
RegistroBascula;Descripcion;char;0;40
RegistroBascula;Observacion;char;0;100
RegistroBascula;Usuario;char;0;10
Remesa;CodPais;char;0;3
Remesa;Dealer;int;0;4
Remesa;Correlativo;int;0;4
Remesa;CuentaBancaria;char;0;15
Remesa;RemesaNo;char;0;25
Remesa;Fecha;datetime;0;8
Remesa;Efectivo;decimal;0;9
Remesa;Propio;decimal;0;9
Remesa;OtroBanco;decimal;0;9
Remesa;Total;decimal;0;9
Remesa;Disponible;decimal;0;9
Remesa;Compensacion;decimal;0;9
Remesa;Rubro;smallint;0;2
Remesa;Concepto;varchar;1;-1
Remesa;Disponibilidad;bit;0;1
Remesa;Partida;char;0;5
Remesa;Cargo;decimal;0;9
Remesa;Abono;decimal;0;9
Remesa;Balance;decimal;0;9
Remesa;Linea;int;0;4
Remesa;FechaCorte;datetime;0;8
Remesa;Cajero;char;1;12
Remesa;Fecha_Otras_Remesas;datetime;1;8
Remesa;FechaRegistro;datetime;1;8
Remesa;FechaDireccionamiento;datetime;1;8
Remesa;UsrRegistro;nchar;1;20
Remesa;UsrDirecciono;nchar;1;20
RemisionAcumulada;CodPais;char;0;3
RemisionAcumulada;Dealer;int;0;4
RemisionAcumulada;Tda;char;0;7
RemisionAcumulada;Cliente;char;0;12
RemisionAcumulada;Producto;char;0;20
RemisionAcumulada;Linea;char;0;4
RemisionAcumulada;zona;smallint;0;2
RemisionAcumulada;Inicial;decimal;0;9
RemisionAcumulada;Entradas;decimal;0;9
RemisionAcumulada;Salidas;decimal;0;9
RemisionAcumulada;Actual;decimal;0;9
RemisionTemp;CodPais;char;0;3
RemisionTemp;Dealer;int;0;4
RemisionTemp;Tda;char;0;7
RemisionTemp;RemisionNo;int;0;4
RemisionTemp;ClienteNo;char;1;10
RemisionTemp;Nombre;char;1;150
RemisionTemp;Fecha;date;1;3
RemisionTemp;PedidoNo;int;1;4
RemisionTemp;Bodega;char;1;7
RemisionTemp;Cantidad;decimal;1;9
RemisionTemp;Seleccionado;bit;1;1
RemisionTemp;Corr;int;0;4
RemisionTemp;SerieNR;varchar;0;20
RemuneracionEmp;CodPais;char;0;3
RemuneracionEmp;Dealer;smallint;0;2
RemuneracionEmp;Empleado;int;0;4
RemuneracionEmp;Codigo;int;0;4
RemuneracionEmp;Tipo;char;0;1
RemuneracionEmp;TipoValor;char;0;1
RemuneracionEmp;Fecha;datetime;0;8
RemuneracionEmp;Cantidad;decimal;0;9
RemuneracionEmp;Porcentaje;decimal;0;5
RemuneracionEmp;ValorFijo;decimal;0;9
RemuneracionEmp;Saldo;decimal;0;9
RemuneracionEmp;Proyeccion;bit;0;1
RemuneracionEmp;Automatico;bit;0;1
RepEsp;CodPais;char;0;3
RepEsp;Dealer;int;0;4
RepEsp;Numero;smallint;0;2
RepEsp;Orden;smallint;0;2
RepEsp;Nombre;char;0;75
RepEsp;Subnivel;smallint;0;2
RepEsp;ImprimirNivel;bit;0;1
RepEsp;CuentaDesde;char;0;15
RepEsp;CuentaHasta;char;0;15
RepEsp;ConceptoTotalPos;char;0;40
RepEsp;ConceptoTotalNeg;char;0;40
RepEsp;ImprimirTotal;bit;0;1
RepEsp;ImprimirFirma;bit;0;1
RepEsp;SumaTotal;bit;0;1
RepEsp;ImprimirDetalle1;bit;0;1
RepEsp;ImprimirDetalle2;bit;0;1
RepEsp;ImprimirDetale3;bit;0;1
RepEsp;FijarColumna;bit;0;1
RepEsp;Valor;float;0;8
RepEsp;ImprimirCuentaNo;bit;0;1
RepEsp;OperacionSubtotal;char;0;1
RepEsp;ConceptoSubtotal;char;0;40
RepEsp;ImprimirSubtotal;char;0;1
RepEsp;ConceptoValorManual;char;0;40
RepEsp;CalcularSubtotal;bit;0;1
RepEsp;UsarCargoAbono;char;0;1
RepEsp;Uno;float;0;8
RepEsp;Dos;real;0;4
RepEsp;NombreLinea;char;0;40
RepGerencial;CodPais;char;0;3
RepGerencial;Dealer;int;0;4
RepGerencial;RepNo;int;0;4
RepGerencial;Nivel;int;0;4
RepGerencial;Concepto;varchar;0;100
Reporteria;CodPais;char;0;3
Reporteria;Dealer;int;0;4
Reporteria;Usuario;char;0;20
Reporteria;Programa;char;0;50
Reporteria;Reporte;char;0;75
Reporteria;Generar;char;0;20
Reportes;GrupoCliente;int;0;4
Reportes;Modulo;char;0;20
Reportes;Programa;char;0;50
Reportes;Reporte;char;0;75
Reportes;Descripcion;char;0;150
Reportes;Generar;char;0;20
RepVenta;CodPais;char;0;3
RepVenta;Dealer;smallint;0;2
RepVenta;ReporteNo;float;0;8
RepVenta;Sector;smallint;0;2
RepVenta;Prospecto;float;0;8
RepVenta;Nombre;char;0;50
RepVenta;Fecha;datetime;0;8
RepVenta;FacturarA;char;0;60
RepVenta;TipoDoc;char;0;2
RepVenta;NoRegistro;char;0;14
RepVenta;Giro;char;0;40
RepVenta;NIT;char;0;15
RepVenta;DUI;char;0;10
RepVenta;Contacto;char;0;50
RepVenta;Telefono;char;0;10
RepVenta;Fax;char;0;10
RepVenta;RegimenZonaFranca;char;0;100
RepVenta;DireccionInstalacion;char;0;100
RepVenta;DireccionCobro;char;0;100
RepVenta;Cliente;char;0;10
RepVenta;Vendedor;char;0;4
RepVenta;TipoNegocio;smallint;0;2
RepVenta;FormaPago;char;0;1
RepVenta;Prima;float;0;8
RepVenta;NoCuotas;smallint;0;2
RepVenta;ValorCuota;float;0;8
RepVenta;NoCuotas2;smallint;0;2
RepVenta;ValorCuota2;float;0;8
RepVenta;ContratoDesde;datetime;0;8
RepVenta;ContratoHasta;datetime;0;8
RepVenta;TipoRed;char;0;5
RepVenta;EquipoProyectado;float;0;8
RepVenta;MaterialesProyectado;float;0;8
RepVenta;ManoObraProyectado;float;0;8
RepVenta;GastosProyectado;float;0;8
RepVenta;CostoTotalProyectado;float;0;8
RepVenta;Venta;float;0;8
RepVenta;IVA;float;0;8
RepVenta;Total;float;0;8
RepVenta;UtilidadProyectada;float;0;8
RepVenta;OrdenTrabajo;char;0;10
RepVenta;CostoEquipo;float;0;8
RepVenta;CostoMateriales;float;0;8
RepVenta;CostoManoObra;float;0;8
RepVenta;CostoGastos;float;0;8
RepVenta;CostoTotal;float;0;8
RepVenta;AnticiposVendedor;float;0;8
RepVenta;LiquidacionVendedor;float;0;8
RepVentas;CodPais;char;0;3
RepVentas;Dealer;int;0;4
RepVentas;Tda;char;0;7
RepVentas;Reporte_No;int;0;4
RepVentas;Sector;smallint;0;2
RepVentas;Prospecto;char;0;10
RepVentas;Nombre;char;0;50
RepVentas;Fecha;datetime;0;8
RepVentas;Facturar_a;char;0;50
RepVentas;Tipo_Doc;char;0;2
RepVentas;NRC;char;0;14
RepVentas;Giro;char;0;40
RepVentas;NIT;char;0;15
RepVentas;DUI;char;0;14
RepVentas;Contacto;char;0;50
RepVentas;EmailContacto;char;0;100
RepVentas;Telefono;char;0;11
RepVentas;Fax;char;0;11
RepVentas;Regimen_Zona_Franca;char;0;100
RepVentas;Direccion_Instalacion;char;0;100
RepVentas;FechaSolicitada;datetime;0;8
RepVentas;Direccion_Cobro;char;0;100
RepVentas;Cliente;char;0;10
RepVentas;Vendedor;char;0;7
RepVentas;Tipo_de_Negocio;smallint;0;2
RepVentas;Forma_Pago;char;0;1
RepVentas;Prima;float;0;8
RepVentas;No_Cuotas;smallint;0;2
RepVentas;Valor_Cuota;float;0;8
RepVentas;No_Cuotas_2;smallint;0;2
RepVentas;Valor_Cuota_2;float;0;8
RepVentas;Contrato_desde;datetime;0;8
RepVentas;Contrato_hasta;datetime;0;8
RepVentas;Tipo_de_Red;char;0;5
RepVentas;IVA;float;0;8
RepVentas;Total;float;0;8
RepVentas;Orden_de_Trabajo;float;0;8
RepVentas;Costo_Equipo;float;0;8
RepVentas;Costo_Materiales;float;0;8
RepVentas;Costo_Mano_de_Obra;float;0;8
RepVentas;Costo__Gastos;float;0;8
RepVentas;Costo_Total;float;0;8
RepVentas;Anticipos_Vendedor;float;0;8
RepVentas;Liquidacion_Vendedor;float;0;8
RepVentas;Estatus;char;0;2
RepVentas;Autorizacion;char;0;2
RepVentas;Division;smallint;0;2
RepVentas;Oferta;char;0;150
RepVentas;Contrato;char;0;150
RepVentas;Otros;char;0;150
RepVentas;LinMat;int;0;4
RepVentas;LinMDO;int;0;4
RepVentas;LinGastos;int;0;4
RepVentas;FechaAprob;datetime;0;8
RepVentas;FechaRechazo;datetime;0;8
RepVentas;FechaOT;datetime;0;8
RepVentas;FechaCierre;datetime;0;8
RepVentas;DigitadoPor;char;0;10
RepVentas;Aprobable;bit;0;1
RepVentas;TrabajoRealizar;char;0;200
RepVentas;Observaciones;char;0;400
RepVentas;HoraAprobado;char;0;6
RepVentas;HoraRechazo;char;0;6
RepVentas;HoraOT;char;0;6
RepVentas;HoraCierre;char;0;6
RepVentas;HoraIngreso;char;0;6
RepVentas;HoraAval;char;0;6
RepVentas;HoraFact1;char;0;6
RepVentas;HoraFact2;char;0;6
RepVentas;HoraPrepMat;char;0;6
RepVentas;FechaAval;datetime;0;8
RepVentas;FechaIngreso;datetime;0;8
RepVentas;FechaFact1;datetime;0;8
RepVentas;FechaFact2;datetime;0;8
RepVentas;FechaPrepMat;datetime;0;8
RepVentas;FechaCierreOT;datetime;0;8
RepVentas;HoraCierreOT;char;0;6
RepVentas;UsuarioIng;char;0;10
RepVentas;UsuarioAval;char;0;10
RepVentas;UsuarioValid;char;0;10
RepVentas;UsuarioCreaOT;char;0;10
RepVentas;UsuarioFact1;char;0;10
RepVentas;UsuarioFact2;char;0;10
RepVentas;UsuarioPrepMat;char;0;10
RepVentas;UsuarioCierreOT;char;0;10
RepVentas;UsuarioCierreRV;char;0;10
RepVentas;MatOriCer;bit;0;1
RepVentas;FechaPrepParMat;datetime;0;8
RepVentas;UsuarioPrepParMat;char;0;10
RepVentas;HoraPrepParMat;char;0;6
RepVentas;Plataforma_id;int;0;4
RepVentas;ContactoCobro;char;0;100
RepVentas;CobroMail;char;0;100
RepVentas;DireccionCobro;char;0;250
RepVentas;ContactoQuedan;char;0;100
RepVentas;QuedanMail;char;0;100
RepVentas;Plazo;smallint;0;2
RepVentas;CuotaArr;float;0;8
RepVentas;CuotaArrVencido;float;0;8
RepVentas;NoCuotasArr;smallint;0;2
RepVentas;GeneraContrato;bit;0;1
RepVentas;Periodo;smallint;1;2
RepVentas;Facturacion;char;1;10
RepVentas;ContratoCC;char;0;200
RepVentas;CuotaEquipo;float;0;8
ReqEquipo;CodPais;char;0;3
ReqEquipo;Dealer;int;0;4
ReqEquipo;ClienteNo;char;0;10
ReqEquipo;TipoReq;smallint;0;2
ReqEquipo;ReqNo;int;0;4
ReqEquipo;EquipoId;int;0;4
ReqEquipo;Bodega;char;0;7
ReqServicio;CodPais;char;0;3
ReqServicio;Dealer;smallint;0;2
ReqServicio;Tda;char;0;7
ReqServicio;Serie;char;0;6
ReqServicio;TipoReq;smallint;0;2
ReqServicio;ReqNo;int;0;4
ReqServicio;LineaNo;int;0;4
ReqServicio;Codigo;char;0;20
ReqServicio;Descripcion;char;0;200
ReqServicio;Fecha;datetime;0;8
ReqServicio;Sucursal;char;0;7
Requisicion;CodPais;char;0;3
Requisicion;Dealer;int;0;4
Requisicion;Tda;char;0;7
Requisicion;Serie;char;0;6
Requisicion;TipoReq;smallint;0;2
Requisicion;ReqNo;int;0;4
Requisicion;Fecha;datetime;0;8
Requisicion;Bodega;char;0;7
Requisicion;Empleado;int;0;4
Requisicion;Total;float;0;8
Requisicion;UltimaLinea;smallint;0;2
Requisicion;Justificacion;char;0;150
Requisicion;Estatus;char;0;1
Requisicion;Referencia;char;0;8
Requisicion;Motivo;char;0;2
Requisicion;UserCreador;char;0;10
Requisicion;UserModify;char;0;10
Requisicion;FechaC;datetime;0;8
Requisicion;PrecioTotal;decimal;0;9
Requisicion;Sucursal;char;0;7
Requisicion;Hora;char;0;6
Requisicion;NoInventariar;smallint;1;2
Requisicion;Vehiculo;int;0;4
Requisicion;Cantidad;decimal;0;5
Requisicion;Motorista;varchar;0;100
RequisicionTemp;Codpais;char;0;3
RequisicionTemp;Dealer;int;0;4
RequisicionTemp;Tda;char;0;7
RequisicionTemp;Serie;char;0;6
RequisicionTemp;TipoReq;smallint;0;2
RequisicionTemp;ReqNo;int;0;4
RequisicionTemp;Motivo;char;0;2
RequisicionTemp;Justificacion;char;0;150
RequisicionTemp;Fecha;datetime;0;8
RequisicionTemp;NoInventariar;smallint;0;2
RequisicionTemporal;CodPais;char;0;3
RequisicionTemporal;Dealer;int;0;4
RequisicionTemporal;Tda;char;0;7
RequisicionTemporal;Serie;char;0;6
RequisicionTemporal;TipoReq;smallint;0;2
RequisicionTemporal;ReqNo;int;0;4
RequisicionTemporal;Fecha;datetime;0;8
RequisicionTemporal;Empleado;int;0;4
RequisicionTemporal;Motorista;varchar;0;100
RequisicionTemporal;Vehiculo;int;0;4
RequisicionTemporal;Justificacion;char;0;150
RequisicionTemporal;Referencia;char;0;8
RequisicionTemporal;Linea;int;0;4
RequisicionTemporal;Bodega;char;0;7
RequisicionTemporal;Codigo;char;0;20
RequisicionTemporal;Cantidad;decimal;0;9
RequisicionTemporal;CostoUnitario;decimal;0;9
RequisicionTemporal;Motivo;char;0;2
RequisicionTemporal;Aplicar;bit;0;1
RequisicionTemporal;Importar;bit;0;1
Reservas;CodPais;char;0;3
Reservas;Dealer;int;0;4
Reservas;Tda;char;0;7
Reservas;RV;int;0;4
Reservas;Bodega;char;0;7
Reservas;Codigo;char;0;20
Reservas;Cantidad;float;0;8
Reservas;Reservado;float;0;8
Reservas;Linea;int;0;4
Respaldo;Codpais;char;0;3
Respaldo;Dealer;int;0;4
Respaldo;Codigo;char;1;20
Respaldo;Bodega;char;1;7
Respaldo;Existencia;decimal;1;17
RespaldoMensual;CodPais;char;0;3
RespaldoMensual;Dealer;int;0;4
RespaldoMensual;MesAño;char;0;6
RespaldoMensual;MarcacionesE;decimal;0;9
RespaldoMensual;ResumenE;decimal;0;9
RespaldoMensual;InasistenciaE;decimal;0;9
RespaldoMensual;ProgramacionesE;decimal;0;9
RespaldoMensual;PermisosE;decimal;0;9
RespaldoMensual;HorasExtrasE;decimal;0;9
RespaldoMensual;Marcaciones;decimal;0;9
RespaldoMensual;Resumen;decimal;0;9
RespaldoMensual;Inasistencias;decimal;0;9
RespaldoMensual;Programaciones;decimal;0;9
RespaldoMensual;Permisos;decimal;0;9
RespaldoMensual;HorasExtras;decimal;0;9
RespaldoMensual;MarcacionesB;decimal;0;9
RespaldoMensual;ResumenB;decimal;0;9
RespaldoMensual;InasistenciasB;decimal;0;9
RespaldoMensual;ProgramacionesB;decimal;0;9
RespaldoMensual;PermisosB;decimal;0;9
RespaldoMensual;HorasExtrasB;decimal;0;9
RespaldoMensual;UsuarioRespaldo;char;0;30
RespaldoMensual;UsuarioBorrado;char;0;30
RespaldoMensual;ArchivosProtegidos;bit;0;1
Respuestas;Id;int;0;4
Respuestas;CodigoGeneracion;varchar;1;50
Respuestas;RutaArchivo;nvarchar;1;-1
Respuestas;ContenidoJson;nvarchar;1;-1
Respuestas;RespuestaServicio;nvarchar;1;-1
Respuestas;HiloProceso;int;1;4
ResumenDespachoTab;CodPais;char;0;3
ResumenDespachoTab;Dealer;smallint;0;2
ResumenDespachoTab;Tienda;char;0;7
ResumenDespachoTab;DespachoNo;int;0;4
ResumenDespachoTab;Bodega;char;0;4
ResumenDespachoTab;Codigo;char;0;12
ResumenDespachoTab;Cantidad;decimal;1;9
ResumenDespachoTab;Fecha;datetime;1;8
ResumenFleteDiario;CodPais;char;0;3
ResumenFleteDiario;Dealer;int;0;4
ResumenFleteDiario;Tda;char;0;7
ResumenFleteDiario;Fecha;datetime;0;8
ResumenFleteDiario;CC;smallint;0;2
ResumenFleteDiario;Total_peso;float;0;8
ResumenFleteDiario;Total_flete;float;0;8
ResumenFleteDiario;Total_carga_descarga;float;0;8
ResumenMarcaDiaria;CodPais;char;0;3
ResumenMarcaDiaria;Dealer;int;0;4
ResumenMarcaDiaria;Codigo;int;0;4
ResumenMarcaDiaria;Fecha;datetime;0;8
ResumenMarcaDiaria;Turno;char;0;10
ResumenMarcaDiaria;Ingreso;char;0;6
ResumenMarcaDiaria;EstatusIngreso;char;0;2
ResumenMarcaDiaria;SalidaB1;char;0;6
ResumenMarcaDiaria;EstatusSb1;char;0;2
ResumenMarcaDiaria;IngB1;char;0;6
ResumenMarcaDiaria;EstatusIb1;char;0;2
ResumenMarcaDiaria;SalidaC1;char;0;6
ResumenMarcaDiaria;EstatusSc1;char;0;2
ResumenMarcaDiaria;IngC1;char;0;6
ResumenMarcaDiaria;EstatusIc1;char;0;2
ResumenMarcaDiaria;SalidaB2;char;0;6
ResumenMarcaDiaria;EstatusSb2;char;0;2
ResumenMarcaDiaria;IngB2;char;0;6
ResumenMarcaDiaria;EstatusIb2;char;0;2
ResumenMarcaDiaria;Salida;char;0;6
ResumenMarcaDiaria;EstatuSal;char;0;2
ResumenMarcaDiaria;HN;real;0;4
ResumenMarcaDiaria;HNE;real;0;4
ResumenMarcaDiaria;HED;real;0;4
ResumenMarcaDiaria;HEN;real;0;4
ResumenMarcaDiaria;HEA;real;0;4
ResumenMarcaDiaria;HEAN;real;0;4
ResumenMarcaDiaria;Empresa;smallint;0;2
ResumenMarcaDiaria;CdCosto;char;0;6
ResumenMarcaDiaria;HEAutorizada;bit;0;1
ResumenMarcaDiaria;Autorizada;int;0;4
ResumenMarcaDiaria;Rubro;char;0;30
ResumenMarcaDiaria;Plaza;char;0;14
ResumenMarcaDiaria;SDA;smallint;0;2
ResumenMarcaDiaria;TipoTurno;char;0;2
Retaceo;CodPais;char;0;3
Retaceo;Dealer;int;0;4
Retaceo;Tda;char;0;7
Retaceo;RetaceoNo;int;0;4
Retaceo;Proveedor;char;0;14
Retaceo;FechaInicio;datetime;0;8
Retaceo;FechaIngreso;datetime;0;8
Retaceo;Descripcion;char;0;100
Retaceo;Gasto;decimal;0;9
Retaceo;Factura;decimal;0;9
Retaceo;Total;decimal;0;9
Retaceo;Estatus;char;0;1
Retaceo;UltimaLinea;smallint;0;2
Retaceo;TotalProducto;int;0;4
Retaceo;ImpuestoDirecto;decimal;0;9
Retaceo;Flete;decimal;0;9
Retaceo;FleteTC;decimal;1;9
Retaceo;Seguro;decimal;0;9
Retaceo;SeguroTC;decimal;1;9
Retaceo;Vapor;smallint;0;2
Retaceo;Tipo;char;0;2
Retaceo;Referencia;char;0;10
Retaceo;Transito;char;0;15
Retaceo;ETA;datetime;0;8
Retencion;CodPais;char;0;3
Retencion;Dealer;int;0;4
Retencion;Tipo;smallint;0;2
Retencion;Cuenta;char;0;15
Retencion;Fecha;datetime;0;8
Retencion;Serie;char;0;10
Retencion;Cheque;int;0;4
Retencion;SujetoRetencion;char;0;10
Retencion;Documento;char;0;10
Retencion;ValorTotal;float;0;8
Retencion;Retenido;float;0;8
Retencion;NIT;char;0;15
RetencionIva;CodPais;char;0;3
RetencionIva;Dealer;smallint;0;2
RetencionIva;Tda;char;0;7
RetencionIva;Proveedor;char;0;14
RetencionIva;Serie;char;0;10
RetencionIva;Comprobante;int;0;4
RetencionIva;Fecha;datetime;0;8
RetencionIva;Gravado;decimal;0;9
RetencionIva;Retenido;decimal;0;9
RetencionIva;Concepto;char;0;600
RetencionIva;Impreso;bit;0;1
RetencionIva;IdTrans;char;1;50
RetencionIva;Documento;char;0;2
RetencionIva;ERPKey;nvarchar;0;100
RevisarIF;CodPais;char;0;3
RevisarIF;Dealer;int;0;4
RevisarIF;Bodega;char;1;7
RevisarIF;Codigo;char;0;20
RevisarIF;Descripcion;varchar;1;150
RevisarIF;UltInv;date;1;3
RevisarIF;No;int;1;4
RevisarIF;Cantidad;decimal;1;9
RevisarIF;Existencia;decimal;1;9
Rights;RightID;char;0;10
Rights;RightName;char;0;30
Rights;RightInfo;char;0;1000
RotacionTemp;CodPais;char;0;3
RotacionTemp;Dealer;int;0;4
RotacionTemp;Codigo;char;0;20
RotacionTemp;Descripcion;varchar;1;150
RotacionTemp;Existencia1;int;1;4
RotacionTemp;Existencia2;int;1;4
RotacionTemp;Rotacion;int;1;4
RotacionTemp;Encajado;int;0;4
RUB_PROD;Rub_prod;char;0;2
RUB_PROD;Descripcion;char;0;50
Rubro;CodPais;char;0;3
Rubro;Dealer;int;0;4
Rubro;Codigo;smallint;0;2
Rubro;Descripcion;char;0;140
Rubro;Egreso;bit;0;1
Rubro;Gasto;bit;0;1
Rubro;CuentaContable;char;0;15
Rubro;Activo;bit;0;1
RubroCompra;CodPais;char;0;3
RubroCompra;Dealer;int;0;4
RubroCompra;Codigo;smallint;0;2
RubroCompra;Descripcion;char;0;30
RubroCompra;AplicarDirectamente;bit;0;1
RubroCompra;CtaContable;char;0;15
RubroMarcacion;CodPais;char;0;3
RubroMarcacion;Dealer;int;0;4
RubroMarcacion;Descripcion;char;0;30
RubroMarcacion;HorasExtras;bit;0;1
RubroMarcacion;Inasistencias;bit;0;1
RubroMarcacion;Faltas;bit;0;1
RubroProducccion;CodPais;char;0;3
RubroProducccion;Dealer;smallint;0;2
RubroProducccion;RubProd;char;0;2
RubroProducccion;Descripcion;char;0;50
RubroProducccion;Insumos;char;0;15
RubroProduccion;CodPais;char;0;3
RubroProduccion;Dealer;int;0;4
RubroProduccion;RubProd;char;0;2
RubroProduccion;Descripcion;char;0;50
RubroProduccion;Insumos;char;1;15
RubroProyecto;CodPais;char;0;3
RubroProyecto;Dealer;int;0;4
RubroProyecto;IdRubro;char;0;2
RubroProyecto;NombreRubro;char;0;60
RubroProyecto;CtaContable;char;0;15
RubrosCajaChica;CodPais;char;0;3
RubrosCajaChica;Dealer;int;0;4
RubrosCajaChica;Codigo;smallint;0;2
RubrosCajaChica;Descripcion;char;0;30
RubrosCajaChica;Aplicar_Directamente;bit;0;1
RubrosCajaChica;Logico_2;bit;0;1
RubrosCajaChica;Logico3;bit;0;1
RubrosCajaChica;CtaContable;char;0;15
RubrosCajaChica;Centro;smallint;0;2
RubrosProducccion;CodPais;char;0;3
RubrosProducccion;Dealer;int;0;4
RubrosProducccion;RubProd;char;0;2
RubrosProducccion;Descripcion;char;0;50
RubrosProducccion;Insumos;char;0;15
RubroVenta;CodPais;char;0;3
RubroVenta;Dealer;int;0;4
RubroVenta;Tda;char;0;7
RubroVenta;Codigo;int;0;4
RubroVenta;Division;int;0;4
RubroVenta;Descripcion;char;0;50
RubroVenta;CtaContable;char;0;15
RubVapor2;CodPais;char;0;3
RubVapor2;Dealer;smallint;0;2
RubVapor2;Vapor;smallint;0;2
RubVapor2;Codigo;smallint;0;2
RubVapor2;Valor;decimal;0;9
Ruta;CodPais;char;0;3
Ruta;Dealer;int;0;4
Ruta;Codigo;smallint;0;2
Ruta;Descripcion;char;0;25
RutaDesc;CodPais;char;0;3
RutaDesc;Dealer;int;0;4
RutaDesc;Ruta;char;0;4
RutaDesc;Porcentaje;real;0;4
RUTAS;CodPais;char;0;3
RUTAS;Dealer;int;0;4
RUTAS;Codigo;char;0;7
RUTAS;Descripcion;char;0;25
Saco;CodPais;char;0;3
Saco;Dealer;smallint;0;2
Saco;idTipoSaco;int;0;4
Saco;Descripcion;char;0;75
Saco;Peso;float;0;8
SalasVenta;CodPais;char;0;3
SalasVenta;Dealer;int;0;4
SalasVenta;Tda;char;0;7
SalasVenta;SalaVentas;char;0;3
SalasVenta;Nombre;char;0;100
SalasVenta;Email;char;0;150
SalasVenta;Bodega;char;0;7
SalasVenta;Caja;char;0;7
SalaVenta;CodPais;char;0;3
SalaVenta;Dealer;int;0;4
SalaVenta;Tda;char;0;7
SalaVenta;SalaVentas;char;0;3
SalaVenta;Nombre;char;0;100
SalaVenta;Email;char;0;150
SalaVenta;Bodega;char;0;7
SalaVenta;Caja;char;0;7
SalaVenta;Vendedor;char;0;7
SalaVenta;ClienteContado;char;0;12
SaldoCC;CodPais;char;0;3
SaldoCC;Dealer;int;0;4
SaldoCC;Mes;char;0;5
SaldoCC;Codigo;char;0;15
SaldoCC;CdCosto;smallint;0;2
SaldoCC;Descripcion;char;0;100
SaldoCC;Naturaleza;char;0;1
SaldoCC;Clase;char;0;1
SaldoCC;Nivel;smallint;0;2
SaldoCC;Estatus;char;0;1
SaldoCC;SaldoInicial;decimal;0;9
SaldoCC;Cargo;decimal;0;9
SaldoCC;Abono;decimal;0;9
SaldoCC;SaldoActual;decimal;0;9
SaldoCC;CodigoAlternativo;char;0;12
SaldoCC;ManejaPresupuesto;bit;0;1
SaldoCC;SaldoInicialP;decimal;0;9
SaldoCC;CargoP;decimal;0;9
SaldoCC;AbonoP;decimal;0;9
SaldoCC;SaldoActualP;decimal;0;9
SaldoDispo;CodPais;char;0;3
SaldoDispo;Dealer;int;0;4
SaldoDispo;Cuenta;char;0;15
SaldoDispo;Fecha;datetime;0;8
SaldoDispo;Inicial;decimal;0;9
SaldoDispo;Cargo;decimal;0;9
SaldoDispo;Abono;decimal;0;9
SaldoDispo;Final;decimal;0;9
SaldoMensual;CodPais;char;0;3
SaldoMensual;Dealer;int;0;4
SaldoMensual;Tda;char;0;7
SaldoMensual;Mes;char;0;5
SaldoMensual;Codigo;char;0;20
SaldoMensual;Inicial;decimal;0;9
SaldoMensual;Ingresos;decimal;0;9
SaldoMensual;Egresos;decimal;0;9
SaldoMensual;Existencia;decimal;0;9
SaldoMensual;CostoUnitario;decimal;0;9
SaldoMensual;CostoTotal;decimal;0;9
SaldoMes;CodPais;char;0;3
SaldoMes;Dealer;int;0;4
SaldoMes;Mes;char;0;5
SaldoMes;Linea;char;1;100
SaldoMes;Proveedor;char;0;100
SaldoMes;Codigo;char;0;20
SaldoMes;Descripcion;char;1;100
SaldoMes;Inicial;decimal;0;9
SaldoMes;Ingresos;decimal;0;9
SaldoMes;Egresos;decimal;0;9
SaldoMes;Existencia;decimal;0;9
SaldoMes;CostoUnitario;decimal;0;9
SaldoMes;CostoTotal;decimal;0;9
SaldoMesFlujo;CodPais;char;0;3
SaldoMesFlujo;Dealer;int;0;4
SaldoMesFlujo;Año;smallint;0;2
SaldoMesFlujo;Rubro;smallint;0;2
SaldoMesFlujo;Nivel;smallint;0;2
SaldoMesFlujo;SubNivel;smallint;0;2
SaldoMesFlujo;CuentaDesde;char;1;15
SaldoMesFlujo;CuentaHasta;char;1;15
SaldoMesFlujo;Descripcion;char;1;60
SaldoMesFlujo;Valor1;decimal;1;9
SaldoMesFlujo;Presupuesto1;decimal;1;9
SaldoMesFlujo;Valor2;decimal;1;9
SaldoMesFlujo;Presupuesto2;decimal;1;9
SaldoMesFlujo;Valor3;decimal;1;9
SaldoMesFlujo;Presupuesto3;decimal;1;9
SaldoMesFlujo;Valor4;decimal;1;9
SaldoMesFlujo;Presupuesto4;decimal;1;9
SaldoMesFlujo;Valor5;decimal;1;9
SaldoMesFlujo;Presupuesto5;decimal;1;9
SaldoMesFlujo;Valor6;decimal;1;9
SaldoMesFlujo;Presupuesto6;decimal;1;9
SaldoMesFlujo;Valor7;decimal;1;9
SaldoMesFlujo;Presupuesto7;decimal;1;9
SaldoMesFlujo;Valor8;decimal;1;9
SaldoMesFlujo;Presupuesto8;decimal;1;9
SaldoMesFlujo;Valor9;decimal;1;9
SaldoMesFlujo;Presupuesto9;decimal;1;9
SaldoMesFlujo;Valor10;decimal;1;9
SaldoMesFlujo;Presupuesto10;decimal;1;9
SaldoMesFlujo;Valor11;decimal;1;9
SaldoMesFlujo;Presupuesto11;decimal;1;9
SaldoMesFlujo;Valor12;decimal;1;9
SaldoMesFlujo;Presupuesto12;decimal;1;9
SaldoMesJUN2025DespMia;CodPais;char;0;3
SaldoMesJUN2025DespMia;Dealer;int;0;4
SaldoMesJUN2025DespMia;Mes;char;0;5
SaldoMesJUN2025DespMia;Linea;char;1;100
SaldoMesJUN2025DespMia;Proveedor;char;0;100
SaldoMesJUN2025DespMia;Codigo;char;0;20
SaldoMesJUN2025DespMia;Descripcion;char;1;100
SaldoMesJUN2025DespMia;Inicial;decimal;0;9
SaldoMesJUN2025DespMia;Ingresos;decimal;0;9
SaldoMesJUN2025DespMia;Egresos;decimal;0;9
SaldoMesJUN2025DespMia;Existencia;decimal;0;9
SaldoMesJUN2025DespMia;CostoUnitario;decimal;0;9
SaldoMesJUN2025DespMia;CostoTotal;decimal;0;9
SALDOS_COSTOS_RECALC;CodPais;char;0;3
SALDOS_COSTOS_RECALC;Dealer;int;0;4
SALDOS_COSTOS_RECALC;Tda;char;0;7
SALDOS_COSTOS_RECALC;Codigo;char;0;20
SALDOS_COSTOS_RECALC;Inicial;decimal;0;9
SALDOS_COSTOS_RECALC;Ingresos;decimal;0;9
SALDOS_COSTOS_RECALC;Egresos;decimal;0;9
SALDOS_COSTOS_RECALC;Existencia;decimal;0;9
SALDOS_COSTOS_RECALC;Costo_Unitario;decimal;0;9
SALDOS_COSTOS_RECALC;Costo_Total;decimal;0;9
SALDOS_MENSUALES;Mes;char;0;5
SALDOS_MENSUALES;Codigo;char;0;10
SALDOS_MENSUALES;Inicial;float;0;8
SALDOS_MENSUALES;Ingresos;float;0;8
SALDOS_MENSUALES;Egresos;float;0;8
SALDOS_MENSUALES;Existencia;float;0;8
SALDOS_MENSUALES;Costo_Unitario;float;0;8
SALDOS_MENSUALES;Costo_Total;float;0;8
SALDOS_MENSUALES;Inicial_sgte;float;0;8
SaldoTrimestral;CodPais;char;0;3
SaldoTrimestral;Dealer;int;0;4
SaldoTrimestral;Vendedor;char;0;3
SaldoTrimestral;Cliente;char;0;10
SaldoTrimestral;Año;smallint;0;2
SaldoTrimestral;Bodega;char;0;4
SaldoTrimestral;Codigo;char;0;10
SaldoTrimestral;Enero;decimal;0;9
SaldoTrimestral;Febrero;decimal;0;9
SaldoTrimestral;Marzo;decimal;0;9
SaldoTrimestral;Abril;decimal;0;9
SaldoTrimestral;Mayo;decimal;0;9
SaldoTrimestral;Junio;decimal;0;9
SaldoTrimestral;Julio;decimal;0;9
SaldoTrimestral;Agosto;decimal;0;9
SaldoTrimestral;Septiembre;decimal;0;9
SaldoTrimestral;Octubre;decimal;0;9
SaldoTrimestral;Noviembre;decimal;0;9
SaldoTrimestral;Diciembre;decimal;0;9
SaldoTrimestral;TotalVenta;decimal;0;9
SaldoTrimestral;TotalDevolucion;decimal;0;9
SaldoTrimestral;VentaNeta;decimal;0;9
SaldoVacacion;CodPais;char;0;3
SaldoVacacion;Dealer;smallint;0;2
SaldoVacacion;Empleado;int;0;4
SaldoVacacion;Fecha;datetime;0;8
SaldoVacacion;Dias;int;0;4
Salud;CodPais;char;0;3
Salud;Dealer;int;0;4
Salud;CodigoEmpleado;int;0;4
Salud;UltimaConsulta;datetime;0;8
Salud;RazonUltimaConsulta;char;0;35
Salud;Estatura;real;0;4
Salud;PesoLbs;real;0;4
Salud;PesoKg;real;0;4
Sancion;CodPais;char;0;3
Sancion;Dealer;int;0;4
Sancion;Numero;smallint;0;2
Sancion;Descripcion;char;0;300
SccPosteo;CodPais;char;0;3
SccPosteo;Dealer;int;0;4
SccPosteo;Mes;char;0;5
SccPosteo;Codigo;char;0;15
SccPosteo;CdCosto;smallint;0;2
SccPosteo;Descripcion;char;0;100
SccPosteo;Naturaleza;char;0;1
SccPosteo;Clase;char;0;1
SccPosteo;Nivel;smallint;0;2
SccPosteo;Estatus;char;0;1
SccPosteo;SaldoInicial;decimal;0;9
SccPosteo;Cargo;decimal;0;9
SccPosteo;Abono;decimal;0;9
SccPosteo;SaldoActual;decimal;0;9
SccPosteo;CodigoAlternativo;char;0;15
SccPosteo;ManejaPresupuesto;bit;0;1
SccPosteo;SaldoInicialP;decimal;0;9
SccPosteo;CargoP;decimal;0;9
SccPosteo;AbonoP;decimal;0;9
SccPosteo;SaldoActualP;decimal;0;9
Secciones;CodPais;char;0;3
Secciones;Dealer;int;0;4
Secciones;Grado;smallint;0;2
Secciones;Codigo;smallint;0;2
Secciones;Letra;char;0;2
Secciones;Nivel;smallint;0;2
Sector;CodPais;char;0;3
Sector;Dealer;smallint;0;2
Sector;Sector;smallint;0;2
Sector;Nombre;char;0;100
SectorMercado;CodPais;char;0;3
SectorMercado;Dealer;int;0;4
SectorMercado;Sector;smallint;0;2
SectorMercado;Nombre;char;0;125
SegColectivo;CodPais;char;0;3
SegColectivo;Dealer;int;0;4
SegColectivo;CodigoEmpleado;int;0;4
SegColectivo;Contratante;char;0;40
SegColectivo;Subempresa;char;0;6
SegColectivo;FechaEfectivaSeguro;datetime;0;8
SegColectivo;SeguroOpcional;char;0;1
SegColectivo;CategoriaVida;char;0;15
SegColectivo;SeguroMedicoHospitalario;char;0;1
SegColectivo;CategoriaMedico;char;0;12
SegColectivo;SumaAseguradaVida;decimal;0;9
SegColectivo;SumaAseguradaOpcional;decimal;0;9
SegColectivo;SumaAseguradaMdcoHosp;decimal;0;9
SegColectivo;SueldoMensual;decimal;0;9
SegColectivo;ElaboradoX;char;0;35
Segmento;CodPais;char;0;3
Segmento;Segmento;smallint;0;2
Segmento;Descripcion;char;0;150
SelectCompra;CodPais;char;0;3
SelectCompra;Dealer;int;0;4
SelectCompra;Tda;char;0;7
SelectCompra;Usuario;char;0;20
SelectCompra;TipoPedido;char;0;2
SelectCompra;PedidoNo;int;0;4
SelectCompra;Bodega;char;0;7
SelectCompra;Codigo;char;0;20
SelectCompra;Reserva;float;0;8
SelectCompra;Disponible;float;0;8
SelectCompra;Seleccionar;bit;0;1
SelectCompra;Cantidad;float;0;8
SelectCompra;TipoUnidad;char;0;2
SelectOption;CodPais;char;0;3
SelectOption;Dealer;smallint;0;2
SelectOption;Programa;char;0;50
SelectOption;No;int;0;4
SelectOption;Opcion;char;1;50
SelectProgram;CodPais;char;0;3
SelectProgram;Dealer;int;0;4
SelectProgram;Tda;char;0;7
SelectProgram;Programa;char;0;50
SelectProgram;No;int;0;4
SelectProgram;Activo;bit;0;1
SelectTraslado;CodPais;char;0;3
SelectTraslado;Dealer;int;0;4
SelectTraslado;Tda;char;0;7
SelectTraslado;Usuario;char;0;20
SelectTraslado;TipoPedido;char;0;2
SelectTraslado;PedidoNo;int;0;4
SelectTraslado;DeBodega;char;0;7
SelectTraslado;ParaBodega;char;0;7
SelectTraslado;Codigo;char;0;20
SelectTraslado;Reserva;float;0;8
SelectTraslado;Disponible;float;0;8
SelectTraslado;Seleccionar;bit;0;1
SelectTraslado;Cantidad;float;0;8
SelectTraslado;TrasSal;float;0;8
SelectTraslado;TraslEnt;float;0;8
SelectTraslado;SolCompra;float;0;8
SelectTraslado;TipoUnidad;char;0;2
SelOrdenCompra;CodPais;char;0;3
SelOrdenCompra;Dealer;int;0;4
SelOrdenCompra;Tda;char;0;7
SelOrdenCompra;OCSelNo;int;0;4
SelOrdenCompra;OrdenNo;int;0;4
SelOrdenCompra;LineaNo;int;0;4
SelOrdenCompra;Fecha;datetime;0;8
SelOrdenCompra;Codigo;char;0;20
SelOrdenCompra;Descripcion;char;0;100
SelOrdenCompra;Cantidad;decimal;0;9
SelOrdenCompra;PrecioUnitario;decimal;0;9
SelOrdenCompra;Importe;decimal;0;9
SelOrdenCompra;Proveedor;char;0;14
SelOrdenCompra;TipoUnidad;char;0;2
SelOrdenCompra;Seleccion;bit;0;1
SelOrdenCompra;CantSeleccion;decimal;0;9
SelOrdenCompra;CantidadPedida;decimal;0;9
Semana;CodPais;char;0;3
Semana;Dealer;smallint;0;2
Semana;SDA;smallint;0;2
Semana;Anio;smallint;0;2
Semana;Fecha_Desde;datetime;0;8
Semana;Fecha_Hasta;datetime;0;8
SerFactAnulada;CodPais;char;0;3
SerFactAnulada;Dealer;int;0;4
SerFactAnulada;Tda;char;0;7
SerFactAnulada;TipoDoc;char;0;2
SerFactAnulada;DocNo;int;0;4
SerFactAnulada;SerieDoc;char;0;10
SerFactAnulada;LineaNo;int;0;4
SerFactAnulada;Codigo;char;0;20
SerFactAnulada;Bodega;char;0;7
SerFactAnulada;Lectura;char;0;20
SerFactAnulada;SIM;char;0;20
SerFactAnulada;Serie;char;0;15
SerFactAnulada;Cantidad;decimal;0;9
SerFactAnulada;UltimoMovimiento;datetime;0;8
SerFactAnulada;RegistroNo;int;1;4
SerFactAnulada;FechaRegistro;datetime;1;8
SerFactAnulada;SrSraSrita;char;1;5
SerFactAnulada;PrimerNombre;char;1;50
SerFactAnulada;SegundoNombre;char;1;50
SerFactAnulada;PrimerApellido;char;1;50
SerFactAnulada;SegundoApellido;char;1;50
SerFactAnulada;FechaNacimiento;datetime;1;8
SerFactAnulada;TelContacto;char;1;8
SerFactAnulada;Direccion;char;1;200
SerFactAnulada;Municipio;char;1;50
SerFactAnulada;Departamento;char;1;50
SerFactAnulada;TipoId;char;1;10
SerFactAnulada;OtrosId;char;1;15
SerFactAnulada;IDNo;char;1;20
SerFactAnulada;TelNo;char;0;8
SerFactAnulada;Marca;char;1;20
SerFactAnulada;Modelo;char;1;20
SerFactAnulada;IMEI;char;0;25
SerFactAnulada;Distribuidor;char;1;15
SerFactAnulada;PtoVenta;char;1;4
SerFactAnulada;CodPtoVta;int;1;4
SerFactAnulada;CodAgente;char;1;7
SerFactAnulada;FechaReportado;datetime;1;8
SerFactAnulada;Impreso;bit;0;1
SerFactAnulada;Sucursal;char;0;7
SerFactAnuladas;CodPais;char;0;3
SerFactAnuladas;Dealer;int;0;4
SerFactAnuladas;Tda;char;0;7
SerFactAnuladas;Tipo_Doc;char;0;2
SerFactAnuladas;Doc_No;int;0;4
SerFactAnuladas;Serie_Doc;char;0;6
SerFactAnuladas;LineaNo;smallint;0;2
SerFactAnuladas;Codigo;char;0;20
SerFactAnuladas;Bodega;char;0;7
SerFactAnuladas;Lectura;char;0;20
SerFactAnuladas;SIM;char;0;20
SerFactAnuladas;Serie;char;0;15
SerFactAnuladas;Cantidad;decimal;0;9
SerFactAnuladas;UltimoMovimiento;datetime;0;8
SerFactAnuladas;RegistroNo;int;1;4
SerFactAnuladas;FechaRegistro;datetime;1;8
SerFactAnuladas;Sr_Sra_Srita;char;1;5
SerFactAnuladas;PrimerNombre;char;1;50
SerFactAnuladas;SegundoNombre;char;1;50
SerFactAnuladas;PrimerApellido;char;1;50
SerFactAnuladas;SegundoApellido;char;1;50
SerFactAnuladas;FechaNacimiento;datetime;1;8
SerFactAnuladas;TelContacto;char;1;8
SerFactAnuladas;Direccion;char;1;200
SerFactAnuladas;Municipio;char;1;50
SerFactAnuladas;Departamento;char;1;50
SerFactAnuladas;TipoId;char;1;10
SerFactAnuladas;OtrosId;char;1;15
SerFactAnuladas;ID_No;char;1;20
SerFactAnuladas;TelefonoNo;char;1;8
SerFactAnuladas;Marca;char;1;20
SerFactAnuladas;Modelo;char;1;20
SerFactAnuladas;IMEI;char;0;25
SerFactAnuladas;Distribuidor;char;1;15
SerFactAnuladas;PtoVenta;char;1;4
SerFactAnuladas;CodPtoVta;smallint;1;2
SerFactAnuladas;CodAgente;char;1;7
SerFactAnuladas;FechaReportado;datetime;1;8
SerFactAnuladas;Impreso;bit;0;1
SerialFile;CodPais;char;0;3
SerialFile;Dealer;int;0;4
SerialFile;Tda;char;0;7
SerialFile;CompraNo;int;0;4
SerialFile;Invoice;char;0;10
SerialFile;Alloc;char;0;10
SerialFile;Customer;char;0;10
SerialFile;Item;char;0;20
SerialFile;DNumber;char;0;10
SerialFile;IMEI;char;0;15
SerialFile;SIM;char;0;20
SerialFile;TelNo;char;0;11
SerialFile;Ingresado;bit;0;1
SerieCompra;CodPais;char;0;3
SerieCompra;Dealer;int;0;4
SerieCompra;Tda;char;0;7
SerieCompra;Sucursal;char;0;7
SerieCompra;CompraNo;int;0;4
SerieCompra;LineaNo;smallint;0;2
SerieCompra;Codigo;char;0;15
SerieCompra;SIM;char;0;20
SerieCompra;IMEI;char;0;15
SerieCompra;TelNo;char;0;11
SerieCompra;SerieNo;char;0;20
SerieCompra;Bodega;char;0;4
SerieCompra;Lectura;char;0;20
SerieCompra;Cantidad;decimal;0;9
SerieCompra;Fecha;datetime;0;8
SerieFactura;CodPais;char;0;3
SerieFactura;Dealer;int;0;4
SerieFactura;Tda;char;0;7
SerieFactura;TipoDoc;char;0;2
SerieFactura;DocNo;int;0;4
SerieFactura;SerieDoc;char;0;10
SerieFactura;LineaNo;int;0;4
SerieFactura;Codigo;char;0;20
SerieFactura;Bodega;char;0;7
SerieFactura;Lectura;char;0;20
SerieFactura;SIM;char;0;20
SerieFactura;Serie;char;0;15
SerieFactura;Cantidad;decimal;0;9
SerieFactura;UltimoMovimiento;datetime;0;8
SerieFactura;RegistroNo;int;1;4
SerieFactura;FechaRegistro;datetime;1;8
SerieFactura;SrSraSrita;char;1;5
SerieFactura;PrimerNombre;char;1;50
SerieFactura;SegundoNombre;char;1;50
SerieFactura;PrimerApellido;char;1;50
SerieFactura;SegundoApellido;char;1;50
SerieFactura;FechaNacimiento;datetime;1;8
SerieFactura;TelContacto;char;1;8
SerieFactura;Direccion;char;1;200
SerieFactura;Municipio;char;1;50
SerieFactura;Departamento;char;1;50
SerieFactura;TipoId;char;1;10
SerieFactura;OtrosId;char;1;15
SerieFactura;IDNo;char;1;20
SerieFactura;TelNo;char;0;8
SerieFactura;Marca;char;1;20
SerieFactura;Modelo;char;1;20
SerieFactura;IMEI;char;0;25
SerieFactura;Distribuidor;char;1;15
SerieFactura;PtoVenta;char;1;4
SerieFactura;CodPtoVta;smallint;1;2
SerieFactura;CodAgente;char;1;7
SerieFactura;FechaReportado;datetime;1;8
SerieFactura;Impreso;bit;0;1
SerieFactura;Sucursal;char;0;7
SerieIFRuta;CodPais;char;0;3
SerieIFRuta;Dealer;int;0;4
SerieIFRuta;Bodega;char;0;7
SerieIFRuta;Fecha;datetime;0;8
SerieIFRuta;Codigo;char;0;20
SerieIFRuta;Desde;char;0;20
SerieIFRuta;Hasta;char;0;20
SerieIFRuta;ID;int;0;4
SerieImportacion;CodPais;char;0;3
SerieImportacion;Dealer;int;0;4
SerieImportacion;Tda;char;0;7
SerieImportacion;ImportacionNo;int;0;4
SerieImportacion;LineaNo;smallint;0;2
SerieImportacion;SIM;char;0;20
SerieImportacion;IMEI;char;0;25
SerieImportacion;Serie;char;0;15
SerieImportacion;TelNo;char;0;8
SerieImportacion;Codigo;char;0;20
SerieImportacion;Bodega;char;0;7
SerieImportacion;Lectura;char;0;20
SerieImportacion;Cantidad;decimal;0;9
SerieImportacion;UltimoMovimiento;datetime;0;8
SerieInvFisico;CodPais;char;0;3
SerieInvFisico;Dealer;int;0;4
SerieInvFisico;Tda;char;0;7
SerieInvFisico;Tipo;char;0;2
SerieInvFisico;Numero;int;0;4
SerieInvFisico;LineaNo;int;0;4
SerieInvFisico;Codigo;char;0;20
SerieInvFisico;Bodega;char;0;7
SerieInvFisico;Lectura;char;0;20
SerieInvFisico;SIM;char;0;20
SerieInvFisico;IMEI;char;0;15
SerieInvFisico;TelNo;char;0;11
SerieInvFisico;SerieNo;char;0;20
SerieInvFisico;Fisico;decimal;0;9
SerieInvFisico;Teorico;decimal;0;9
SerieInvFisico;Fecha;datetime;0;8
SerieNcProveedor;CodPais;char;0;3
SerieNcProveedor;Dealer;int;0;4
SerieNcProveedor;Tda;char;0;7
SerieNcProveedor;Sucursal;char;0;7
SerieNcProveedor;NoNotaAbono;int;0;4
SerieNcProveedor;Proveedor;char;0;14
SerieNcProveedor;LineaNo;smallint;0;2
SerieNcProveedor;Codigo;char;0;20
SerieNcProveedor;SIM;char;0;20
SerieNcProveedor;IMEI;char;0;15
SerieNcProveedor;TelNo;char;0;11
SerieNcProveedor;SerieNo;char;0;20
SerieNcProveedor;Bodega;char;0;4
SerieNcProveedor;Lectura;char;0;20
SerieNcProveedor;Cantidad;decimal;0;9
SerieNcProveedor;Fecha;datetime;0;8
SerieNotaCredito;CodPais;char;0;3
SerieNotaCredito;Dealer;int;0;4
SerieNotaCredito;Tda;char;0;7
SerieNotaCredito;SerieNC;char;0;10
SerieNotaCredito;No;int;0;4
SerieNotaCredito;LineaNo;smallint;0;2
SerieNotaCredito;SIM;char;0;20
SerieNotaCredito;IMEI;char;0;15
SerieNotaCredito;SerieNo;char;0;20
SerieNotaCredito;CorrID;int;0;4
SerieNotaCredito;Codigo;char;0;20
SerieNotaCredito;Bodega;char;0;7
SerieNotaCredito;Lectura;char;0;20
SerieNotaCredito;TelNo;char;0;11
SerieNotaCredito;Cantidad;decimal;0;9
SerieNotaCredito;Fecha;datetime;0;8
SerieNotaCredito;Sucursal;char;0;7
SeriePedidoVta;CodPais;char;0;3
SeriePedidoVta;Dealer;int;0;4
SeriePedidoVta;Tda;char;0;7
SeriePedidoVta;TipoDoc;char;0;2
SeriePedidoVta;DocNo;int;0;4
SeriePedidoVta;SerieDoc;char;0;6
SeriePedidoVta;LineaNo;smallint;0;2
SeriePedidoVta;SIM;char;0;20
SeriePedidoVta;Serie;char;0;15
SeriePedidoVta;IMEI;char;0;25
SeriePedidoVta;Codigo;char;0;15
SeriePedidoVta;Bodega;char;0;7
SeriePedidoVta;Lectura;char;0;20
SeriePedidoVta;Cantidad;float;0;8
SeriePedidoVta;UltimoMovimiento;datetime;0;8
SeriePedidoVta;NRC;int;1;4
SeriePedidoVta;FechaRegistro;datetime;1;8
SeriePedidoVta;SrSraSrita;char;1;5
SeriePedidoVta;PrimerNombre;char;1;50
SeriePedidoVta;SegundoNombre;char;1;50
SeriePedidoVta;PrimerApellido;char;1;50
SeriePedidoVta;SegundoApellido;char;1;50
SeriePedidoVta;FechaNacimiento;datetime;1;8
SeriePedidoVta;TelContacto;char;1;8
SeriePedidoVta;Direccion;char;1;200
SeriePedidoVta;Municipio;char;1;50
SeriePedidoVta;Departamento;char;1;50
SeriePedidoVta;TipoID;char;1;10
SeriePedidoVta;OtroID;char;1;15
SeriePedidoVta;NoID;char;1;20
SeriePedidoVta;TelNo;char;1;8
SeriePedidoVta;Modelo;char;1;20
SeriePedidoVta;Marca;char;1;20
SeriePedidoVta;Distribuidor;char;1;15
SeriePedidoVta;PtoVenta;char;1;4
SeriePedidoVta;CodPtoVta;smallint;1;2
SeriePedidoVta;CodAgente;char;1;7
SeriePedidoVta;FechaReportado;datetime;1;8
SeriePedidoVta;Impreso;bit;0;1
SerieProduccion;CodPais;char;0;3
SerieProduccion;Dealer;int;0;4
SerieProduccion;ProduccionNo;int;0;4
SerieProduccion;Codigo;char;0;20
SerieProduccion;Bodega;char;0;7
SerieProduccion;LoteSerie;char;0;15
SerieProduccion;Cantidad;float;0;8
SerieProduccion;Fecha;datetime;0;8
SerieRequisicion;CodPais;char;0;3
SerieRequisicion;Dealer;int;0;4
SerieRequisicion;Tda;char;0;7
SerieRequisicion;SerieReq;char;0;6
SerieRequisicion;TipoReq;smallint;0;2
SerieRequisicion;ReqNo;int;0;4
SerieRequisicion;Bodega;char;0;4
SerieRequisicion;Codigo;char;0;20
SerieRequisicion;Linea;smallint;0;2
SerieRequisicion;Lectura;char;0;20
SerieRequisicion;SIM;char;0;20
SerieRequisicion;IMEI;char;0;15
SerieRequisicion;TelNo;char;0;11
SerieRequisicion;SerieNo;char;0;20
SerieRequisicion;Cantidad;float;0;8
SerieRequisicion;Fecha;datetime;0;8
SerieRequisicion;Sucursal;char;0;7
SerieSolTraslado;CodPais;char;0;3
SerieSolTraslado;Dealer;int;0;4
SerieSolTraslado;Tda;char;0;7
SerieSolTraslado;Serie;char;0;6
SerieSolTraslado;TrasladoNo;int;0;4
SerieSolTraslado;LineaNo;smallint;0;2
SerieSolTraslado;CorrID;int;0;4
SerieSolTraslado;Codigo;char;0;20
SerieSolTraslado;Bodega;char;0;7
SerieSolTraslado;Lectura;char;0;20
SerieSolTraslado;SIM;char;0;20
SerieSolTraslado;IMEI;char;0;15
SerieSolTraslado;TelNo;char;0;11
SerieSolTraslado;SerieNo;char;0;20
SerieSolTraslado;Cantidad;float;0;8
SerieSolTraslado;Fecha;datetime;0;8
SerieSolTraslado;Sucursal;char;0;7
SeriesPV;CodPais;char;0;3
SeriesPV;Dealer;int;0;4
SeriesPV;Tda;char;0;7
SeriesPV;Bodega;char;0;7
SeriesPV;Codigo;char;0;20
SeriesPV;Fecha;datetime;0;8
SeriesPV;SIM;char;0;20
SeriesPV;IMEI;char;0;15
SeriesPV;TelNo;char;0;11
SeriesPV;Serie;char;0;25
SeriesPV;Disponible;int;0;4
SeriesPV;Facturar;int;0;4
SeriesPV;Seleccionado;bit;0;1
SeriesPV;Confirmado;bit;0;1
SeriesPV;Usuario;char;0;20
SeriesPVCola;CodPais;char;0;3
SeriesPVCola;Dealer;int;0;4
SeriesPVCola;Tda;char;0;7
SeriesPVCola;Bodega;char;0;7
SeriesPVCola;Codigo;char;0;20
SeriesPVCola;Fecha;datetime;0;8
SeriesPVCola;SIM;char;0;20
SeriesPVCola;IMEI;char;0;15
SeriesPVCola;TelNo;char;0;11
SeriesPVCola;Serie;char;0;25
SeriesPVCola;Disponible;int;0;4
SeriesPVCola;Facturar;int;0;4
SeriesPVCola;Seleccionado;bit;0;1
SeriesPVCola;Confirmado;bit;0;1
SeriesPVCola;NoCola;int;0;4
SeriesPVCola;Terminal;int;0;4
SeriesPVCola;Usuario;char;0;20
SerieTarjetasIF;CodPais;char;0;3
SerieTarjetasIF;Dealer;int;0;4
SerieTarjetasIF;Tda;char;0;7
SerieTarjetasIF;Tipo;char;0;2
SerieTarjetasIF;Numero;int;0;4
SerieTarjetasIF;TarjetaNo;int;0;4
SerieTarjetasIF;Codigo;char;0;20
SerieTarjetasIF;Lectura;char;0;20
SerieTarjetasIF;Vencimiento;date;1;3
SerieTarjetasIF;Cantidad;int;1;4
SerieTraslado;CodPais;char;0;3
SerieTraslado;Dealer;int;0;4
SerieTraslado;Tda;char;0;7
SerieTraslado;Serie;char;0;6
SerieTraslado;TrasladoNo;int;0;4
SerieTraslado;LineaNo;smallint;0;2
SerieTraslado;CorrID;int;0;4
SerieTraslado;Codigo;char;0;20
SerieTraslado;Bodega;char;0;7
SerieTraslado;Lectura;char;0;20
SerieTraslado;SIM;char;0;20
SerieTraslado;IMEI;char;0;15
SerieTraslado;TelNo;char;0;11
SerieTraslado;SerieNo;char;0;20
SerieTraslado;Cantidad;float;0;8
SerieTraslado;Fecha;datetime;0;8
SerieTraslado;Sucursal;char;0;7
SerIngreso;CodPais;char;0;3
SerIngreso;Dealer;int;0;4
SerIngreso;Tienda;char;0;7
SerIngreso;IngresoNo;int;0;4
SerIngreso;LineaNo;smallint;0;2
SerIngreso;Codigo;char;0;20
SerIngreso;Lectura;char;0;20
SerIngreso;SIM;char;0;20
SerIngreso;IMEI;char;0;15
SerIngreso;TelNo;char;0;11
SerIngreso;SerieNo;char;0;20
SerIngreso;Cantidad;int;0;4
ServerConfig;CodPais;char;0;3
ServerConfig;Dealer;smallint;0;2
ServerConfig;NoIntentos;smallint;0;2
ServerConfig;NoClaves;smallint;0;2
ServerConfig;TiempoBloqueo;smallint;0;2
ServerConfig;TiempoInactivo;smallint;0;2
ServerConfig;TiempoRevision;smallint;0;2
ServerConfig;AuditoriaActiva;bit;0;1
ServerConfig;ServerIP;char;0;50
ServerConfig;CarpetaImagenes;char;0;256
ServerConfig;UsuarioFTP;char;0;50
ServerConfig;ClaveFTP;char;0;20
ServerConfig;Validez;smallint;0;2
ServerConfig;Longitud;smallint;0;2
ServerConfig;ServerDB;char;0;100
ServerConfig;DBName;char;0;50
ServerConfig;UsuarioDB;char;0;20
ServerConfig;ClaveDB;char;0;50
ServerConfig;Contingencia;bit;0;1
ServerConfig;TipoFEL;int;0;4
ServerConfig;RespaldoDB;char;0;25
ServerConfig;LocalDB;bit;0;1
SFAConversionUnidades;CodPais;char;0;3
SFAConversionUnidades;Codigo;char;0;20
SFAConversionUnidades;PrecioUnitario;decimal;0;9
SFAConversionUnidades;Factor;decimal;0;9
SFAConversionUnidades;Uxp;decimal;0;9
SFAConversionUnidades;TipoCliente;char;0;7
Sobrantes;CodPais;char;0;3
Sobrantes;Dealer;int;0;4
Sobrantes;Tda;char;0;7
Sobrantes;Fecha;datetime;0;8
Sobrantes;Tiempo;char;0;15
Sobrantes;Codigo;char;0;20
Sobrantes;Cantidad;float;0;8
Sobrantes;CostoUnitario;float;0;8
Sobrantes;Guardado_en;smallint;0;2
Sobrantes;Utilizado;datetime;0;8
Sobrantes;TiempoUtilizado;char;0;15
Sobrantes;Uso;char;0;15
Sobrantes;Usuario;char;0;10
Sobrantes;FechaIngreso;datetime;0;8
Sobrantes;HoraIngreso;char;0;6
Sobrantes;UsuarioModificado;char;0;10
Sobrantes;FechaModificado;datetime;0;8
Sobrantes;HoraModificado;char;0;6
Sobrantes;NumeroModificaciones;int;0;4
Sobrantes;Pendiente;float;0;8
SolDetTraslado;CodPais;char;0;3
SolDetTraslado;Dealer;int;0;4
SolDetTraslado;Tda;char;0;7
SolDetTraslado;Serie;char;0;6
SolDetTraslado;TrasladoNo;int;0;4
SolDetTraslado;LineaNo;smallint;0;2
SolDetTraslado;Codigo;char;0;20
SolDetTraslado;Referencia;char;0;8
SolDetTraslado;Fecha;datetime;0;8
SolDetTraslado;Cantidad;decimal;0;9
SolDetTraslado;CostoUnitario;decimal;0;9
SolDetTraslado;Importe;decimal;0;9
SolDetTraslado;DeBodega;char;0;7
SolDetTraslado;ParaBodega;char;0;7
SolDetTraslado;Despachado;bit;0;1
SolDetTraslado;Sucursal;char;0;6
SolDetTraslado;CodigoBarra;char;0;20
SolDetTraslado;Desde;char;0;20
SolDetTraslado;Hasta;char;0;20
SolDetTraslado;CantidadRecibida;decimal;1;9
SolDetTraslado;Vapor;smallint;1;2
SolDetTraslado;Lote;char;1;15
SolDetTraslado;TipoUnidad;char;0;2
SolDetTraslado;CantidadTraslado;decimal;0;9
SolDetTraslado;CostoUnidad;decimal;0;9
SolDetTraslado;CantTraslRecibida;decimal;0;9
SolicitaOC;CodPais;char;0;3
SolicitaOC;Dealer;int;0;4
SolicitaOC;Codigo;char;0;4
SolicitaOC;Descripcion;varchar;1;75
SolicitaOC;Activo;bit;1;1
SolicitudAfiliacion;CodPais;char;0;3
SolicitudAfiliacion;Dealer;int;0;4
SolicitudAfiliacion;SolicitudNo;int;0;4
SolicitudAfiliacion;Fecha;datetime;0;8
SolicitudAfiliacion;Hora;char;0;6
SolicitudAfiliacion;Usuario;char;0;10
SolicitudAfiliacion;TipoPersona;bit;0;1
SolicitudAfiliacion;Vendedor;char;0;7
SolicitudAfiliacion;Ruta;int;0;4
SolicitudAfiliacion;TipoCliente;smallint;0;2
SolicitudAfiliacion;Nacionalidad;char;0;3
SolicitudAfiliacion;Nombres;char;0;100
SolicitudAfiliacion;Apellido;char;0;50
SolicitudAfiliacion;ConocidoPor;char;0;50
SolicitudAfiliacion;DUI;char;0;10
SolicitudAfiliacion;NIT;char;0;14
SolicitudAfiliacion;NRC;char;0;10
SolicitudAfiliacion;IdExtranjero;char;0;25
SolicitudAfiliacion;Sexo;char;0;1
SolicitudAfiliacion;EstadoCivil;char;0;1
SolicitudAfiliacion;FechaNacimiento;datetime;0;8
SolicitudAfiliacion;Direccion;char;0;250
SolicitudAfiliacion;LugarReferencia;char;0;75
SolicitudAfiliacion;Departamento;smallint;0;2
SolicitudAfiliacion;Municipio;smallint;0;2
SolicitudAfiliacion;Colonia;int;0;4
SolicitudAfiliacion;Telefono;char;0;11
SolicitudAfiliacion;Pais;char;0;3
SolicitudAfiliacion;Titular;char;0;125
SolicitudAfiliacion;NombreTitular;char;0;125
SolicitudAfiliacion;DUITitular;char;0;10
SolicitudAfiliacion;NITTitular;char;0;14
SolicitudAfiliacion;IdExtranjeroTitular;char;0;25
SolicitudAfiliacion;PaisTitular;char;0;3
SolicitudAfiliacion;Segmento;int;0;4
SolicitudAfiliacion;ActividadEconomica;int;0;4
SolicitudAfiliacion;GiroNegocio;int;0;4
SolicitudAfiliacion;DetalleActividad;char;0;125
SolicitudAfiliacion;NombreComercial;char;0;125
SolicitudAfiliacion;DireccionNegocio;char;0;125
SolicitudAfiliacion;Profesion;char;0;50
SolicitudAfiliacion;PPE;bit;0;1
SolicitudAfiliacion;CargoPPE;char;0;50
SolicitudAfiliacion;InstitucionPPE;char;0;125
SolicitudAfiliacion;MedioPago;char;0;1
SolicitudAfiliacion;RazonSocial;char;0;125
SolicitudAfiliacion;TipoContribuyente;char;0;10
SolicitudAfiliacion;IngresosNegocio;float;0;8
SolicitudAfiliacion;DocAsignar;char;0;2
SolicitudAfiliacion;RecintoFiscal;bit;0;1
SolicitudAfiliacion;Exencion;bit;0;1
SolicitudAfiliacion;TelefonoCel;char;1;11
SolicitudAfiliacion;Correo;char;1;30
SolicitudAfiliacion;CodCliente;char;1;10
SolicitudAfiliacion;CompMensuales;float;1;8
SolicitudAfiliacion;FormaPago;char;1;1
SolicitudAfiliacion;AbonoMensual;float;1;8
SolicitudAfiliacion;AbonoElectronico;float;1;8
SolicitudAfiliacion;CodigoContable;char;1;15
SolicitudDocAnexo;CodPais;char;0;3
SolicitudDocAnexo;Dealer;int;0;4
SolicitudDocAnexo;SolicitudNo;int;0;4
SolicitudDocAnexo;Corr;int;0;4
SolicitudDocAnexo;Tipo;char;0;10
SolicitudDocAnexo;Imagen;nvarchar;0;500
SolTraslado;CodPais;char;0;3
SolTraslado;Dealer;int;0;4
SolTraslado;Tda;char;0;7
SolTraslado;Serie;char;0;6
SolTraslado;TrasladoNo;int;0;4
SolTraslado;Fecha;datetime;0;8
SolTraslado;DeBodega;char;0;7
SolTraslado;ParaBodega;char;0;7
SolTraslado;Transporta;smallint;0;2
SolTraslado;Recibe;smallint;0;2
SolTraslado;Total;decimal;0;9
SolTraslado;UltimaLinea;smallint;0;2
SolTraslado;Justificacion;char;0;256
SolTraslado;Estatus;char;0;1
SolTraslado;EnvioNo;char;0;8
SolTraslado;Vehiculo;smallint;0;2
SolTraslado;UserCreador;char;0;10
SolTraslado;UserModify;char;0;10
SolTraslado;FechaNatural;datetime;0;8
SolTraslado;Sucursal;char;0;7
SolTraslado;ClienteNo;char;0;10
SolTraslado;IngBodega;int;1;4
SolTraslado;Vendedor;nchar;1;14
SolTraslado;Estatus2;char;1;1
SolTraslado;UserRecibe;char;1;10
SolTraslado;FechaRecibido;datetime;1;8
SolTraslado;HoraRecibido;nvarchar;1;20
SolTraslado;FechaNatRecibido;datetime;1;8
SolTraslado;ERPKey;nvarchar;1;100
SolTraslado;ClaseTraslado;char;1;2
SolTraslado;NoInventariar;smallint;1;2
SolTraslado;Cantidad;decimal;0;5
SolTraslado;Motorista;varchar;0;100
SolTrasladoTemp;Usuario;varchar;0;20
SolTrasladoTemp;Bodega;varchar;0;7
SolTrasladoTemp;Codigo;char;0;20
SolTrasladoTemp;Descripcion;varchar;0;100
SolTrasladoTemp;Tipo;char;0;1
SolTrasladoTemp;Presentacion;char;0;2
SolTrasladoTemp;CantidadCombo;decimal;0;9
SolTrasladoTemp;Cantidad;decimal;0;9
SolTrasladoTemp;PrecioLista;decimal;0;9
SolTrasladoTemp;Unitario;decimal;0;9
SolTrasladoTemp;Importe;decimal;0;9
SolTrasladoTemp;Existencia;decimal;0;9
SolTrasladoTemp;Foto;varchar;0;250
SolTrasladoTemp;ExistenciaDestino;decimal;0;9
Sometimiento;CodPais;char;0;3
Sometimiento;Dealer;int;0;4
Sometimiento;Tda;char;0;7
Sometimiento;Fecha;datetime;0;8
Sometimiento;Hora;char;0;6
Sometimiento;Tipo;char;0;2
Sometimiento;Pedido;int;0;4
Sometimiento;Correlativo;int;0;4
Sometimiento;Proveedor;smallint;0;2
Sometimiento;Estatus;char;0;2
Sometimiento;Cantidad;float;0;8
Sometimiento;Precio;float;0;8
String;CodPais;char;0;3
String;Dealer;int;0;4
String;Tipo;char;0;10
String;String;char;0;150
String;Ubicacion;smallint;0;2
SubGrupoProd;CodPais;char;0;3
SubGrupoProd;Dealer;int;0;4
SubGrupoProd;Grupo;char;0;7
SubGrupoProd;SubGrupo;char;0;7
SubGrupoProd;Descripcion;char;0;40
SubGrupoProd;SubGrupoNew;varchar;0;10
Sublinea;CodPais;char;0;3
Sublinea;Dealer;int;0;4
Sublinea;Linea;char;0;3
Sublinea;Sublinea;char;0;7
Sublinea;Descripcion;char;0;40
Sublinea;ActPrecio;bit;0;1
SubLineaPrecio;CodPais;char;0;3
SubLineaPrecio;Dealer;int;0;4
SubLineaPrecio;Sublinea;char;0;7
SubLineaPrecio;Desde;decimal;0;9
SubLineaPrecio;Hasta;decimal;0;9
SubLineaPrecio;Precio;float;0;8
SubMotivo;CodPais;char;0;3
SubMotivo;CodigoMotivo;int;0;4
SubMotivo;CodigoSub;int;0;4
SubMotivo;Descripcion;char;0;60
SubProducto;CodPais;char;0;3
SubProducto;Dealer;smallint;0;2
SubProducto;Codigo;char;0;20
SubProducto;Estado;bit;0;1
Subproductos;CodPais;char;0;3
Subproductos;Dealer;int;0;4
Subproductos;Codigo;char;0;12
Subproductos;Estado;bit;0;1
SubrubroProyecto;CodPais;char;0;3
SubrubroProyecto;Dealer;int;0;4
SubrubroProyecto;IdProyecto;char;0;3
SubrubroProyecto;IdSubrubro;char;0;2
SubrubroProyecto;NombreSubrubro;char;0;60
SubrubroProyecto;Tolerancia;real;0;4
SubrubroProyecto;Saldo2015;decimal;0;9
SubSegmento;CodPais;char;0;3
SubSegmento;Dealer;int;0;4
SubSegmento;SolicitudNo;int;0;4
SubSegmento;Corr;int;0;4
SubSegmento;SubSegmento;smallint;0;2
Subzona;CodPais;char;0;3
Subzona;Numero;smallint;0;2
Subzona;Nombre;char;0;25
Subzona;Zona;smallint;0;2
Subzona;Coordinador;smallint;0;2
Subzona;CodigoPostal;char;0;10
Sucursal;CodPais;char;0;3
Sucursal;Dealer;int;0;4
Sucursal;Sucursal;char;0;7
Sucursal;Nombre;char;0;60
Sucursal;BodDefecto;char;0;7
Sucursal;CajeroDefecto;char;0;7
Sucursal;Email;char;0;75
Sucursal;EstablecimientoNo;char;0;5
Sucursal;Departamento;smallint;0;2
Sucursal;Municipio;smallint;0;2
Sucursal;Direccion;varchar;0;150
Sucursal;CorrCliente;int;0;4
Sucursal;Corr2;int;0;4
Sucursal;Corr3;int;0;4
Sucursal;Orden;int;0;4
Sucursal;NombreComercial;char;0;100
Sucursal;Logo;char;0;250
Sucursal;NombreCheque;char;0;100
Sucursal;RazonSocial;char;0;100
Sucursal;Nivel;smallint;0;2
Sucursal;EmpDefecto;smallint;0;2
Sucursal;Tel1;char;0;15
Sucursal;Tel2;char;0;15
Sucursal;TipoEstablecimiento;char;0;2
SucursalBodega;CodPais;char;0;3
SucursalBodega;Dealer;int;0;4
SucursalBodega;Sucursal;char;0;7
SucursalBodega;Bodega;char;0;7
SucursalBodega;Activo;bit;0;1
SujetoRetencion;CodPais;char;0;3
SujetoRetencion;Dealer;int;0;4
SujetoRetencion;Sujeto;char;0;10
SujetoRetencion;Nombre;char;0;75
SujetoRetencion;NIT;char;0;15
SujetoRetencion;DUI;char;0;10
Supervisor;CodPais;char;0;3
Supervisor;Dealer;int;0;4
Supervisor;Supervisor;smallint;0;2
Supervisor;Nombre;char;0;60
Supervisor;Zona;char;0;12
Supervisor;Correo;nvarchar;1;100
sysdiagrams;name;sysname;0;256
sysdiagrams;principal_id;int;0;4
sysdiagrams;diagram_id;int;0;4
sysdiagrams;version;int;1;4
sysdiagrams;definition;varbinary;1;-1
T_Surtidor;CodPais;char;0;3
T_Surtidor;Dealer;int;0;4
T_Surtidor;Tda;char;0;7
T_Surtidor;Surtidor;int;0;4
T_Surtidor;Descripcion;varchar;0;50
T_Surtidor;Isla;int;0;4
T_Surtidor;TipoServicio;smallint;0;2
T_TipoComb;CodPais;char;0;3
T_TipoComb;Dealer;int;0;4
T_TipoComb;TipoComb;smallint;0;2
T_TipoComb;Descripcion;varchar;0;50
T_TipoServicio;CodPais;char;0;3
T_TipoServicio;Dealer;int;0;4
T_TipoServicio;TipoServicio;smallint;0;2
T_TipoServicio;Descripcion;varchar;0;50
T_Turno;CodPais;char;0;3
T_Turno;Dealer;int;0;4
T_Turno;Tda;char;0;7
T_Turno;Turno;int;0;4
T_Turno;Fecha;date;0;3
T_Turno;HoraInicio;time;0;5
T_Turno;FechaFinal;date;0;3
T_Turno;HoraFinal;time;0;5
T_Turno;SurtidorNo;int;0;4
T_Turno;Inicial1;int;0;4
T_Turno;Final1;int;0;4
T_Turno;Precio1;decimal;0;9
T_Turno;Inicial2;int;0;4
T_Turno;Final2;int;0;4
T_Turno;Precio2;decimal;0;9
T_Turno;Inicial3;int;0;4
T_Turno;Final3;int;0;4
T_Turno;Precio3;decimal;0;9
T_Turno;Empleado;int;0;4
T_Turno;FechaNatural;date;0;3
T_Turno;UsuarioCreador;varchar;0;20
T_Turno;UsuarioModi;varchar;0;20
T_Turno;HoraModi;time;0;5
T_Turno;HoraCreado;time;0;5
T_Turno;Efectivo;decimal;0;9
T_Turno;Tarjeta;decimal;0;9
T_Turno;Vale;decimal;0;9
T_Turno;Transferencia;decimal;0;9
T_Turno;DevCisterna;decimal;0;9
T_Vale;CodPais;char;0;3
T_Vale;Dealer;int;0;4
T_Vale;Tda;char;0;7
T_Vale;ValeNo;int;0;4
T_Vale;Fecha;date;0;3
T_Vale;Hora;time;0;5
T_Vale;Surtidor;int;0;4
T_Vale;ClienteNo;char;0;10
T_Vale;Conductor;varchar;0;50
T_Vale;PlacaNo;varchar;0;15
T_Vale;TipoComb;smallint;0;2
T_Vale;Galones;decimal;0;9
T_Vale;PrecioUnitario;decimal;0;9
T_Vale;Importe;decimal;0;9
T_Vale;FormaPago;char;0;1
T_Vale;Dias;smallint;0;2
T_Vale;ID;int;0;4
T_Vale;FechaNatural;datetime;0;8
T_Veeder;CodPais;char;0;3
T_Veeder;Dealer;int;0;4
T_Veeder;Tda;char;0;7
T_Veeder;Fecha;date;0;3
T_Veeder;TipoComb;smallint;0;2
T_Veeder;Inicial;int;0;4
T_Veeder;Final;int;0;4
TablaDescuento;CodPais;char;0;3
TablaDescuento;Dealer;int;0;4
TablaDescuento;TipoDesc;smallint;0;2
TablaDescuento;Desde;decimal;0;9
TablaDescuento;Hasta;decimal;0;9
TablaDescuento;Porcentaje;int;0;4
TablaImpuestoRenta;CodPais;char;0;3
TablaImpuestoRenta;Dealer;int;0;4
TablaImpuestoRenta;PeriodoPago;smallint;0;2
TablaImpuestoRenta;Desde;decimal;0;9
TablaImpuestoRenta;Hasta;decimal;0;9
TablaImpuestoRenta;Base1;decimal;0;9
TablaImpuestoRenta;TasaExcedente;real;0;4
TablaImpuestoRenta;Base2;decimal;0;9
TablaRetencion;CodPais;char;0;3
TablaRetencion;Tipo;char;0;1
TablaRetencion;Codigo;smallint;0;2
TablaRetencion;Descripcion;char;1;50
TablaRetencion;Desde;decimal;0;9
TablaRetencion;Hasta;decimal;0;9
TablaRetencion;Porcentaje;decimal;1;5
TablaRetencion;MontoFijo;decimal;1;9
TablaRetencion;IVA;bit;1;1
TablaRetencion;ISR;bit;1;1
TableExtralimite;CodPais;char;0;3
TableExtralimite;Dealer;int;0;4
TableExtralimite;Tipo;char;0;2
TableExtralimite;Dia;smallint;0;2
TableExtralimite;Porcentaje;real;0;4
TabOrdenTC;CodPais;char;0;3
TabOrdenTC;Dealer;int;0;4
TabOrdenTC;TipoCliente;int;0;4
TabOrdenTC;Orden;int;0;4
Talla;CodPais;char;0;3
Talla;Dealer;smallint;0;2
Talla;Codigo;smallint;0;2
Talla;Talla;char;0;4
Talla;Inactivo;bit;0;1
Tarjeta;CodPais;char;0;3
Tarjeta;CodTarjeta;char;0;6
Tarjeta;Descripcion;char;0;60
Tarjeta;Emisor;char;0;6
Tarjeta;Comision;real;0;4
TarjetasIF;CodPais;char;0;3
TarjetasIF;Dealer;int;0;4
TarjetasIF;Tda;char;0;7
TarjetasIF;Tipo;char;0;2
TarjetasIF;Numero;int;0;4
TarjetasIF;TarjetaNo;smallint;0;2
TarjetasIF;LineaNo;int;0;4
TarjetasIF;Codigo;char;0;20
TarjetasIF;Cantidad;decimal;0;9
TarjetasIF;CostoUnitario;decimal;0;9
TarjetasIF;Usuario;char;1;75
TarjetasIF;Fecha;datetime;0;8
TarjetasIF;Hora;char;0;6
TarjetasIF;Zona;char;0;10
TarjetasIF;CorrDigitacion;decimal;0;9
TarjetasIF;TipoUnidad;char;0;2
TarjetasIF;CantidadContada;decimal;0;9
TarjetasIF;CostoUnidad;decimal;0;9
TbConfig;CodPais;char;0;3
TbConfig;Dealer;smallint;0;2
TbConfig;Nombre;char;0;150
TbConfig;NIT;char;0;14
TbConfig;NoIntentos;smallint;0;2
TbConfig;NoClaves;smallint;0;2
TbConfig;TiempoBloqueo;char;0;6
TbConfig;TiempoInactivo;char;0;6
TbConfig;TiempoRevision;char;0;6
TbConfig;AuditoriaActiva;bit;0;1
TbConfig;ValidezClaves;smallint;0;2
TbConfig;LongitudClaves;smallint;0;2
TbConfig;ServerIP;char;0;25
TbConfig;CarpetaImagenes;char;0;200
TbConfig;ftpUsuario;char;0;20
TbConfig;ftpRegistro;char;0;20
TbConfig;DiasInteres;smallint;0;2
TbConfig;CreadoPor;char;0;20
TbConfig;ModificadoPor;char;0;20
TbConfig;FechaCreado;datetime;0;8
TbConfig;HoraCreado;char;0;6
TbConfig;FechaUpdate;datetime;0;8
TbConfig;HoraUpdate;char;0;6
tbl_usuarios_conectados;spid;smallint;1;2
tbl_usuarios_conectados;ecid;smallint;1;2
tbl_usuarios_conectados;status;nchar;1;60
tbl_usuarios_conectados;loginname;nchar;1;256
tbl_usuarios_conectados;hostname;nchar;1;256
tbl_usuarios_conectados;blk;char;1;5
tbl_usuarios_conectados;dbname;nchar;1;256
tbl_usuarios_conectados;cmd;nchar;1;32
tbl_usuarios_conectados;request_id;int;1;4
Tblusuariosconectados;spid;smallint;1;2
Tblusuariosconectados;ecid;smallint;1;2
Tblusuariosconectados;status;nchar;1;60
Tblusuariosconectados;loginname;nchar;1;256
Tblusuariosconectados;hostname;nchar;1;256
Tblusuariosconectados;blk;char;1;5
Tblusuariosconectados;dbname;nchar;1;256
Tblusuariosconectados;cmd;nchar;1;32
Tblusuariosconectados;request_id;int;1;4
TelefonoCliente;CodPais;char;0;3
TelefonoCliente;Dealer;int;0;4
TelefonoCliente;ClienteNo;char;0;10
TelefonoCliente;Contacto;char;0;50
TelefonoCliente;Codigo_Area;smallint;0;2
TelefonoCliente;Numero;char;0;8
TelefonoCliente;Tipo;char;0;2
TelefonoCliente;Direccion_de_Correo;char;0;100
TelefonoCliente;id;int;0;4
TEMP_0716830;FLD1;char;0;3
TEMP_0716830;FLD2;char;0;20
TEMP_0716830;FLD3;char;1;20
TEMP_0716830;FLD4;char;1;200
TEMP_0716830;FLD5;char;1;20
TEMP_0716830;FLD6;float;1;8
TEMP_0716830;FLD7;float;0;8
TEMP_0716830;FLD8;char;1;100
TEMP_0716830;FLD9;float;0;8
TEMP_0716830;TS;timestamp;0;8
TEMP_1932059;FLD1;char;0;4
TEMP_1932059;FLD2;char;1;100
TEMP_1932059;FLD3;char;1;20
TEMP_1932059;FLD4;char;1;100
TEMP_1932059;FLD5;char;1;20
TEMP_1932059;FLD6;numeric;1;9
TEMP_1932059;FLD7;numeric;1;17
TEMP_1932059;FLD8;numeric;1;17
TEMP_1932059;TS;timestamp;0;8
TEMP_2854891;FLD1;char;0;3
TEMP_2854891;FLD2;char;0;20
TEMP_2854891;FLD3;char;1;20
TEMP_2854891;FLD4;char;1;200
TEMP_2854891;FLD5;char;1;20
TEMP_2854891;FLD6;float;1;8
TEMP_2854891;FLD7;float;0;8
TEMP_2854891;FLD8;char;1;100
TEMP_2854891;FLD9;float;0;8
TEMP_2854891;TS;timestamp;0;8
TEMP_3494846;FLD1;char;0;3
TEMP_3494846;FLD2;char;0;20
TEMP_3494846;FLD3;char;1;20
TEMP_3494846;FLD4;char;1;200
TEMP_3494846;FLD5;char;1;20
TEMP_3494846;FLD6;float;1;8
TEMP_3494846;FLD7;float;0;8
TEMP_3494846;FLD8;char;1;100
TEMP_3494846;FLD9;float;0;8
TEMP_3494846;TS;timestamp;0;8
TEMP_3773180;FLD1;int;0;4
TEMP_3773180;TS;timestamp;0;8
TEMP_5333030;FLD1;char;0;3
TEMP_5333030;FLD2;smallint;0;2
TEMP_5333030;FLD3;char;0;7
TEMP_5333030;FLD4;char;0;20
TEMP_5333030;FLD5;char;0;2
TEMP_5333030;FLD6;int;0;4
TEMP_5333030;FLD7;datetime;0;8
TEMP_5333030;FLD8;char;0;100
TEMP_5333030;FLD9;char;0;2
TEMP_5333030;TS;timestamp;0;8
TEMP_5753078;FLD1;char;0;3
TEMP_5753078;FLD2;char;0;20
TEMP_5753078;FLD3;char;1;20
TEMP_5753078;FLD4;char;1;200
TEMP_5753078;FLD5;char;1;20
TEMP_5753078;FLD6;float;1;8
TEMP_5753078;FLD7;float;0;8
TEMP_5753078;FLD8;char;1;100
TEMP_5753078;FLD9;float;0;8
TEMP_5753078;TS;timestamp;0;8
TEMP_6689213;FLD1;int;0;4
TEMP_6689213;TS;timestamp;0;8
TEMP_7102624;FLD1;char;0;3
TEMP_7102624;FLD2;char;0;20
TEMP_7102624;FLD3;char;1;20
TEMP_7102624;FLD4;char;1;200
TEMP_7102624;FLD5;char;1;20
TEMP_7102624;FLD6;float;1;8
TEMP_7102624;FLD7;float;0;8
TEMP_7102624;FLD8;char;1;100
TEMP_7102624;FLD9;float;0;8
TEMP_7102624;TS;timestamp;0;8
TEMP_7383163;TMPFLD1;datetime;0;8
TEMP_7383163;TMPFLD3;char;0;2
TEMP_7383163;TMPFLD4;int;0;4
TEMP_7383163;TMPFLD5;char;0;20
TEMP_7383163;TMPFLD6;float;0;8
TEMP_7383163;TMPFLD7;float;0;8
TEMP_7383163;TMPFLD8;float;0;8
TEMP_7383163;TMPFLD9;float;0;8
TEMP_7383163;TMPFLD10;datetime;0;8
TEMP_7383163;TMPFLD11;int;0;4
TEMP_7383163;TS;timestamp;0;8
TEMP_8518500;FLD1;int;0;4
TEMP_8518500;TS;timestamp;0;8
TEMP_9787488;FLD1;char;0;3
TEMP_9787488;FLD2;char;0;20
TEMP_9787488;FLD3;char;1;20
TEMP_9787488;FLD4;char;1;200
TEMP_9787488;FLD5;char;1;20
TEMP_9787488;FLD6;float;1;8
TEMP_9787488;FLD7;float;0;8
TEMP_9787488;FLD8;char;1;100
TEMP_9787488;FLD9;float;0;8
TEMP_9787488;TS;timestamp;0;8
TEMP_9823091;FLD1;int;0;4
TEMP_9823091;TS;timestamp;0;8
TempCompra;CodPais;char;0;3
TempCompra;Dealer;int;0;4
TempCompra;Tda;char;0;7
TempCompra;CompraNo;int;0;4
TempCompra;No;bigint;1;8
TempCtaCte;CodPais;char;0;3
TempCtaCte;Dealer;int;0;4
TempCtaCte;Usuario;char;0;10
TempCtaCte;Proveedor;char;0;14
TempCtaCte;TipoCafe;int;0;4
TempCtaCte;Documento;char;0;15
TempCtaCte;idTempCtaCte;int;0;4
TempCtaCte;Contratado;float;0;8
TempCtaCte;ValorContratado;float;0;8
TempCtaCte;Recibido;float;0;8
TempCtaCte;Fijado;float;0;8
TempCtaCte;Anticipo;float;0;8
TempCtaCte;Interes;float;0;8
TempOC;CodPais;char;0;3
TempOC;Dealer;int;0;4
TempOC;Tda;char;0;7
TempOC;OrdenNo;int;0;4
TempOC;LineaNo;int;0;4
TempOC;Bodega;char;1;7
TempOC;Codigo;char;1;20
TempOC;Cantidad;decimal;1;9
TempOC;PrecioUnitario;decimal;1;9
TempOC;Importe;decimal;1;9
TempOC;TipoUnidad;char;1;2
TempOC;Aplicar;bit;1;1
Temporada;CodPais;char;0;3
Temporada;Dealer;int;0;4
Temporada;Codigo;int;0;4
Temporada;Descripcion;char;0;25
Temporada;TrabDomingo;bit;0;1
Temporada;TrabSabado;bit;0;1
TempPedidoCompra;CodPais;char;0;3
TempPedidoCompra;Dealer;int;0;4
TempPedidoCompra;Bodega;char;0;7
TempPedidoCompra;Codigo;char;0;20
TempPedidoCompra;Descripcion;char;1;150
TempPedidoCompra;Unidad;char;1;20
TempPedidoCompra;Existencia;decimal;1;9
TempPedidoCompra;Minimo;decimal;1;9
TempPedidoCompra;Maximo;decimal;1;9
TempPedidoCompra;Recomendado;decimal;1;9
TempPedidoCompra;Pedir;int;1;4
TempPedidoCompra;Usuario;char;0;20
TempPorEncajar;CodPais;char;1;3
TempPorEncajar;Dealer;int;1;4
TempPorEncajar;Tda;char;1;7
TempPorEncajar;Nombre;varchar;1;150
TempPorEncajar;Codigo;char;1;20
TempPorEncajar;Descripcion;varchar;1;150
TempPorEncajar;Color;varchar;1;30
TempPorEncajar;PorEncajar;int;1;4
TempPorEncajar;Pie;bit;1;1
TempPorEncajar;Usuario;char;1;20
TempPorEncajar;ID;int;0;4
Termica;CodPais;char;0;3
Termica;Dealer;int;0;4
Termica;Tda;char;0;7
Termica;Fecha;datetime;0;8
Termica;Tiempo;char;0;15
Termica;Codigo;char;0;20
Termica;Cantidad;float;0;8
Termica;CostoUnitario;float;0;8
Termica;Usuario;char;0;10
Termica;FechaIngreso;datetime;0;8
Termica;HoraIngreso;char;0;8
Termica;UsuarioModificado;char;0;10
Termica;FechaModificado;datetime;0;8
Termica;HoraModificado;char;0;8
Termica;NumeroModificaciones;int;0;4
Termica;Sobrantes;float;0;8
Terminal;CodPais;char;0;3
Terminal;Dealer;int;0;4
Terminal;Tda;char;0;7
Terminal;Terminal;int;0;4
Terminal;Descripcion;char;0;50
Terminal;SerieTicket;char;0;20
Terminal;NoID;char;0;15
Terminal;Printer;char;0;25
Terminal;Desde;int;0;4
Terminal;Hasta;int;0;4
Terminal;Ultimo;int;0;4
Terminal;Estado;char;0;1
Terminal;Direccion;char;0;100
Terminal;CajaNo;char;0;7
Terminal;Resolucion;char;0;50
Tesoreria;CodPais;char;0;3
Tesoreria;Dealer;int;0;4
Tesoreria;CuentaContable;char;0;15
Tesoreria;Banco;char;0;50
Tesoreria;CuentaBancaria;char;0;20
Tesoreria;UltimoChequeAsig;int;0;4
Tesoreria;UltimoChequeEmit;int;0;4
Tesoreria;Serie;char;0;10
Tesoreria;Inicial;decimal;0;9
Tesoreria;Cargo;decimal;0;9
Tesoreria;Abono;decimal;0;9
Tesoreria;Saldo;decimal;0;9
Tesoreria;Compensacion;decimal;0;9
Tesoreria;SaldoDisponible;decimal;0;9
Tesoreria;TipoVoucher;char;0;5
TiempoEntrega;CodPais;char;0;3
TiempoEntrega;Dealer;int;0;4
TiempoEntrega;Codigo;char;0;1
TiempoEntrega;Descripcion;char;0;50
TiketAnulado;CodPais;char;0;3
TiketAnulado;Dealer;smallint;0;2
TiketAnulado;Tda;char;0;7
TiketAnulado;Serie;char;0;6
TiketAnulado;TipoDoc;char;0;2
TiketAnulado;DocNo;int;0;4
TiketAnulado;ClienteNo;char;0;10
TiketAnulado;DespachoEntrega;int;0;4
TiketAnulado;Bodega;char;0;4
TiketAnulado;Cajero;char;0;4
TiketAnulado;NoItems;smallint;0;2
TiketAnulado;Fecha;datetime;0;8
TiketAnulado;Subtotal;decimal;0;9
TiketAnulado;Descuento;decimal;0;9
TiketAnulado;Gravadas;decimal;0;9
TiketAnulado;IVA;decimal;0;9
TiketAnulado;Exentas;decimal;0;9
TiketAnulado;NoSujetas;decimal;0;9
TiketAnulado;Total;decimal;0;9
TiketAnulado;FormaPago;char;0;1
TiketAnulado;Dias;smallint;0;2
TiketAnulado;Vencimiento;datetime;0;8
TiketAnulado;Vendedor;char;0;4
TiketAnulado;Estatus;smallint;0;2
TiketAnulado;Saldo;decimal;0;9
TiketAnulado;FactNoRegistro;char;0;8
TiketAnulado;FactNombre;char;0;40
TiketAnulado;FactDireccion;char;0;80
TiketAnulado;FactGiro;char;0;50
TiketAnulado;FactMunicipio;char;0;20
TiketAnulado;FactDepartamento;char;0;20
TiketAnulado;NIT;char;0;20
TiketAnulado;Usuario;char;0;8
TiketAnulado;Dev;char;0;4
TiketAnulado;ClaseDocumento;char;0;2
TiketAnulado;TipoCambio;decimal;0;9
TiketAnulado;TiketAnulado;int;0;4
TiketAnulado;Seguro;decimal;0;9
TiketAnulado;NumeroPedido;decimal;0;9
TiketAnulado;NoDUI;char;0;15
TiketAnulado;Declarada;bit;0;1
TiketAnulado;Zona;smallint;0;2
TiketAnulado;DepNo;smallint;0;2
TiketAnulado;MunNo;smallint;0;2
TiketAnulado;Sucursal;char;0;6
TiketAnulado;Hora;char;0;6
TiketAnulado;MotivoDev;smallint;0;2
TiketAnulado;IdTrans;char;1;50
TiketAnulado;SerieAnulado;char;0;20
TiketAnulado;ERPKey;varchar;0;50
TipExam;CodPais;char;0;3
TipExam;Dealer;int;0;4
TipExam;CodigoExamen;smallint;0;2
TipExam;Tipo;char;0;35
TIPO_MOV;Codigo;char;0;20
TIPO_MOV;Descripcion;char;0;250
TIPO_MOV;EC;bit;0;1
TIPO_MOV;Comision;float;0;8
TIPO_MOV;EB;bit;0;1
TIPO_MOV;Exento;bit;1;1
TipoAccionPersonal;CodPais;char;0;3
TipoAccionPersonal;Dealer;smallint;0;2
TipoAccionPersonal;Tipo;smallint;0;2
TipoAccionPersonal;Descripcion;char;0;50
TipoAF;CodPais;char;0;3
TipoAF;Dealer;int;0;4
TipoAF;Descripcion;char;0;30
TipoAF;Cuenta_Depreciacion;char;0;15
TipoAF;Cuenta_Gastos;char;0;15
TipoAF;Codigo;smallint;0;2
TipoCafe;CodPais;char;0;3
TipoCafe;Dealer;smallint;0;2
TipoCafe;idTipoCafe;int;0;4
TipoCafe;Descripcion;varchar;0;75
TipoCafe;Equivalencia;decimal;0;9
TipoCafe;Codigo;char;0;20
TipoCafe;RefRend;bit;0;1
TipoCafe;UnidadMedida;char;0;25
TipoCafe;PrecioReferencia;float;0;8
TipoCliente;CodPais;char;0;3
TipoCliente;Dealer;int;0;4
TipoCliente;Tipo;smallint;0;2
TipoCliente;Descripcion;char;1;20
TipoCliente;FactorPrecioVenta;decimal;1;9
TipoCliente;Porcentaje;real;1;4
TipoCliente;Habilitado;bit;1;1
TipoCliente;Apocope;char;1;8
TipoCliente;Modificable;bit;1;1
TipoCliente;OrdenProceso;int;0;4
TipoClientePrecio;CodPais;char;0;3
TipoClientePrecio;Dealer;int;0;4
TipoClientePrecio;TipoCliente;smallint;0;2
TipoClientePrecio;Codigo;char;0;20
TipoClientePrecio;Desde;int;0;4
TipoClientePrecio;Hasta;int;0;4
TipoClientePrecio;Precio;decimal;0;9
TipoClientePrecio;UAct;char;0;14
TipoContingencia;CodPais;char;0;3
TipoContingencia;Tipo;smallint;0;2
TipoContingencia;Motivo;varchar;1;150
TipoContrato;CodPais;char;0;3
TipoContrato;Dealer;int;0;4
TipoContrato;Codigo;smallint;0;2
TipoContrato;Descripcion;char;0;75
TipoContrato;Activo;bit;0;1
TipoContrato;UsuarioCreador;char;0;20
TipoContrato;FechaCreado;datetime;0;8
TipoContrato;HoraCreado;char;0;8
TipoCuadro;CodPais;char;0;3
TipoCuadro;Dealer;int;0;4
TipoCuadro;Tipo;smallint;0;2
TipoCuadro;Descripcion;char;0;20
TipoCuadro;LlevaCobro;bit;1;1
TipoDeficiencia;CodPais;char;0;3
TipoDeficiencia;Dealer;smallint;0;2
TipoDeficiencia;IdTipoDeficiencia;int;0;4
TipoDeficiencia;Descripcion;char;0;75
TipoDeficiencia;Porcentaje;real;0;4
TipoDevDesc;CodPais;char;0;3
TipoDevDesc;Dealer;int;0;4
TipoDevDesc;Codigo;smallint;0;2
TipoDevDesc;Descripcion;char;1;50
TipoDevDesc;Porcentaje;real;1;4
TipoDevDesc;Tipo;char;1;1
TipoDevDesc;CargoAbono;char;1;1
TipoDevDesc;CuentaContable;char;1;15
TipoDevDesc;Renta;bit;1;1
TipoDevDesc;Isss;bit;1;1
TipoDevDesc;Afp;bit;1;1
TipoDevDesc;Cooperativa;bit;1;1
TipoDevDesc;Clase;char;1;2
TipoDevDesc;Cxc;bit;1;1
TipoDevDesc;SubSidiado;bit;1;1
TipoDevDesc;CxpPrestamo;bit;1;1
TipoDevDesc;Cc;smallint;1;2
TipoDevDesc;RentaFijo;bit;1;1
TipoDevDesc;Exento;decimal;1;9
TipoDevDesc;DescBancario;bit;0;1
TipoDevDesc;ValorMensual;bit;0;1
TipoDevDesc;ValorAnualizado;bit;0;1
TipoDocID;CodPais;char;0;3
TipoDocID;Codigo;int;0;4
TipoDocID;TipoDoc;varchar;0;20
TipoDocID;Descripcion;varchar;0;50
TipoEnvio;CodPais;char;0;3
TipoEnvio;Dealer;smallint;0;2
TipoEnvio;idTipoRecibo;int;0;4
TipoEnvio;Descripcion;varchar;0;75
TipoFaltas;CodPais;char;0;3
TipoFaltas;Dealer;int;0;4
TipoFaltas;Codigo;smallint;0;2
TipoFaltas;Descripcion;char;0;20
TipoFaltas;AplicaExpulsion;bit;0;1
TipoGarantia;CodPais;char;0;3
TipoGarantia;Dealer;int;0;4
TipoGarantia;TipoGarantia;smallint;0;2
TipoGarantia;Descripcion;char;0;40
TipoGastosIndirect;CodPais;char;0;3
TipoGastosIndirect;Dealer;int;0;4
TipoGastosIndirect;Tipo;smallint;0;2
TipoGastosIndirect;Descripcion;char;0;100
TipoGastosIndirect;CuentaContable;char;0;15
TipoGastosIndirect;Clase;char;0;2
TipoGastosIndirect;Porcentaje;real;0;4
TipoGastosIndirect;CdeCosto;int;0;4
TipoInventario;CodPais;char;0;3
TipoInventario;Dealer;int;0;4
TipoInventario;Tipo;char;0;2
TipoInventario;Descripcion;char;1;75
TipoInventario;Linea;char;1;3
TipoNC;CodPais;char;0;3
TipoNC;Dealer;smallint;0;2
TipoNC;Tipo;char;0;4
TipoNC;Descripcion;char;0;15
TipoNegocio;CodPais;char;0;3
TipoNegocio;Dealer;int;0;4
TipoNegocio;TipoNegocio;int;0;4
TipoNegocio;Descripcion;char;0;50
TipoOrden;CodPais;char;0;3
TipoOrden;Dealer;int;0;4
TipoOrden;Tipo;char;0;2
TipoOrden;Descripcion;char;1;25
TipoOrden;Formulado;bit;1;1
TipoOrden;Serie;char;0;20
TipoOrden;Ultimo;int;0;4
TipoOrdenProd;CodPais;char;0;3
TipoOrdenProd;Dealer;int;0;4
TipoOrdenProd;TipoOrden;char;0;2
TipoOrdenProd;Descripcion;char;0;25
TipoParentesco;CodPais;char;0;3
TipoParentesco;Dealer;int;0;4
TipoParentesco;Codigo;smallint;0;2
TipoParentesco;Descripcion;char;0;25
TipoPlanilla;CodPais;char;0;3
TipoPlanilla;Dealer;int;0;4
TipoPlanilla;Tipo;smallint;0;2
TipoPlanilla;Descripcion;nchar;1;60
TipoPlanilla;ISR;smallint;0;2
TipoRecibo;CodPais;char;0;3
TipoRecibo;Dealer;smallint;0;2
TipoRecibo;idTipoRecibo;int;0;4
TipoRecibo;Descripcion;varchar;0;75
TipoRequisicion;CodPais;char;0;3
TipoRequisicion;Dealer;int;0;4
TipoRequisicion;Tipo;smallint;0;2
TipoRequisicion;Descripcion;char;0;40
TipoRequisicion;Correlativo;int;0;4
TipoRetDesc;CodPais;char;0;3
TipoRetDesc;Dealer;int;0;4
TipoRetDesc;Tipo;smallint;0;2
TipoRetDesc;Descripcion;char;0;40
TIPOS_CLIENTE;CodPais;char;0;3
TIPOS_CLIENTE;Dealer;int;0;4
TIPOS_CLIENTE;Tipo;smallint;0;2
TIPOS_CLIENTE;Descripcion;char;0;20
TIPOS_CLIENTE;Factor_Precio_Venta;float;0;8
TIPOS_CLIENTE;Porcentaje;real;0;4
TIPOS_CLIENTE;Habilitado;bit;0;1
TiposCreditos;Codigo;char;0;2
TiposCreditos;Descripcion;char;0;50
TiposCreditos;NumeroCuotas;float;0;8
TiposCreditos;Interes;float;0;8
TiposCreditos;InteresXCouta;float;1;8
TipoServicio;CodPais;char;0;3
TipoServicio;Dealer;smallint;0;2
TipoServicio;TipoServicio;char;0;3
TipoServicio;Descripcion;char;0;75
TipoValor;CodPais;char;0;3
TipoValor;Dealer;int;0;4
TipoValor;Tipo;smallint;0;2
TipoValor;Descripcion;char;0;25
TipoVendedor;CodPais;char;0;3
TipoVendedor;Dealer;int;0;4
TipoVendedor;Tipo;char;0;4
TipoVendedor;Descripcion;char;1;15
TipoVendedor;CCosto;int;1;4
TipoVendedor;Cons;char;1;1
TituloObtenido;CodPais;char;0;3
TituloObtenido;Dealer;int;0;4
TituloObtenido;Titulo;smallint;0;2
TituloObtenido;Descripcion;char;0;50
TituloOC;CodPais;char;0;3
TituloOC;Dealer;int;0;4
TituloOC;Tda;char;0;7
TituloOC;Codigo;int;0;4
TituloOC;Descripcion;char;1;60
TituloOC;a1;char;0;50
TituloOC;a2;char;0;50
TituloOC;a3;char;0;50
TituloOC;a4;char;0;50
TituloOC;a5;char;0;50
TituloOC;a6;char;0;50
TituloOC;a7;char;0;50
TituloOC;a8;char;0;50
TituloOC;a9;char;0;50
TituloOC;a10;char;0;50
TITULOS_DOCENTES;CodPais;char;0;3
TITULOS_DOCENTES;Dealer;int;0;4
TITULOS_DOCENTES;CodDocente;char;0;13
TITULOS_DOCENTES;Nombre_Titulo;char;0;50
TITULOS_DOCENTES;Institucion_Educativa;char;0;50
TITULOS_DOCENTES;Fecha_Graduacion;datetime;0;8
TMotorista;Codigo;nvarchar;0;40
TMotorista;Nombre;nvarchar;0;120
TmpEmpDevDesc;Codigo;int;1;4
TmpEmpDevDesc;Empleado;char;1;150
TmpEmpDevDesc;Departamento;char;1;50
TmpEmpDevDesc;Concepto;char;1;60
TmpEmpDevDesc;Valor;decimal;1;9
TmpEmpDevDesc;LineaNo;int;0;4
TmpEmpDevDesc;Usuario;char;1;20
TokenAuth;CodPais;char;0;3
TokenAuth;Dealer;int;0;4
TokenAuth;Token;varchar;1;500
TokenAuth;Fecha;date;1;3
TokenAuth;Hora;char;1;6
TokenAuth;PassApi;varchar;0;50
TokenAuth;PassPub;varchar;0;50
TokenAuth;PassPriv;varchar;0;50
TokenAuth;ambiente;char;0;2
TokenAuth;NIT;varchar;0;20
Tokens;Token;nvarchar;0;400
Tokens;CodPais;char;1;3
Tokens;Dealer;int;1;4
Tokens;Activo;bit;1;1
TotalesMes;CodPais;char;0;3
TotalesMes;Dealer;int;0;4
TotalesMes;Mes;char;0;5
TotalesMes;NumeroImp;smallint;0;2
TotalesMes;VentasComerciales;decimal;0;9
TotalesMes;Cobros;decimal;0;9
TotalesMes;VentasBrutas;decimal;0;9
TotalesMes;VentasNetas;decimal;0;9
TotalesMes;CobroMenoresIguales30;decimal;0;9
TotalesMes;CobroMayores30Menores60;decimal;0;9
TotalesMes;CobrosMayores60;decimal;0;9
TotalesMes;ComisionImp;decimal;0;9
Transferencia;CodPais;char;0;3
Transferencia;Dealer;int;0;4
Transferencia;id;int;0;4
Transferencia;Tipo;char;0;5
Transferencia;Fecha;datetime;0;8
Transferencia;CtaOrigen;char;0;15
Transferencia;CtaDestino;char;0;15
Transferencia;Valor;decimal;0;9
Transferencia;Descripcion;char;0;100
Transferencia;Referencia;char;0;15
Transferencia;Usuario;char;0;15
Transferencia;Modificado;datetime;0;8
Transferencia;Cheque;int;0;4
Transferencia;Cargo;int;0;4
Transferencia;Abono;int;0;4
TransporteExp;CodPais;char;0;3
TransporteExp;Codigo;int;0;4
TransporteExp;Descripcion;varchar;1;20
TransportePesado;Codpais;char;0;3
TransportePesado;Dealer;int;0;4
TransportePesado;Numero;int;0;4
TransportePesado;Correlativo;int;0;4
TransportePesado;Tipo;char;0;1
TransportePesado;Fecha;datetime;0;8
TransportePesado;Cliente;char;0;10
TransportePesado;Despacho;int;0;4
TransportePesado;CantidadQQ;decimal;0;9
TransportePesado;TipoDespacho;char;0;30
TransportePesado;CodOrigen;smallint;0;2
TransportePesado;Origen;char;0;30
TransportePesado;CodDestino;smallint;0;2
TransportePesado;Destino;char;0;30
TransportePesado;KmSalida;decimal;0;9
TransportePesado;KmEntrada;decimal;0;9
TransportePesado;ValorViaje;decimal;0;9
TransportePesado;ValorCobrar;decimal;0;9
TransportePesado;Recargos;decimal;0;9
TransportePesado;Vehiculo;smallint;0;2
TransportePesado;Motorista;smallint;0;2
TransportePesado;Empleado;smallint;0;2
TransportePesado;Pedido;int;0;4
TransportePesado;TipoDoc;char;0;2
TransportePesado;DocNo;char;0;12
TransportePesado;GalonesDiesel;decimal;0;9
TransportePesado;Descripción;char;0;100
TranspParticular;CodPais;char;0;3
TranspParticular;Dealer;int;0;4
TranspParticular;Numero;smallint;0;2
TranspParticular;Nombres;char;0;60
TranspParticular;Direccion;char;0;50
TranspParticular;Telefono;char;0;7
TranspParticular;NoID;char;0;15
TranspParticular;FechaIngreso;datetime;0;8
TranspParticular;Nacionalidad;char;0;15
TranspParticular;LugarNacimiento;char;0;15
Traslado;CodPais;char;0;3
Traslado;Dealer;int;0;4
Traslado;Tda;char;0;7
Traslado;Serie;char;0;6
Traslado;TrasladoNo;int;0;4
Traslado;Fecha;datetime;0;8
Traslado;DeBodega;char;0;7
Traslado;ParaBodega;char;0;7
Traslado;Transporta;smallint;0;2
Traslado;Recibe;smallint;0;2
Traslado;Total;decimal;0;9
Traslado;UltimaLinea;smallint;0;2
Traslado;Justificacion;char;0;256
Traslado;Estatus;char;0;1
Traslado;EnvioNo;char;0;8
Traslado;Vehiculo;smallint;0;2
Traslado;UserCreador;char;0;20
Traslado;UserModify;char;0;20
Traslado;FechaNatural;datetime;0;8
Traslado;Sucursal;char;0;7
Traslado;ClienteNo;char;0;10
Traslado;IngBodega;int;1;4
Traslado;Vendedor;nchar;1;14
Traslado;Estatus2;char;1;1
Traslado;UserRecibe;char;1;20
Traslado;FechaRecibido;datetime;1;8
Traslado;HoraRecibido;nvarchar;1;20
Traslado;FechaNatRecibido;datetime;1;8
Traslado;ERPKey;nvarchar;1;100
Traslado;ClaseTraslado;char;1;2
Traslado;NoInventariar;smallint;1;2
Traslado;Cantidad;decimal;0;5
Traslado;Motorista;varchar;0;100
TrasladoAF;CodPais;char;0;3
TrasladoAF;Dealer;int;0;4
TrasladoAF;Traslado_No;float;0;8
TrasladoAF;Fecha;datetime;0;8
TrasladoAF;Ubicacion_Origen;smallint;0;2
TrasladoAF;Codigo_Origen;char;0;15
TrasladoAF;Ubicacion_Destino;smallint;0;2
TrasladoAF;Codigo_Destino;char;0;15
TrasladoAF;Cantidad;decimal;0;9
TrasladoAF;Valor_Original;decimal;0;9
TrasladoAF;Depreciacion_Acumulada;decimal;0;9
TrasladoAF;Saldo_a_la_fecha;decimal;0;9
TrasladoAF;Revaluo;decimal;0;9
TrasladoAF;Valor_Residual;decimal;0;9
TrasladoAF;Autorizado_por;char;0;25
TrasladoAF;Comentario;char;0;75
TrasladoTemp;Codpais;char;0;3
TrasladoTemp;Dealer;int;0;4
TrasladoTemp;Tda;char;0;7
TrasladoTemp;Serie;char;0;6
TrasladoTemp;TrasladoNo;int;0;4
TrasladoTemp;Fecha;datetime;0;8
TrasladoTemp;Transporta;int;0;4
TrasladoTemp;Motorista;varchar;0;100
TrasladoTemp;Justificacion;char;0;250
TrasladoTemp;DeBodega;char;0;7
TrasladoTemp;ParaBodega;char;0;7
TrasladoTemp;NoInventariar;smallint;0;2
TrasladoTemporal;CodPais;char;0;3
TrasladoTemporal;Dealer;int;0;4
TrasladoTemporal;Tda;char;0;7
TrasladoTemporal;Serie;char;0;6
TrasladoTemporal;TrasladoNo;int;0;4
TrasladoTemporal;LineaNo;smallint;0;2
TrasladoTemporal;Fecha;datetime;0;8
TrasladoTemporal;DeBodega;char;0;7
TrasladoTemporal;ParaBodega;char;0;7
TrasladoTemporal;Transporta;smallint;0;2
TrasladoTemporal;Motorista;varchar;0;100
TrasladoTemporal;Vehiculo;smallint;0;2
TrasladoTemporal;Justificacion;char;0;256
TrasladoTemporal;ClienteNo;char;0;10
TrasladoTemporal;Vendedor;nchar;1;14
TrasladoTemporal;Codigo;char;0;20
TrasladoTemporal;Cantidad;decimal;0;9
TrasladoTemporal;CostoUnitario;decimal;0;9
TrasladoTemporal;Estatus;char;0;1
TrasladoTemporal;Estatus2;char;1;1
TrasladoTemporal;Pendiente;smallint;1;2
TrasladoTemporal;Importar;smallint;1;2
Turno;CodPais;char;0;3
Turno;Dealer;int;0;4
Turno;Codigo;char;0;10
Turno;Descripcion;char;0;30
Turno;Break1;bit;0;1
Turno;Comida;bit;0;1
Turno;Break2;bit;0;1
Turno;DiasLaboralesPorSemana;smallint;0;2
Turno;HorasNocturnidad;smallint;0;2
Turno;Clase;char;0;2
UbicacionAF;CodPais;char;0;3
UbicacionAF;Dealer;int;0;4
UbicacionAF;Codigo;smallint;0;2
UbicacionAF;Descripcion;char;0;30
UbicacionAF;Cuenta_Depreciacion;char;0;15
UbicacionAF;Cuenta_Gastos;char;0;15
UbicacionAF;Encargado;char;0;50
UbicEntrega;CodPais;char;0;3
UbicEntrega;Dealer;smallint;0;2
UbicEntrega;Ubicacion;int;0;4
UbicEntrega;Descripcion;char;0;75
UbicEntregaVta;CodPais;char;0;3
UbicEntregaVta;Dealer;smallint;0;2
UbicEntregaVta;Ubicacion;int;0;4
UbicEntregaVta;Descripcion;char;0;75
Unidad;CodPais;char;0;3
Unidad;Dealer;int;0;4
Unidad;Codigo;char;0;2
Unidad;Descripcion;char;1;25
Unidad;Abr;char;0;3
Unidad;Abr2;char;0;5
Unidad;Activo;bit;0;1
UnidadProducto;CodPais;char;0;3
UnidadProducto;Dealer;int;0;4
UnidadProducto;Codigo;char;0;20
UnidadProducto;Tipo;char;0;2
UnidadProducto;Unidad;char;1;25
UnidadProducto;Cantidad;decimal;0;9
UnidadProducto;PorDefecto;bit;1;1
UnidadProducto;Compra;bit;0;1
UnidadProducto;UnidadxTarima;float;0;8
UserAccount;Codigo;int;0;4
UserAccount;Nombre;varchar;1;100
UserAccount;Pais;char;0;3
UserAccount;DealerNo;int;1;4
UserAccount;UserNo;int;1;4
UserAccount;Email;varchar;1;100
UserAccount;Programa;char;1;1
UserContact;CodPais;char;0;3
UserContact;Dealer;int;0;4
UserContact;Usuario;char;0;10
UserContact;Tipo;char;0;3
UserContact;Nombre;char;0;100
UserContact;Email;char;0;256
UserContact;Empresa;char;0;75
UserContact;TelNo1;char;0;11
UserContact;TelNo2;char;0;11
UserContact;FaxNo;char;0;11
UserContact;Movil1;char;0;11
UserContact;Movil2;char;0;11
UserDump;ID;int;0;4
UserDump;Tipo;char;1;10
UserDump;Usuario;char;0;130
UserDump;Nombre;char;0;130
UserDump;Grupo;char;0;30
UserDump;Derecho;char;0;30
UserGroup;GrupoCliente;int;0;4
UserGroup;ParentIDGRP;char;0;20
UserGroup;UniqueIDGRP;char;0;20
UserGroup;UserIDGRP;char;0;130
UserGroup;GroupGRP;char;0;30
UserGroup;CreadoPor;char;0;20
UserGroup;ModificadoPor;char;0;20
UserGroup;FechaCreado;datetime;0;8
UserGroup;HoraCreado;char;0;10
UserGroup;FechaUpdate;char;0;20
UserGroup;HoraUpdate;char;0;10
UserLogins;LoginsId;char;0;20
UserLogins;Usuario;char;0;130
UserLogins;Nombre;char;0;130
UserLogins;Estatus;char;0;1
UserLogins;Password;char;0;20
UserLogins;NumeroGrupos;smallint;0;2
UserLogins;NumeroDerechos;smallint;0;2
UserLogins;Otros;char;0;300
UserLogins;UserAdmin;smallint;1;2
UserLogins;GrupoCliente;int;1;4
UserLogins;VigenciaClave;datetime;0;8
UserLogins;CreadoPor;char;0;20
UserLogins;ModificadoPor;nchar;1;20
UserLogins;FechaCreado;datetime;0;8
UserLogins;HoraCreado;char;0;8
UserLogins;FechaUpdate;datetime;0;8
UserLogins;HoraUpdate;char;0;8
UserLogins;Region;char;0;2
UserLogins;PrimerCambioClave;bit;0;1
UserPrint;CodPais;char;0;3
UserPrint;Dealer;int;0;4
UserPrint;Tda;char;0;7
UserPrint;Usuario;char;0;20
UserPrint;Terminal;int;0;4
UserPrint;Doc;char;0;2
UserPrint;Impresora;char;0;75
UserPrint;Papel;char;0;50
UserPrint;Formato;int;0;4
UserPrint;ImpresoraTicket;varchar;0;75
UserRights;CodPais;char;0;3
UserRights;Dealer;int;0;4
UserRights;ParentIDRGT;char;0;20
UserRights;UniqueIDRGT;char;0;20
UserRights;UserIDRGT;char;0;130
UserRights;RightRGT;char;0;30
UserRights;CreadoPor;char;0;30
UserRights;ModificadoPor;char;0;30
UserRights;FechaCreado;datetime;0;8
UserRights;HoraCreado;char;0;10
UserRights;FechaUpdate;char;0;20
UserRights;HoraUpdate;char;0;10
Users;UserID;char;0;30
Users;UserName;char;0;30
Users;UserInfo;char;0;256
Users;EncryptedPassword;char;0;44
Users;LastPasswordChange;datetime;1;8
Users;Inactive;bit;0;1
UsoOrdenCompra;CodPais;char;0;3
UsoOrdenCompra;Dealer;int;0;4
UsoOrdenCompra;Tda;char;0;7
UsoOrdenCompra;OrdenNo;int;0;4
UsoOrdenCompra;LineaNo;int;0;4
UsoOrdenCompra;Fecha;datetime;0;8
UsoOrdenCompra;Codigo;char;0;20
UsoOrdenCompra;Descripcion;char;0;100
UsoOrdenCompra;Cantidad;decimal;0;9
UsoOrdenCompra;PrecioUnitario;decimal;0;9
UsoOrdenCompra;Importe;decimal;0;9
UsoOrdenCompra;Proveedor;char;0;14
UsoOrdenCompra;TipoUnidad;char;0;2
UsoOrdenCompra;CantidadPedida;decimal;0;9
USUARIOS;CodPais;char;0;3
USUARIOS;Dealer;int;0;4
USUARIOS;Usuario;char;0;20
USUARIOS;Pass;char;0;20
USUARIOS;Nombre;char;0;100
USUARIOS;Cargo;char;0;100
Vacacion;CodPais;char;0;3
Vacacion;Dealer;int;0;4
Vacacion;DesdeAnyos;real;0;4
Vacacion;HastaAnyos;real;0;4
Vacacion;Porcentaje;real;0;4
Vacacion;Dias;smallint;0;2
ValeCaja;CodPais;char;0;3
ValeCaja;Dealer;smallint;0;2
ValeCaja;Tda;char;0;7
ValeCaja;Serie;char;0;10
ValeCaja;NoVale;int;0;4
ValeCaja;Cajero;char;0;7
ValeCaja;Fecha;datetime;0;8
ValeCaja;Nombre;char;0;75
ValeCaja;Descripcion;char;0;150
ValeCaja;Valor;float;0;8
ValeCaja;Autorizado;char;0;50
ValeCaja;Estatus;char;0;2
ValeCaja;IdAnticipo;int;0;4
ValeCajaChica;CodPais;char;0;3
ValeCajaChica;Dealer;int;0;4
ValeCajaChica;Tda;char;0;7
ValeCajaChica;ValeNo;int;0;4
ValeCajaChica;LiquidadorNo;char;0;4
ValeCajaChica;Fecha;datetime;0;8
ValeCajaChica;Rubro;smallint;0;2
ValeCajaChica;CCosto;smallint;0;2
ValeCajaChica;Nombre;varchar;0;250
ValeCajaChica;Concepto;varchar;0;250
ValeCajaChica;Valor;decimal;0;9
ValeCajaChica;Estatus;char;0;10
ValeSubsidio;CodPais;char;0;3
ValeSubsidio;Dealer;int;0;4
ValeSubsidio;Empresa;smallint;0;2
ValeSubsidio;Empleado;char;0;12
ValeSubsidio;ValeNo;int;0;4
ValeSubsidio;Fecha;date;1;3
ValeSubsidio;Descripcion;char;0;150
ValeSubsidio;Valor;decimal;0;9
ValeSubsidio;Autorizado;char;0;50
ValeSubsidio;Estatus;char;0;2
ValidezCotizacion;CodPais;char;0;3
ValidezCotizacion;Dealer;int;0;4
ValidezCotizacion;Codigo;char;0;1
ValidezCotizacion;Descripcion;char;0;50
VALORES_A_DISTRIBUIR;CodPais;char;0;3
VALORES_A_DISTRIBUIR;Dealer;int;0;4
VALORES_A_DISTRIBUIR;Fecha_aplicacion;datetime;0;8
VALORES_A_DISTRIBUIR;Tipo_orden;char;0;2
VALORES_A_DISTRIBUIR;Valor_distribuir;float;0;8
VALORES_A_DISTRIBUIR;UE_produccion;float;0;8
VALORES_A_DISTRIBUIR;Equivalentes_totales;float;0;8
ValoresDistribuir;CodPais;char;0;3
ValoresDistribuir;Dealer;smallint;0;2
ValoresDistribuir;Fecha;datetime;0;8
ValoresDistribuir;TipoOrden;char;0;2
ValoresDistribuir;Valor;decimal;0;9
ValoresDistribuir;UEProduccion;decimal;0;9
ValoresDistribuir;EquivalentesTotales;decimal;0;9
ValorRecibido;CodPais;char;0;3
ValorRecibido;Dealer;int;0;4
ValorRecibido;Tda;char;0;7
ValorRecibido;Fecha;datetime;0;8
ValorRecibido;LiqNo;int;0;4
ValorRecibido;Cajero;char;0;4
ValorRecibido;Cliente;char;0;10
ValorRecibido;ChequeNo;char;0;20
ValorRecibido;FechaCobro;datetime;0;8
ValorRecibido;Valor;decimal;0;9
ValorRecibido;Tipo;smallint;0;2
ValorRecibido;CuentaRemesado;char;0;15
ValorRecibido;Banco;char;1;30
ValorRecibido;FechaVenc;datetime;1;8
ValorRecibido;NoCta;char;1;25
ValorRecibido;Cancelado;bit;1;1
ValorRecibido;Saldo;decimal;1;9
ValorRecibido;EntregaNo;int;1;4
ValRecibido;CodPais;char;0;3
ValRecibido;Dealer;int;0;4
ValRecibido;Tda;char;0;7
ValRecibido;Fecha;datetime;0;8
ValRecibido;LiqNo;int;0;4
ValRecibido;Cajero;char;0;4
ValRecibido;Cliente;char;0;10
ValRecibido;ChequeNo;char;0;10
ValRecibido;FechaCobro;datetime;0;8
ValRecibido;Valor;decimal;0;9
ValRecibido;Tipo;smallint;0;2
ValRecibido;CuentaRemesado;char;0;15
ValRecibido;Banco;char;1;30
ValRecibido;FechaVenc;datetime;1;8
ValRecibido;NoCta;char;1;25
ValRecibido;Cancelado;bit;1;1
ValRecibido;Saldo;decimal;1;9
ValRecibido;EntregaNo;int;1;4
ValRecTemp;CodPais;char;0;3
ValRecTemp;Dealer;int;0;4
ValRecTemp;Tda;char;0;7
ValRecTemp;Fecha;datetime;0;8
ValRecTemp;LiqNo;int;0;4
ValRecTemp;Cajero;char;0;4
ValRecTemp;Cliente;char;0;10
ValRecTemp;ChequeNo;char;0;20
ValRecTemp;FechaCobro;datetime;0;8
ValRecTemp;Valor;decimal;0;9
ValRecTemp;Tipo;smallint;0;2
ValRecTemp;CuentaRemesado;char;0;15
ValRecTemp;Banco;char;0;30
ValRecTemp;FechaVenc;datetime;0;8
ValRecTemp;NoCta;char;0;25
ValRecTemp;Cancelado;bit;0;1
ValRecTemp;Saldo;decimal;0;9
ValRecTemp;EntregaNo;int;0;4
ValRecTemp;No;int;0;4
Vapor;CodPais;char;0;3
Vapor;Dealer;smallint;0;2
Vapor;CodigoVapor;smallint;0;2
Vapor;Descripcion;char;0;25
VehiculoParticular;CodPais;char;0;3
VehiculoParticular;Dealer;int;0;4
VehiculoParticular;Codigo;smallint;0;2
VehiculoParticular;Placa;char;0;15
VehiculoParticular;Marca;char;0;15
VehiculoParticular;Toneladas;smallint;0;2
VehiculoPropietario;CodPais;char;0;3
VehiculoPropietario;Propietario;char;0;2
VehiculoPropietario;Nombre;char;0;20
Vehiculos;CodPais;char;0;3
Vehiculos;Dealer;int;0;4
Vehiculos;Codigo;int;0;4
Vehiculos;Placa;char;0;15
Vehiculos;Motorista;int;0;4
Vehiculos;Marca;char;0;15
Vehiculos;Motor;char;0;20
Vehiculos;Toneladas;int;0;4
Vehiculos;Capacidad;decimal;0;5
Vehiculos;FleteKM;decimal;0;5
Vehiculos;Factor;decimal;0;5
Vehiculos;CdeCosto;int;0;4
Vehiculos;CargaDescarga;decimal;0;5
Vehiculos;Activo;bit;1;1
Vehiculos;Propietario;char;1;2
VEND_USER;Usuario;char;0;10
VEND_USER;Vendedor;char;0;4
VEND_USER;Telred;char;0;4
VEND_USER;Hi_res;bit;0;1
Vendedor;CodPais;char;0;3
Vendedor;Dealer;int;0;4
Vendedor;Vendedor;char;0;7
Vendedor;Nombre;char;0;75
Vendedor;PorcentComision;decimal;0;9
Vendedor;Cuota;decimal;0;9
Vendedor;CuentaFactura;char;0;15
Vendedor;CuentaLetra;char;0;15
Vendedor;TipoCliente;int;0;4
Vendedor;Empleado;int;0;4
Vendedor;TipoVendedor;char;0;4
Vendedor;Supervisor;int;0;4
Vendedor;Activo;bit;0;1
Vendedor;Correlativo;int;0;4
Vendedor;UAct;char;0;14
Vendedor;UltimoPedido;int;0;4
Vendedor;Telefono;char;0;11
Vendedor;TipoComision;smallint;0;2
Vendedor;CorreoElectronico;char;0;256
Vendedor;TipoDocRes;char;0;10
Vendedor;DocID;varchar;0;20
VendExp;CodPais;char;0;3
VendExp;Dealer;int;0;4
VendExp;Vendedor;char;0;7
VendExp;Nombre;char;0;75
VendExp;PorcentComision;decimal;0;9
VendExp;Cuota;decimal;0;9
VendExp;CuentaFactura;char;0;15
VendExp;CuentaLetra;char;0;15
VendExp;TipoCliente;int;0;4
VendExp;Empleado;int;0;4
VendExp;TipoVendedor;char;0;4
VendExp;Supervisor;int;0;4
VendExp;Activo;bit;0;1
VendExp;Correlativo;int;0;4
VendExp;UAct;char;0;14
VendExp;UltimoPedido;int;0;4
VendExp;Telefono;char;0;11
VendExp;TipoComision;smallint;0;2
VendExp;CorreoElectronico;char;0;256
VendExp;TipoDocRes;char;0;10
VendExp;DocID;varchar;0;20
VendSucursal;CodPais;char;0;3
VendSucursal;Dealer;int;0;4
VendSucursal;Sucursal;char;0;7
VendSucursal;Vendedor;char;0;7
VendSucursal;Activo;bit;1;1
VendUser;CodPais;char;0;3
VendUser;Dealer;int;0;4
VendUser;Usuario;char;0;20
VendUser;Vendedor;char;0;7
VendUser;Telred;char;0;4
VendUser;HiRes;bit;0;1
VendUser;UAct;char;0;14
VentaAF;CodPais;char;0;3
VentaAF;Dealer;int;0;4
VentaAF;Ubicacion;smallint;0;2
VentaAF;Codigo;char;0;15
VentaAF;Fecha;datetime;0;8
VentaAF;Cantidad;decimal;0;9
VentaAF;Valor_Original;decimal;0;9
VentaAF;Depreciacion_Acumulada;decimal;0;9
VentaAF;Revaluo;decimal;0;9
VentaAF;Saldo_a_la_fecha;decimal;0;9
VentaAF;Valor_Residual;decimal;0;9
VentaAF;Partida;char;0;5
VentasPerdidas;CodPais;char;0;3
VentasPerdidas;Dealer;int;0;4
VentasPerdidas;Tda;char;0;7
VentasPerdidas;Codigo;char;0;20
VentasPerdidas;Fecha;datetime;0;8
VentasPerdidas;Hora;char;0;10
VentasPerdidas;Cantidad;decimal;0;9
VentasPerdidas;Vendedor;char;0;7
VentasPerdidas;Comentario;varchar;0;50
VERIKARDEX;Bodega;char;0;4
VERIKARDEX;Codigo;char;0;12
VERIKARDEX;Fecha;datetime;0;8
VERIKARDEX;Documento;char;0;15
VERIKARDEX;Serie;char;0;6
VERIKARDEX;Ingreso_Egreso;char;0;1
VERIKARDEX;Verificado;bit;0;1
VERIKARDEX;Diferencia;float;0;8
VERIKARDEX;Usuario;char;0;10
VtaGastosProy;CodPais;char;0;3
VtaGastosProy;Dealer;int;0;4
VtaGastosProy;Tda;char;0;7
VtaGastosProy;ReporteNo;int;0;4
VtaGastosProy;Corr;int;0;4
VtaGastosProy;Descripcion;char;0;75
VtaGastosProy;Valor;float;0;8
VtaGastosProy;PrecioVta;float;0;8
VtaMatEquPro;CodPais;char;0;3
VtaMatEquPro;Dealer;int;0;4
VtaMatEquPro;Tda;char;0;7
VtaMatEquPro;ReporteNo;int;0;4
VtaMatEquPro;Corr;int;0;4
VtaMatEquPro;Bodega;char;0;7
VtaMatEquPro;Codigo;char;0;20
VtaMatEquPro;Descripcion;char;0;75
VtaMatEquPro;Cantidad;float;0;8
VtaMatEquPro;CostoUnitario;float;0;8
VtaMatEquPro;CostoTotal;float;0;8
VtaMatEquPro;PrecioUnitario;float;0;8
VtaMatEquPro;PrecioTotal;float;0;8
VtaMatEquPro;Tipo;char;0;2
VtaMatEquPro;Proveedor;char;0;14
VtaMatEquPro;Marca;char;0;20
VtaMatEquPro;MatEqu;bit;0;1
VtaMatEquPro;Cotizacion;char;0;200
VtaMatEquPro;Existencia;float;0;8
VtaMatEquPro;ExistPrep;bit;0;1
VtaMatEquPro;SolCompra;float;0;8
VtaMatEquPro;SolCompraPrep;bit;0;1
VtaMatEquPro;Autorizado;bit;0;1
VtaMatEquPro;AdiExi1;float;1;8
VtaMatEquPro;PreAdiExi1;bit;1;1
VtaMatEquPro;AdiComp1;float;1;8
VtaMatEquPro;PreAdiComp1;bit;1;1
VtaMatEquPro;AdiExi2;float;1;8
VtaMatEquPro;PreAdiExi2;bit;1;1
VtaMatEquPro;AdiComp2;float;1;8
VtaMatEquPro;PreAdiComp2;bit;1;1
VtaMatEquPro;ExistAprob;float;1;8
VtaMatEquPro;cesc;float;1;8
VtaMatEquPro;cescTotal;float;1;8
VtaMDOPro;CodPais;char;0;3
VtaMDOPro;Dealer;int;0;4
VtaMDOPro;Tda;char;0;7
VtaMDOPro;ReporteNo;int;0;4
VtaMDOPro;Corr;int;0;4
VtaMDOPro;Descripcion;char;0;75
VtaMDOPro;Tiempo;float;0;8
VtaMDOPro;Unitario;float;0;8
VtaMDOPro;Costo;float;0;8
VtaMDOPro;PrecioVta;float;0;8
Wallet;CodPais;char;0;3
Wallet;Dealer;int;0;4
Wallet;No;int;0;4
Wallet;ClienteNo;char;1;10
Wallet;Tda;char;1;7
Wallet;TdaDoc;char;1;7
Wallet;TipoDoc;char;1;2
Wallet;Serie;char;1;20
Wallet;DocNo;int;1;4
Wallet;Cajero;char;1;7
Wallet;Fecha;date;1;3
Wallet;Valor;decimal;1;9
Wallet;Liquidado;bit;0;1
WebService;CodPais;char;0;3
WebService;Dealer;int;0;4
WebService;No;int;0;4
WebService;Nombre;char;0;50
WebService;Descripcion;char;0;100
WebService;URL;char;0;250
WebService;Metodo;char;0;10
WebService;ContentType;char;0;25
WebService;Timeout;int;0;4
WebService;Activo;bit;0;1
WSHeader;CodPais;char;0;3
WSHeader;Dealer;int;0;4
WSHeader;No;int;0;4
WSHeader;Propiedad;char;0;25
WSHeader;Valor;char;0;500
WSHeader;Modificable;bit;0;1
WSHeader;Orden;int;0;4
WSRequest;CodPais;char;0;3
WSRequest;Dealer;int;0;4
WSRequest;No;int;0;4
WSRequest;Propiedad;char;0;25
WSRequest;Valor;char;0;250
WSRequest;Modificable;bit;0;1
WSRequest;Orden;int;0;4
WSResponse;CodPais;char;0;3
WSResponse;Dealer;int;0;4
WSResponse;No;int;0;4
WSResponse;Propiedad;char;0;25
WSResponse;Valor;char;0;250
WSResponse;Correcto;bit;0;1
Zona;CodPais;char;0;3
Zona;Zona;smallint;0;2
Zona;Descripcion;char;0;60
Zona;Supervisor;smallint;0;2
ZonaGeografica;CodPais;char;0;3
ZonaGeografica;Dealer;int;0;4
ZonaGeografica;Numero;smallint;0;2
ZonaGeografica;Nombre;char;0;25
ZonaGeografica;Zona;smallint;0;2
ZonaGeografica;CtaContableVta;char;0;15
ZonaGeografica;CtaContableRebaja;char;0;15
ZONAS;CodPais;char;0;3
ZONAS;Zona;smallint;0;2
ZONAS;Descripcion;char;0;60
ZONAS;Supervisor;smallint;0;2
